event_id,event_type,timestamp,amount,customer_id,failure_reason,attempt_count,days_since_last_attempt,customer_history_summary,total_past_payments,past_successful_payments,past_recovery_rate,archetype,did_recover,recovery_probability,recommended_action,policy_decision,executed_action,outcome,revenue_recovered,reasoning_text
ed6651c3-bd54-414b-878e-9c207df23612,overdue_invoice,2026-08-05T04:42:56.758348+00:00,98005.83,cust_slow_b_3001,overdue,2,6.51,"{""total_past_payments"": 12, ""past_successful_payments"": 9, ""past_recovery_rate"": 0.75}",12,9,0.75,slow_but_reliable_payer,1,0.7872,REMINDER,APPROVED,REMINDER,SUCCESS,98005.83,"The invoice of ₹98,005.83 INR is overdue with 2 previous attempt(s). The customer has a solid historical recovery rate of 75.0%, indicating willingness to pay once notified. Sending a formal payment reminder notice is the most effective approach to prompt settlement."
53d9a8cc-e6c1-4fd1-b9c5-9b89fc5c137c,payment_failure,2026-07-23T09:32:38.406642+00:00,1233.39,cust_reliab_4362,insufficient_funds,2,0.56,"{""total_past_payments"": 18, ""past_successful_payments"": 17, ""past_recovery_rate"": 0.9444}",18,17,0.9444,reliable_temporary_glitch,1,0.8662,RETRY,APPROVED,RETRY,SUCCESS,1233.39,The failure reason 'insufficient_funds' appears transient with an estimated recovery probability of 97.0%. The customer maintains a healthy historical success rate of 94.4% across 18 past payments. An automated payment gateway retry within standard cooldown limits is recommended.
c1ec2720-7771-4009-bb00-c2c951bbf123,subscription_failure,2026-08-15T01:14:46.367359+00:00,6983.62,cust_chroni_3370,card_declined,5,5.65,"{""total_past_payments"": 2, ""past_successful_payments"": 0, ""past_recovery_rate"": 0.0}",2,0,0.0,chronic_failer,0,0.0568,STOP,APPROVED,STOP,NO_ACTION,0.0,"The predicted recovery probability is extremely low (5.0%), indicating high likelihood of permanent failure. Given 5 prior failed attempt(s) and poor past payment performance, continuing automated attempts would incur unnecessary fees and annoy the customer. We recommend halting all recovery efforts for this invoice."
4550f746-6e49-42d8-bc68-216cb290bab3,payment_failure,2026-08-17T13:49:58.300521+00:00,2994.29,cust_chroni_1858,insufficient_funds,4,4.53,"{""total_past_payments"": 2, ""past_successful_payments"": 0, ""past_recovery_rate"": 0.0}",2,0,0.0,chronic_failer,0,0.0697,STOP,APPROVED,STOP,NO_ACTION,0.0,"The predicted recovery probability is extremely low (8.7%), indicating high likelihood of permanent failure. Given 4 prior failed attempt(s) and poor past payment performance, continuing automated attempts would incur unnecessary fees and annoy the customer. We recommend halting all recovery efforts for this invoice."
c335cb79-8cb7-4218-9285-f64b226cbd26,overdue_invoice,2026-08-19T14:58:09.836676+00:00,50344.77,cust_slow_b_4629,overdue,2,17.83,"{""total_past_payments"": 7, ""past_successful_payments"": 6, ""past_recovery_rate"": 0.8571}",7,6,0.8571,slow_but_reliable_payer,0,0.7258,REMINDER,APPROVED,REMINDER,FAILED,0.0,"The invoice of ₹50,344.77 INR is overdue with 2 previous attempt(s). The customer has a solid historical recovery rate of 85.7%, indicating willingness to pay once notified. Sending a formal payment reminder notice is the most effective approach to prompt settlement."
8b07573c-e122-486a-942d-22bf49f79f5b,payment_failure,2026-08-07T18:56:26.054285+00:00,96762.36,cust_slow_b_2768,overdue,1,29.96,"{""total_past_payments"": 16, ""past_successful_payments"": 13, ""past_recovery_rate"": 0.8125}",16,13,0.8125,slow_but_reliable_payer,1,0.8215,PAYMENT_LINK,APPROVED,PAYMENT_LINK,SUCCESS,96762.36,"This is a high-value transaction of ₹96,762.36 INR that requires customer-initiated 2FA authentication. Automated gateway retries frequently fail for transactions of this scale due to bank security policies. Sending a secure payment link directly to the customer provides a seamless authentication flow and yields optimal recovery."
0986ebb6-432b-4ade-a54d-257a9d96b13a,checkout_abandonment,2026-08-19T02:33:43.354124+00:00,7475.84,cust_checko_9984,abandoned,1,0.55,"{""total_past_payments"": 9, ""past_successful_payments"": 5, ""past_recovery_rate"": 0.5556}",9,5,0.5556,checkout_abandoner,0,0.7133,REMINDER,APPROVED,REMINDER,FAILED,0.0,"The customer abandoned checkout for an order worth ₹7,475.84 INR. Since no transaction was submitted to the payment gateway, automated retries are inapplicable. We recommend sending a targeted checkout reminder notice with an instant payment link."
9471f164-4951-4bc6-88a9-5ad1640a1bfa,payment_failure,2026-08-08T14:59:15.619046+00:00,11999.89,cust_reliab_4522,network_error,1,1.72,"{""total_past_payments"": 45, ""past_successful_payments"": 43, ""past_recovery_rate"": 0.9556}",45,43,0.9556,reliable_temporary_glitch,1,0.7883,RETRY,APPROVED,RETRY,SUCCESS,11999.89,The failure reason 'network_error' appears transient with an estimated recovery probability of 83.4%. The customer maintains a healthy historical success rate of 95.6% across 45 past payments. An automated payment gateway retry within standard cooldown limits is recommended.
dec91492-478e-49d2-b39b-e92475475a5e,subscription_failure,2026-07-27T16:59:21.640958+00:00,114714.29,cust_high_v_5176,network_error,3,0.74,"{""total_past_payments"": 18, ""past_successful_payments"": 12, ""past_recovery_rate"": 0.6667}",18,12,0.6667,high_value_link_responder,0,0.5198,PAYMENT_LINK,APPROVED,PAYMENT_LINK,FAILED,0.0,"This is a high-value transaction of ₹114,714.29 INR that requires customer-initiated 2FA authentication. Automated gateway retries frequently fail for transactions of this scale due to bank security policies. Sending a secure payment link directly to the customer provides a seamless authentication flow and yields optimal recovery."
9d73affc-1f98-40bc-af48-cc32fadeaea2,payment_failure,2026-08-18T17:36:19.847979+00:00,1900.18,cust_reliab_6400,insufficient_funds,2,1.64,"{""total_past_payments"": 45, ""past_successful_payments"": 39, ""past_recovery_rate"": 0.8667}",45,39,0.8667,reliable_temporary_glitch,1,0.9723,RETRY,APPROVED,RETRY,SUCCESS,1900.18,The failure reason 'insufficient_funds' appears transient with an estimated recovery probability of 99.9%. The customer maintains a healthy historical success rate of 86.7% across 45 past payments. An automated payment gateway retry within standard cooldown limits is recommended.
53f26bc7-286b-4fec-9159-a5e5b159e83a,payment_failure,2026-07-24T07:07:03.651538+00:00,3498.91,cust_chroni_9313,insufficient_funds,3,6.81,"{""total_past_payments"": 11, ""past_successful_payments"": 2, ""past_recovery_rate"": 0.1818}",11,2,0.1818,chronic_failer,0,0.2036,STOP,APPROVED,STOP,NO_ACTION,0.0,"The predicted recovery probability is extremely low (2.3%), indicating high likelihood of permanent failure. Given 3 prior failed attempt(s) and poor past payment performance, continuing automated attempts would incur unnecessary fees and annoy the customer. We recommend halting all recovery efforts for this invoice."
676e83ef-d15e-4c77-955f-af16e0f788a2,payment_failure,2026-08-10T12:05:14.028417+00:00,196586.27,cust_high_v_1430,insufficient_funds,3,1.07,"{""total_past_payments"": 18, ""past_successful_payments"": 15, ""past_recovery_rate"": 0.8333}",18,15,0.8333,high_value_link_responder,1,0.5862,PAYMENT_LINK,APPROVED,PAYMENT_LINK,SUCCESS,196586.27,"This is a high-value transaction of ₹196,586.27 INR that requires customer-initiated 2FA authentication. Automated gateway retries frequently fail for transactions of this scale due to bank security policies. Sending a secure payment link directly to the customer provides a seamless authentication flow and yields optimal recovery."
c37a465d-8b38-4db8-b3f4-4c0fa7859dd6,subscription_failure,2026-08-20T15:53:05.626308+00:00,4462.42,cust_reliab_3347,insufficient_funds,2,1.85,"{""total_past_payments"": 32, ""past_successful_payments"": 27, ""past_recovery_rate"": 0.8438}",32,27,0.8438,reliable_temporary_glitch,1,0.9377,RETRY,APPROVED,RETRY,SUCCESS,4462.42,The failure reason 'insufficient_funds' appears transient with an estimated recovery probability of 90.5%. The customer maintains a healthy historical success rate of 84.4% across 32 past payments. An automated payment gateway retry within standard cooldown limits is recommended.
ebfb836d-564d-47dc-9990-9a25c7b10975,payment_failure,2026-07-30T03:31:50.584507+00:00,3619.43,cust_reliab_6314,network_error,2,0.96,"{""total_past_payments"": 20, ""past_successful_payments"": 18, ""past_recovery_rate"": 0.9}",20,18,0.9,reliable_temporary_glitch,1,0.8163,RETRY,APPROVED,RETRY,SUCCESS,3619.43,The failure reason 'network_error' appears transient with an estimated recovery probability of 99.2%. The customer maintains a healthy historical success rate of 90.0% across 20 past payments. An automated payment gateway retry within standard cooldown limits is recommended.
ee35ac92-c605-44fe-abb3-23ec6136b01a,overdue_invoice,2026-08-19T22:51:10.193538+00:00,24166.89,cust_slow_b_7947,overdue,3,6.24,"{""total_past_payments"": 6, ""past_successful_payments"": 5, ""past_recovery_rate"": 0.8333}",6,5,0.8333,slow_but_reliable_payer,1,0.6222,REMINDER,APPROVED,REMINDER,SUCCESS,24166.89,"The invoice of ₹24,166.89 INR is overdue with 3 previous attempt(s). The customer has a solid historical recovery rate of 83.3%, indicating willingness to pay once notified. Sending a formal payment reminder notice is the most effective approach to prompt settlement."
951bf1ae-f355-4cb1-ada5-915953fb797c,subscription_failure,2026-08-08T15:11:36.133873+00:00,88730.46,cust_high_v_1744,card_declined,3,1.98,"{""total_past_payments"": 21, ""past_successful_payments"": 17, ""past_recovery_rate"": 0.8095}",21,17,0.8095,high_value_link_responder,1,0.8117,PAYMENT_LINK,APPROVED,PAYMENT_LINK,SUCCESS,88730.46,"This is a high-value transaction of ₹88,730.46 INR that requires customer-initiated 2FA authentication. Automated gateway retries frequently fail for transactions of this scale due to bank security policies. Sending a secure payment link directly to the customer provides a seamless authentication flow and yields optimal recovery."
e9824405-39db-4025-a508-caf8bba640be,subscription_failure,2026-08-15T09:32:47.533321+00:00,7573.53,cust_chroni_1126,card_declined,4,5.58,"{""total_past_payments"": 11, ""past_successful_payments"": 2, ""past_recovery_rate"": 0.1818}",11,2,0.1818,chronic_failer,0,0.0295,STOP,APPROVED,STOP,NO_ACTION,0.0,"The predicted recovery probability is extremely low (0.5%), indicating high likelihood of permanent failure. Given 4 prior failed attempt(s) and poor past payment performance, continuing automated attempts would incur unnecessary fees and annoy the customer. We recommend halting all recovery efforts for this invoice."
7f873a8f-4cfe-4df8-9ff7-f8caedf51b08,payment_failure,2026-08-04T18:27:00.784240+00:00,175310.84,cust_high_v_1307,card_declined,2,0.68,"{""total_past_payments"": 28, ""past_successful_payments"": 17, ""past_recovery_rate"": 0.6071}",28,17,0.6071,high_value_link_responder,1,0.267,PAYMENT_LINK,APPROVED,PAYMENT_LINK,SUCCESS,175310.84,"This is a high-value transaction of ₹175,310.84 INR that requires customer-initiated 2FA authentication. Automated gateway retries frequently fail for transactions of this scale due to bank security policies. Sending a secure payment link directly to the customer provides a seamless authentication flow and yields optimal recovery."
a8ac928e-79c4-46df-a563-2b84319dbb5d,checkout_abandonment,2026-08-08T15:38:47.401568+00:00,5121.08,cust_checko_6321,abandoned,2,1.01,"{""total_past_payments"": 6, ""past_successful_payments"": 1, ""past_recovery_rate"": 0.1667}",6,1,0.1667,checkout_abandoner,0,0.6635,REMINDER,APPROVED,REMINDER,FAILED,0.0,"The customer abandoned checkout for an order worth ₹5,121.08 INR. Since no transaction was submitted to the payment gateway, automated retries are inapplicable. We recommend sending a targeted checkout reminder notice with an instant payment link."
d70babc6-9034-4685-a5be-0278771e0eeb,subscription_failure,2026-08-08T10:17:55.339025+00:00,2035.02,cust_reliab_6083,network_error,2,1.22,"{""total_past_payments"": 43, ""past_successful_payments"": 37, ""past_recovery_rate"": 0.8605}",43,37,0.8605,reliable_temporary_glitch,1,0.9572,RETRY,APPROVED,RETRY,SUCCESS,2035.02,The failure reason 'network_error' appears transient with an estimated recovery probability of 95.5%. The customer maintains a healthy historical success rate of 86.1% across 43 past payments. An automated payment gateway retry within standard cooldown limits is recommended.
dd949db3-0d08-4be0-b32b-0097b6ad1715,checkout_abandonment,2026-08-19T05:44:16.925263+00:00,7763.74,cust_checko_3419,abandoned,1,2.74,"{""total_past_payments"": 5, ""past_successful_payments"": 2, ""past_recovery_rate"": 0.4}",5,2,0.4,checkout_abandoner,1,0.0082,STOP,APPROVED,STOP,NO_ACTION,0.0,"The predicted recovery probability is extremely low (3.7%), indicating high likelihood of permanent failure. Given 1 prior failed attempt(s) and poor past payment performance, continuing automated attempts would incur unnecessary fees and annoy the customer. We recommend halting all recovery efforts for this invoice."
021ab5f4-20dd-4e67-8c03-72ed8403a864,overdue_invoice,2026-08-01T20:45:52.916414+00:00,25943.15,cust_slow_b_8354,overdue,3,17.35,"{""total_past_payments"": 22, ""past_successful_payments"": 20, ""past_recovery_rate"": 0.9091}",22,20,0.9091,slow_but_reliable_payer,1,0.8965,REMINDER,APPROVED,REMINDER,SUCCESS,25943.15,"The invoice of ₹25,943.15 INR is overdue with 3 previous attempt(s). The customer has a solid historical recovery rate of 90.9%, indicating willingness to pay once notified. Sending a formal payment reminder notice is the most effective approach to prompt settlement."
6fe7daa0-28d9-4502-a260-0bcb4ac855bf,subscription_failure,2026-07-22T22:25:41.463155+00:00,2721.02,cust_chroni_5961,expired_card,5,1.91,"{""total_past_payments"": 4, ""past_successful_payments"": 1, ""past_recovery_rate"": 0.25}",4,1,0.25,chronic_failer,0,0.0327,STOP,APPROVED,STOP,NO_ACTION,0.0,"The predicted recovery probability is extremely low (5.0%), indicating high likelihood of permanent failure. Given 5 prior failed attempt(s) and poor past payment performance, continuing automated attempts would incur unnecessary fees and annoy the customer. We recommend halting all recovery efforts for this invoice."
d1e271e0-e475-44c4-928c-ae9e9d8913f0,payment_failure,2026-08-20T09:39:14.291172+00:00,5846.7,cust_reliab_9307,network_error,2,0.25,"{""total_past_payments"": 15, ""past_successful_payments"": 14, ""past_recovery_rate"": 0.9333}",15,14,0.9333,reliable_temporary_glitch,1,0.9937,RETRY,APPROVED,RETRY,SUCCESS,5846.7,The failure reason 'network_error' appears transient with an estimated recovery probability of 98.7%. The customer maintains a healthy historical success rate of 93.3% across 15 past payments. An automated payment gateway retry within standard cooldown limits is recommended.
74a1aa71-d9d9-41b3-9564-5e2a03cd241c,checkout_abandonment,2026-07-30T08:42:28.921812+00:00,923.81,cust_checko_2013,abandoned,1,1.1,"{""total_past_payments"": 7, ""past_successful_payments"": 3, ""past_recovery_rate"": 0.4286}",7,3,0.4286,checkout_abandoner,0,0.8099,REMINDER,APPROVED,REMINDER,FAILED,0.0,"The customer abandoned checkout for an order worth ₹923.81 INR. Since no transaction was submitted to the payment gateway, automated retries are inapplicable. We recommend sending a targeted checkout reminder notice with an instant payment link."
eacd3cfb-48b2-411d-9893-5ecbb7078bc8,subscription_failure,2026-08-02T03:31:10.851462+00:00,505.31,cust_chroni_3600,card_declined,6,6.95,"{""total_past_payments"": 18, ""past_successful_payments"": 4, ""past_recovery_rate"": 0.2222}",18,4,0.2222,chronic_failer,0,0.127,STOP,APPROVED,STOP,NO_ACTION,0.0,"The predicted recovery probability is extremely low (10.1%), indicating high likelihood of permanent failure. Given 6 prior failed attempt(s) and poor past payment performance, continuing automated attempts would incur unnecessary fees and annoy the customer. We recommend halting all recovery efforts for this invoice."
4c90c805-09ce-46d3-89f0-9366c8a3b945,subscription_failure,2026-07-29T07:06:59.539731+00:00,10344.02,cust_reliab_2548,network_error,1,1.6,"{""total_past_payments"": 31, ""past_successful_payments"": 27, ""past_recovery_rate"": 0.871}",31,27,0.871,reliable_temporary_glitch,1,0.9346,RETRY,APPROVED,RETRY,SUCCESS,10344.02,The failure reason 'network_error' appears transient with an estimated recovery probability of 89.6%. The customer maintains a healthy historical success rate of 87.1% across 31 past payments. An automated payment gateway retry within standard cooldown limits is recommended.
cfb344f2-af2e-45a1-9c1d-b1ad0e5be484,subscription_failure,2026-08-03T10:47:11.762713+00:00,2680.41,cust_reliab_6082,card_declined,1,1.21,"{""total_past_payments"": 19, ""past_successful_payments"": 19, ""past_recovery_rate"": 1.0}",19,19,1.0,reliable_temporary_glitch,0,0.8134,RETRY,APPROVED,RETRY,FAILED,0.0,The failure reason 'card_declined' appears transient with an estimated recovery probability of 71.6%. The customer maintains a healthy historical success rate of 100.0% across 19 past payments. An automated payment gateway retry within standard cooldown limits is recommended.
ee847cca-bca1-4dda-a654-2c681cce3516,checkout_abandonment,2026-08-03T16:18:05.408358+00:00,11283.93,cust_checko_3093,abandoned,2,1.76,"{""total_past_payments"": 10, ""past_successful_payments"": 6, ""past_recovery_rate"": 0.6}",10,6,0.6,checkout_abandoner,0,0.3448,REMINDER,APPROVED,REMINDER,FAILED,0.0,"The customer abandoned checkout for an order worth ₹11,283.93 INR. Since no transaction was submitted to the payment gateway, automated retries are inapplicable. We recommend sending a targeted checkout reminder notice with an instant payment link."
cd88c4e1-94f4-45dd-a3bb-0cd8039d63c3,overdue_invoice,2026-08-02T03:35:35.936393+00:00,48106.57,cust_slow_b_4509,overdue,2,5.46,"{""total_past_payments"": 13, ""past_successful_payments"": 10, ""past_recovery_rate"": 0.7692}",13,10,0.7692,slow_but_reliable_payer,1,0.861,REMINDER,APPROVED,REMINDER,SUCCESS,48106.57,"The invoice of ₹48,106.57 INR is overdue with 2 previous attempt(s). The customer has a solid historical recovery rate of 76.9%, indicating willingness to pay once notified. Sending a formal payment reminder notice is the most effective approach to prompt settlement."
7d6c477c-d53c-4ad7-a2d7-4fa211b9a3a8,checkout_abandonment,2026-07-22T12:44:52.869842+00:00,2239.62,cust_checko_9843,abandoned,2,2.56,"{""total_past_payments"": 1, ""past_successful_payments"": 0, ""past_recovery_rate"": 0.0}",1,0,0.0,checkout_abandoner,1,0.3349,REMINDER,APPROVED,REMINDER,SUCCESS,2239.62,"The customer abandoned checkout for an order worth ₹2,239.62 INR. Since no transaction was submitted to the payment gateway, automated retries are inapplicable. We recommend sending a targeted checkout reminder notice with an instant payment link."
4cc8a71b-c178-4a18-8342-ac921c956737,overdue_invoice,2026-08-17T14:22:33.156362+00:00,43904.79,cust_slow_b_3712,overdue,1,9.52,"{""total_past_payments"": 23, ""past_successful_payments"": 21, ""past_recovery_rate"": 0.913}",23,21,0.913,slow_but_reliable_payer,0,0.8234,REMINDER,APPROVED,REMINDER,FAILED,0.0,"The invoice of ₹43,904.79 INR is overdue with 1 previous attempt(s). The customer has a solid historical recovery rate of 91.3%, indicating willingness to pay once notified. Sending a formal payment reminder notice is the most effective approach to prompt settlement."
2b5899d9-cdce-455b-ac4a-268f34167985,payment_failure,2026-07-30T22:37:46.205289+00:00,243157.44,cust_high_v_4833,card_declined,3,1.21,"{""total_past_payments"": 28, ""past_successful_payments"": 23, ""past_recovery_rate"": 0.8214}",28,23,0.8214,high_value_link_responder,0,0.7992,PAYMENT_LINK,APPROVED,PAYMENT_LINK,FAILED,0.0,"This is a high-value transaction of ₹243,157.44 INR that requires customer-initiated 2FA authentication. Automated gateway retries frequently fail for transactions of this scale due to bank security policies. Sending a secure payment link directly to the customer provides a seamless authentication flow and yields optimal recovery."
eb2ea156-dcd5-452b-9a83-d322bfd93906,checkout_abandonment,2026-08-10T11:53:08.508041+00:00,11389.35,cust_checko_9239,abandoned,2,1.49,"{""total_past_payments"": 4, ""past_successful_payments"": 2, ""past_recovery_rate"": 0.5}",4,2,0.5,checkout_abandoner,0,0.3415,REMINDER,APPROVED,REMINDER,FAILED,0.0,"The customer abandoned checkout for an order worth ₹11,389.35 INR. Since no transaction was submitted to the payment gateway, automated retries are inapplicable. We recommend sending a targeted checkout reminder notice with an instant payment link."
918f3642-86a7-41e7-9c60-6ffe60cec0b9,subscription_failure,2026-07-28T11:49:28.362765+00:00,1279.51,cust_chroni_2680,insufficient_funds,5,1.31,"{""total_past_payments"": 17, ""past_successful_payments"": 5, ""past_recovery_rate"": 0.2941}",17,5,0.2941,chronic_failer,0,0.0894,ESCALATE,APPROVED,ESCALATE,PENDING,0.0,"Automated recovery has failed after 5 attempts for this transaction of ₹1,279.51 INR. With ML recovery probability estimated at 55.6%, automated retries have diminishing returns. Escalating to a human customer success representative is recommended for personalized outreach."
3d36ac00-5342-4eb3-bee1-4ea8f7d34ac2,payment_failure,2026-08-08T01:13:16.852565+00:00,140504.37,cust_high_v_6727,card_declined,2,0.73,"{""total_past_payments"": 12, ""past_successful_payments"": 10, ""past_recovery_rate"": 0.8333}",12,10,0.8333,high_value_link_responder,0,0.8025,PAYMENT_LINK,APPROVED,PAYMENT_LINK,FAILED,0.0,"This is a high-value transaction of ₹140,504.37 INR that requires customer-initiated 2FA authentication. Automated gateway retries frequently fail for transactions of this scale due to bank security policies. Sending a secure payment link directly to the customer provides a seamless authentication flow and yields optimal recovery."
c629bd5b-3e8a-4dbe-a494-52447f9a1275,checkout_abandonment,2026-08-10T07:28:44.095717+00:00,4910.22,cust_checko_6221,abandoned,1,1.25,"{""total_past_payments"": 0, ""past_successful_payments"": 0, ""past_recovery_rate"": 0.0}",0,0,0.0,checkout_abandoner,0,0.7724,REMINDER,APPROVED,REMINDER,FAILED,0.0,"The customer abandoned checkout for an order worth ₹4,910.22 INR. Since no transaction was submitted to the payment gateway, automated retries are inapplicable. We recommend sending a targeted checkout reminder notice with an instant payment link."
2f5d2e5e-5622-4aaa-a109-7b188c492ce8,overdue_invoice,2026-08-12T22:10:40.873951+00:00,84678.54,cust_slow_b_1086,overdue,3,25.78,"{""total_past_payments"": 19, ""past_successful_payments"": 15, ""past_recovery_rate"": 0.7895}",19,15,0.7895,slow_but_reliable_payer,0,0.9078,REMINDER,APPROVED,REMINDER,FAILED,0.0,"The invoice of ₹84,678.54 INR is overdue with 3 previous attempt(s). The customer has a solid historical recovery rate of 79.0%, indicating willingness to pay once notified. Sending a formal payment reminder notice is the most effective approach to prompt settlement."
a02f7a0b-6de9-4f5f-a1d8-b9d7f39bea22,checkout_abandonment,2026-08-17T01:04:37.419439+00:00,11309.61,cust_checko_2996,abandoned,2,0.51,"{""total_past_payments"": 4, ""past_successful_payments"": 1, ""past_recovery_rate"": 0.25}",4,1,0.25,checkout_abandoner,0,0.4169,REMINDER,BLOCKED: max_daily_contact_attempts_per_customer,STOP,NO_ACTION,0.0,"The customer abandoned checkout for an order worth ₹11,309.61 INR. Since no transaction was submitted to the payment gateway, automated retries are inapplicable. We recommend sending a targeted checkout reminder notice with an instant payment link."
dbb1662b-e72f-4bcc-9a11-f1ed4707fcde,payment_failure,2026-07-25T09:01:31.544164+00:00,159266.28,cust_high_v_3352,card_declined,1,2.08,"{""total_past_payments"": 23, ""past_successful_payments"": 15, ""past_recovery_rate"": 0.6522}",23,15,0.6522,high_value_link_responder,1,0.8098,PAYMENT_LINK,APPROVED,PAYMENT_LINK,SUCCESS,159266.28,"This is a high-value transaction of ₹159,266.28 INR that requires customer-initiated 2FA authentication. Automated gateway retries frequently fail for transactions of this scale due to bank security policies. Sending a secure payment link directly to the customer provides a seamless authentication flow and yields optimal recovery."
1ad235b5-5625-4245-a412-3bf6f58a4377,overdue_invoice,2026-08-04T09:51:11.919876+00:00,26858.25,cust_slow_b_9618,overdue,3,7.14,"{""total_past_payments"": 15, ""past_successful_payments"": 11, ""past_recovery_rate"": 0.7333}",15,11,0.7333,slow_but_reliable_payer,1,0.7931,REMINDER,APPROVED,REMINDER,SUCCESS,26858.25,"The invoice of ₹26,858.25 INR is overdue with 3 previous attempt(s). The customer has a solid historical recovery rate of 73.3%, indicating willingness to pay once notified. Sending a formal payment reminder notice is the most effective approach to prompt settlement."
dfa88687-310e-43ce-bafe-eabc3899b890,payment_failure,2026-08-20T05:23:11.041781+00:00,6109.78,cust_reliab_2106,insufficient_funds,2,0.58,"{""total_past_payments"": 11, ""past_successful_payments"": 10, ""past_recovery_rate"": 0.9091}",11,10,0.9091,reliable_temporary_glitch,1,0.9884,RETRY,APPROVED,RETRY,SUCCESS,6109.78,The failure reason 'insufficient_funds' appears transient with an estimated recovery probability of 99.3%. The customer maintains a healthy historical success rate of 90.9% across 11 past payments. An automated payment gateway retry within standard cooldown limits is recommended.
4c85d574-279e-4e43-9f94-a4b50211e05c,subscription_failure,2026-07-29T09:15:00.710126+00:00,5934.46,cust_chroni_3868,expired_card,5,1.8,"{""total_past_payments"": 13, ""past_successful_payments"": 3, ""past_recovery_rate"": 0.2308}",13,3,0.2308,chronic_failer,0,0.181,ESCALATE,APPROVED,ESCALATE,PENDING,0.0,"Automated recovery has failed after 5 attempts for this transaction of ₹5,934.46 INR. With ML recovery probability estimated at 80.9%, automated retries have diminishing returns. Escalating to a human customer success representative is recommended for personalized outreach."
6d17e1c1-296a-4e1a-85c6-4cbc6eca60bd,payment_failure,2026-08-17T11:38:14.381365+00:00,5785.15,cust_chroni_4268,card_declined,6,1.22,"{""total_past_payments"": 8, ""past_successful_payments"": 1, ""past_recovery_rate"": 0.125}",8,1,0.125,chronic_failer,0,0.0127,STOP,APPROVED,STOP,NO_ACTION,0.0,"The predicted recovery probability is extremely low (9.8%), indicating high likelihood of permanent failure. Given 6 prior failed attempt(s) and poor past payment performance, continuing automated attempts would incur unnecessary fees and annoy the customer. We recommend halting all recovery efforts for this invoice."
35c6d747-233a-43b4-81f7-b3e369faa239,payment_failure,2026-08-09T14:00:35.519496+00:00,12323.39,cust_reliab_1783,network_error,2,0.58,"{""total_past_payments"": 22, ""past_successful_payments"": 20, ""past_recovery_rate"": 0.9091}",22,20,0.9091,reliable_temporary_glitch,1,0.9006,RETRY,APPROVED,RETRY,SUCCESS,12323.39,The failure reason 'network_error' appears transient with an estimated recovery probability of 99.8%. The customer maintains a healthy historical success rate of 90.9% across 22 past payments. An automated payment gateway retry within standard cooldown limits is recommended.
5124f610-7942-4e09-94ad-a911569f9606,payment_failure,2026-07-30T05:32:58.699136+00:00,7178.17,cust_chroni_9151,insufficient_funds,6,3.03,"{""total_past_payments"": 7, ""past_successful_payments"": 1, ""past_recovery_rate"": 0.1429}",7,1,0.1429,chronic_failer,0,0.0418,STOP,APPROVED,STOP,NO_ACTION,0.0,"The predicted recovery probability is extremely low (0.4%), indicating high likelihood of permanent failure. Given 6 prior failed attempt(s) and poor past payment performance, continuing automated attempts would incur unnecessary fees and annoy the customer. We recommend halting all recovery efforts for this invoice."
ef589cb9-7d19-48e7-b815-1fb03740eef9,subscription_failure,2026-08-19T01:15:03.246657+00:00,6655.25,cust_reliab_6262,network_error,2,1.24,"{""total_past_payments"": 21, ""past_successful_payments"": 19, ""past_recovery_rate"": 0.9048}",21,19,0.9048,reliable_temporary_glitch,1,0.9556,RETRY,APPROVED,RETRY,SUCCESS,6655.25,The failure reason 'network_error' appears transient with an estimated recovery probability of 96.6%. The customer maintains a healthy historical success rate of 90.5% across 21 past payments. An automated payment gateway retry within standard cooldown limits is recommended.
7eb385c5-0f24-4347-8c57-373d24a20e8f,payment_failure,2026-08-16T12:44:49.022664+00:00,3662.49,cust_chroni_8126,expired_card,6,1.25,"{""total_past_payments"": 13, ""past_successful_payments"": 3, ""past_recovery_rate"": 0.2308}",13,3,0.2308,chronic_failer,0,0.0134,STOP,APPROVED,STOP,NO_ACTION,0.0,"The predicted recovery probability is extremely low (3.2%), indicating high likelihood of permanent failure. Given 6 prior failed attempt(s) and poor past payment performance, continuing automated attempts would incur unnecessary fees and annoy the customer. We recommend halting all recovery efforts for this invoice."
efdb29f5-a319-4bae-9f56-dfc40ed7bc90,payment_failure,2026-08-19T06:42:05.572217+00:00,67376.13,cust_slow_b_1510,insufficient_funds,2,17.83,"{""total_past_payments"": 25, ""past_successful_payments"": 18, ""past_recovery_rate"": 0.72}",25,18,0.72,slow_but_reliable_payer,0,0.8047,PAYMENT_LINK,APPROVED,PAYMENT_LINK,FAILED,0.0,"This is a high-value transaction of ₹67,376.13 INR that requires customer-initiated 2FA authentication. Automated gateway retries frequently fail for transactions of this scale due to bank security policies. Sending a secure payment link directly to the customer provides a seamless authentication flow and yields optimal recovery."
185d6656-ddee-4769-9a2b-ca50ef627149,payment_failure,2026-07-29T04:12:00.423743+00:00,3057.36,cust_chroni_8371,card_declined,6,6.7,"{""total_past_payments"": 3, ""past_successful_payments"": 1, ""past_recovery_rate"": 0.3333}",3,1,0.3333,chronic_failer,0,0.0067,STOP,APPROVED,STOP,NO_ACTION,0.0,"The predicted recovery probability is extremely low (0.3%), indicating high likelihood of permanent failure. Given 6 prior failed attempt(s) and poor past payment performance, continuing automated attempts would incur unnecessary fees and annoy the customer. We recommend halting all recovery efforts for this invoice."
5218a4a9-2ff3-4f51-8589-bb71a28eb726,payment_failure,2026-08-04T07:30:27.022438+00:00,4329.79,cust_chroni_2858,expired_card,6,2.89,"{""total_past_payments"": 10, ""past_successful_payments"": 1, ""past_recovery_rate"": 0.1}",10,1,0.1,chronic_failer,0,0.0103,STOP,APPROVED,STOP,NO_ACTION,0.0,"The predicted recovery probability is extremely low (0.1%), indicating high likelihood of permanent failure. Given 6 prior failed attempt(s) and poor past payment performance, continuing automated attempts would incur unnecessary fees and annoy the customer. We recommend halting all recovery efforts for this invoice."
f4471294-477f-4767-a4d5-13a0d8953d63,subscription_failure,2026-07-29T06:45:24.330572+00:00,5691.49,cust_chroni_9047,card_declined,4,6.98,"{""total_past_payments"": 11, ""past_successful_payments"": 3, ""past_recovery_rate"": 0.2727}",11,3,0.2727,chronic_failer,0,0.1221,STOP,APPROVED,STOP,NO_ACTION,0.0,"The predicted recovery probability is extremely low (4.2%), indicating high likelihood of permanent failure. Given 4 prior failed attempt(s) and poor past payment performance, continuing automated attempts would incur unnecessary fees and annoy the customer. We recommend halting all recovery efforts for this invoice."
3cb72960-de00-4851-8d9e-c13de43342e0,payment_failure,2026-08-16T08:25:06.976446+00:00,5764.29,cust_chroni_2063,card_declined,3,5.86,"{""total_past_payments"": 12, ""past_successful_payments"": 3, ""past_recovery_rate"": 0.25}",12,3,0.25,chronic_failer,0,0.1064,STOP,APPROVED,STOP,NO_ACTION,0.0,"The predicted recovery probability is extremely low (4.0%), indicating high likelihood of permanent failure. Given 3 prior failed attempt(s) and poor past payment performance, continuing automated attempts would incur unnecessary fees and annoy the customer. We recommend halting all recovery efforts for this invoice."
52134eb8-a9b6-49d7-ad9c-ae65bbd011d5,checkout_abandonment,2026-07-31T12:34:23.960435+00:00,2460.75,cust_checko_3275,abandoned,2,1.62,"{""total_past_payments"": 1, ""past_successful_payments"": 1, ""past_recovery_rate"": 1.0}",1,1,1.0,checkout_abandoner,1,0.7055,REMINDER,APPROVED,REMINDER,SUCCESS,2460.75,"The customer abandoned checkout for an order worth ₹2,460.75 INR. Since no transaction was submitted to the payment gateway, automated retries are inapplicable. We recommend sending a targeted checkout reminder notice with an instant payment link."
738e97cb-17e9-4ad8-996b-5b540802f8a8,overdue_invoice,2026-08-04T08:41:29.232663+00:00,52066.53,cust_slow_b_7523,overdue,3,8.24,"{""total_past_payments"": 6, ""past_successful_payments"": 4, ""past_recovery_rate"": 0.6667}",6,4,0.6667,slow_but_reliable_payer,1,0.3311,REMINDER,APPROVED,REMINDER,SUCCESS,52066.53,"The invoice of ₹52,066.53 INR is overdue with 3 previous attempt(s). The customer has a solid historical recovery rate of 66.7%, indicating willingness to pay once notified. Sending a formal payment reminder notice is the most effective approach to prompt settlement."
d143b993-a83c-4a9e-801f-ac0acabf7488,overdue_invoice,2026-08-19T07:37:50.424051+00:00,97514.18,cust_slow_b_6644,overdue,3,6.85,"{""total_past_payments"": 18, ""past_successful_payments"": 16, ""past_recovery_rate"": 0.8889}",18,16,0.8889,slow_but_reliable_payer,1,0.7454,REMINDER,APPROVED,REMINDER,SUCCESS,97514.18,"The invoice of ₹97,514.18 INR is overdue with 3 previous attempt(s). The customer has a solid historical recovery rate of 88.9%, indicating willingness to pay once notified. Sending a formal payment reminder notice is the most effective approach to prompt settlement."
237e2379-b711-4b0e-8ee2-5c623d69c904,subscription_failure,2026-08-03T21:31:30.984803+00:00,11632.83,cust_reliab_9488,insufficient_funds,1,0.92,"{""total_past_payments"": 13, ""past_successful_payments"": 13, ""past_recovery_rate"": 1.0}",13,13,1.0,reliable_temporary_glitch,1,0.6574,RETRY,APPROVED,RETRY,SUCCESS,11632.83,The failure reason 'insufficient_funds' appears transient with an estimated recovery probability of 96.6%. The customer maintains a healthy historical success rate of 100.0% across 13 past payments. An automated payment gateway retry within standard cooldown limits is recommended.
4518a8be-ac4e-4cc0-80c0-1f96ef5aa146,overdue_invoice,2026-07-24T07:16:48.961549+00:00,90543.33,cust_slow_b_5496,overdue,1,11.27,"{""total_past_payments"": 24, ""past_successful_payments"": 23, ""past_recovery_rate"": 0.9583}",24,23,0.9583,slow_but_reliable_payer,1,0.5336,REMINDER,APPROVED,REMINDER,SUCCESS,90543.33,"The invoice of ₹90,543.33 INR is overdue with 1 previous attempt(s). The customer has a solid historical recovery rate of 95.8%, indicating willingness to pay once notified. Sending a formal payment reminder notice is the most effective approach to prompt settlement."
df8fb386-ec13-4d3a-87aa-b271854403f5,payment_failure,2026-08-06T10:52:42.680792+00:00,2945.22,cust_reliab_6531,network_error,1,0.43,"{""total_past_payments"": 49, ""past_successful_payments"": 47, ""past_recovery_rate"": 0.9592}",49,47,0.9592,reliable_temporary_glitch,1,0.9536,RETRY,APPROVED,RETRY,SUCCESS,2945.22,The failure reason 'network_error' appears transient with an estimated recovery probability of 99.1%. The customer maintains a healthy historical success rate of 95.9% across 49 past payments. An automated payment gateway retry within standard cooldown limits is recommended.
bf8e36e4-418c-44de-a0f4-9b19b6655112,payment_failure,2026-08-02T06:53:04.193904+00:00,4698.82,cust_chroni_1496,card_declined,4,5.6,"{""total_past_payments"": 15, ""past_successful_payments"": 4, ""past_recovery_rate"": 0.2667}",15,4,0.2667,chronic_failer,0,0.228,STOP,APPROVED,STOP,NO_ACTION,0.0,"The predicted recovery probability is extremely low (1.4%), indicating high likelihood of permanent failure. Given 4 prior failed attempt(s) and poor past payment performance, continuing automated attempts would incur unnecessary fees and annoy the customer. We recommend halting all recovery efforts for this invoice."
bf502aec-f581-41ec-88b2-aa1a1c004a83,checkout_abandonment,2026-07-23T19:56:35.031465+00:00,6028.01,cust_checko_3589,abandoned,2,1.03,"{""total_past_payments"": 1, ""past_successful_payments"": 1, ""past_recovery_rate"": 1.0}",1,1,1.0,checkout_abandoner,1,0.8206,REMINDER,APPROVED,REMINDER,SUCCESS,6028.01,"The customer abandoned checkout for an order worth ₹6,028.01 INR. Since no transaction was submitted to the payment gateway, automated retries are inapplicable. We recommend sending a targeted checkout reminder notice with an instant payment link."
cc889ab0-eb7c-429f-b0c9-7c5bd2a2a31c,overdue_invoice,2026-07-30T23:30:35.673785+00:00,76077.98,cust_slow_b_9437,overdue,2,29.38,"{""total_past_payments"": 8, ""past_successful_payments"": 7, ""past_recovery_rate"": 0.875}",8,7,0.875,slow_but_reliable_payer,1,0.6075,REMINDER,APPROVED,REMINDER,SUCCESS,76077.98,"The invoice of ₹76,077.98 INR is overdue with 2 previous attempt(s). The customer has a solid historical recovery rate of 87.5%, indicating willingness to pay once notified. Sending a formal payment reminder notice is the most effective approach to prompt settlement."
aee3b0ee-e12d-4875-9e48-6fcc953f24ff,payment_failure,2026-08-13T12:09:05.691819+00:00,80781.75,cust_high_v_7850,network_error,1,0.63,"{""total_past_payments"": 17, ""past_successful_payments"": 15, ""past_recovery_rate"": 0.8824}",17,15,0.8824,high_value_link_responder,1,0.8529,PAYMENT_LINK,APPROVED,PAYMENT_LINK,SUCCESS,80781.75,"This is a high-value transaction of ₹80,781.75 INR that requires customer-initiated 2FA authentication. Automated gateway retries frequently fail for transactions of this scale due to bank security policies. Sending a secure payment link directly to the customer provides a seamless authentication flow and yields optimal recovery."
f7435fec-6670-4e22-8c54-92828ce0c6c6,overdue_invoice,2026-08-12T03:34:35.197137+00:00,78680.92,cust_slow_b_6055,overdue,2,29.9,"{""total_past_payments"": 18, ""past_successful_payments"": 15, ""past_recovery_rate"": 0.8333}",18,15,0.8333,slow_but_reliable_payer,1,0.4295,REMINDER,APPROVED,REMINDER,SUCCESS,78680.92,"The invoice of ₹78,680.92 INR is overdue with 2 previous attempt(s). The customer has a solid historical recovery rate of 83.3%, indicating willingness to pay once notified. Sending a formal payment reminder notice is the most effective approach to prompt settlement."
1339af46-1bda-4566-96bf-f3759d97eee7,checkout_abandonment,2026-08-07T19:31:30.447464+00:00,3230.42,cust_checko_8710,abandoned,2,0.34,"{""total_past_payments"": 4, ""past_successful_payments"": 2, ""past_recovery_rate"": 0.5}",4,2,0.5,checkout_abandoner,1,0.1774,REMINDER,BLOCKED: max_daily_contact_attempts_per_customer,STOP,NO_ACTION,0.0,"The customer abandoned checkout for an order worth ₹3,230.42 INR. Since no transaction was submitted to the payment gateway, automated retries are inapplicable. We recommend sending a targeted checkout reminder notice with an instant payment link."
f4e14233-88e6-48e2-b5e1-3c949b255473,overdue_invoice,2026-08-10T13:22:16.629730+00:00,46292.87,cust_slow_b_6939,overdue,1,15.01,"{""total_past_payments"": 22, ""past_successful_payments"": 18, ""past_recovery_rate"": 0.8182}",22,18,0.8182,slow_but_reliable_payer,1,0.8974,REMINDER,APPROVED,REMINDER,SUCCESS,46292.87,"The invoice of ₹46,292.87 INR is overdue with 1 previous attempt(s). The customer has a solid historical recovery rate of 81.8%, indicating willingness to pay once notified. Sending a formal payment reminder notice is the most effective approach to prompt settlement."
17704c5c-d45d-4f09-8ff7-ed250c59fb6f,payment_failure,2026-07-29T14:21:36.806714+00:00,2381.82,cust_chroni_6555,expired_card,3,1.77,"{""total_past_payments"": 5, ""past_successful_payments"": 1, ""past_recovery_rate"": 0.2}",5,1,0.2,chronic_failer,0,0.3635,STOP,APPROVED,STOP,NO_ACTION,0.0,"The predicted recovery probability is extremely low (12.6%), indicating high likelihood of permanent failure. Given 3 prior failed attempt(s) and poor past payment performance, continuing automated attempts would incur unnecessary fees and annoy the customer. We recommend halting all recovery efforts for this invoice."
3b43ace0-f448-4961-8b77-65228cc26319,payment_failure,2026-08-20T07:44:51.555283+00:00,1064.25,cust_reliab_9446,network_error,2,1.63,"{""total_past_payments"": 43, ""past_successful_payments"": 39, ""past_recovery_rate"": 0.907}",43,39,0.907,reliable_temporary_glitch,1,0.9878,RETRY,APPROVED,RETRY,SUCCESS,1064.25,The failure reason 'network_error' appears transient with an estimated recovery probability of 99.2%. The customer maintains a healthy historical success rate of 90.7% across 43 past payments. An automated payment gateway retry within standard cooldown limits is recommended.
3ee8c915-5dde-49c4-b0df-89f744b9bd21,subscription_failure,2026-08-09T17:48:13.980300+00:00,5008.7,cust_chroni_9721,card_declined,5,4.56,"{""total_past_payments"": 18, ""past_successful_payments"": 5, ""past_recovery_rate"": 0.2778}",18,5,0.2778,chronic_failer,0,0.1937,ESCALATE,APPROVED,ESCALATE,PENDING,0.0,"Automated recovery has failed after 5 attempts for this transaction of ₹5,008.70 INR. With ML recovery probability estimated at 28.9%, automated retries have diminishing returns. Escalating to a human customer success representative is recommended for personalized outreach."
f2e36d8d-24f6-48e5-bce2-d336af1f440e,payment_failure,2026-08-18T05:48:57.176096+00:00,3449.01,cust_chroni_5350,card_declined,5,5.78,"{""total_past_payments"": 2, ""past_successful_payments"": 0, ""past_recovery_rate"": 0.0}",2,0,0.0,chronic_failer,0,0.0113,STOP,APPROVED,STOP,NO_ACTION,0.0,"The predicted recovery probability is extremely low (0.9%), indicating high likelihood of permanent failure. Given 5 prior failed attempt(s) and poor past payment performance, continuing automated attempts would incur unnecessary fees and annoy the customer. We recommend halting all recovery efforts for this invoice."
cef82377-026a-4a20-8a85-d19178f88b7e,subscription_failure,2026-08-04T04:50:03.917987+00:00,5826.92,cust_chroni_4968,expired_card,6,2.02,"{""total_past_payments"": 14, ""past_successful_payments"": 1, ""past_recovery_rate"": 0.0714}",14,1,0.0714,chronic_failer,1,0.0022,STOP,APPROVED,STOP,NO_ACTION,0.0,"The predicted recovery probability is extremely low (3.1%), indicating high likelihood of permanent failure. Given 6 prior failed attempt(s) and poor past payment performance, continuing automated attempts would incur unnecessary fees and annoy the customer. We recommend halting all recovery efforts for this invoice."
2307351f-ecda-488b-8ead-552f93ae4f63,checkout_abandonment,2026-08-16T23:42:02.451032+00:00,8425.28,cust_checko_2020,abandoned,2,1.61,"{""total_past_payments"": 9, ""past_successful_payments"": 6, ""past_recovery_rate"": 0.6667}",9,6,0.6667,checkout_abandoner,0,0.5982,REMINDER,APPROVED,REMINDER,FAILED,0.0,"The customer abandoned checkout for an order worth ₹8,425.28 INR. Since no transaction was submitted to the payment gateway, automated retries are inapplicable. We recommend sending a targeted checkout reminder notice with an instant payment link."
653b9b81-605c-49dc-beb5-65933a583569,checkout_abandonment,2026-07-22T14:04:57.797178+00:00,5975.18,cust_checko_9734,abandoned,2,1.08,"{""total_past_payments"": 2, ""past_successful_payments"": 1, ""past_recovery_rate"": 0.5}",2,1,0.5,checkout_abandoner,0,0.9319,REMINDER,APPROVED,REMINDER,FAILED,0.0,"The customer abandoned checkout for an order worth ₹5,975.18 INR. Since no transaction was submitted to the payment gateway, automated retries are inapplicable. We recommend sending a targeted checkout reminder notice with an instant payment link."
8440739f-e81f-47b1-9bd8-4abacae36448,subscription_failure,2026-07-31T17:32:44.172495+00:00,4958.6,cust_chroni_4684,expired_card,4,6.74,"{""total_past_payments"": 10, ""past_successful_payments"": 2, ""past_recovery_rate"": 0.2}",10,2,0.2,chronic_failer,0,0.0995,STOP,APPROVED,STOP,NO_ACTION,0.0,"The predicted recovery probability is extremely low (1.2%), indicating high likelihood of permanent failure. Given 4 prior failed attempt(s) and poor past payment performance, continuing automated attempts would incur unnecessary fees and annoy the customer. We recommend halting all recovery efforts for this invoice."
a53583e8-f139-471f-a481-08ee44ef102e,payment_failure,2026-07-31T09:12:09.043819+00:00,72121.59,cust_slow_b_5480,overdue,2,12.93,"{""total_past_payments"": 15, ""past_successful_payments"": 13, ""past_recovery_rate"": 0.8667}",15,13,0.8667,slow_but_reliable_payer,1,0.8615,PAYMENT_LINK,APPROVED,PAYMENT_LINK,SUCCESS,72121.59,"This is a high-value transaction of ₹72,121.59 INR that requires customer-initiated 2FA authentication. Automated gateway retries frequently fail for transactions of this scale due to bank security policies. Sending a secure payment link directly to the customer provides a seamless authentication flow and yields optimal recovery."
1b79b697-954f-4ff7-b772-40b172bd17d8,subscription_failure,2026-08-11T04:14:03.194080+00:00,6229.9,cust_chroni_2294,card_declined,4,2.74,"{""total_past_payments"": 11, ""past_successful_payments"": 4, ""past_recovery_rate"": 0.3636}",11,4,0.3636,chronic_failer,0,0.0241,STOP,APPROVED,STOP,NO_ACTION,0.0,"The predicted recovery probability is extremely low (1.2%), indicating high likelihood of permanent failure. Given 4 prior failed attempt(s) and poor past payment performance, continuing automated attempts would incur unnecessary fees and annoy the customer. We recommend halting all recovery efforts for this invoice."
073f3785-b393-49ab-b0e6-b71ed53dea1f,checkout_abandonment,2026-08-07T03:47:38.822375+00:00,2783.89,cust_checko_4920,abandoned,2,2.81,"{""total_past_payments"": 4, ""past_successful_payments"": 1, ""past_recovery_rate"": 0.25}",4,1,0.25,checkout_abandoner,0,0.0339,STOP,APPROVED,STOP,NO_ACTION,0.0,"The predicted recovery probability is extremely low (16.6%), indicating high likelihood of permanent failure. Given 2 prior failed attempt(s) and poor past payment performance, continuing automated attempts would incur unnecessary fees and annoy the customer. We recommend halting all recovery efforts for this invoice."
b5f68a61-6763-47c3-ae03-ca9a49e1bc2f,payment_failure,2026-08-09T03:09:15.131325+00:00,186405.56,cust_high_v_3587,card_declined,1,2.2,"{""total_past_payments"": 9, ""past_successful_payments"": 5, ""past_recovery_rate"": 0.5556}",9,5,0.5556,high_value_link_responder,1,0.5598,STOP,APPROVED,STOP,NO_ACTION,0.0,"The predicted recovery probability is extremely low (9.2%), indicating high likelihood of permanent failure. Given 1 prior failed attempt(s) and poor past payment performance, continuing automated attempts would incur unnecessary fees and annoy the customer. We recommend halting all recovery efforts for this invoice."
34affaa6-aa1a-4897-ac30-73f1fa8db93a,subscription_failure,2026-08-07T04:58:05.707146+00:00,1755.76,cust_chroni_2465,insufficient_funds,5,2.93,"{""total_past_payments"": 3, ""past_successful_payments"": 1, ""past_recovery_rate"": 0.3333}",3,1,0.3333,chronic_failer,0,0.019,STOP,APPROVED,STOP,NO_ACTION,0.0,"The predicted recovery probability is extremely low (0.3%), indicating high likelihood of permanent failure. Given 5 prior failed attempt(s) and poor past payment performance, continuing automated attempts would incur unnecessary fees and annoy the customer. We recommend halting all recovery efforts for this invoice."
07628028-a3db-434c-8f70-674fc5b0da8a,subscription_failure,2026-07-24T21:16:19.746478+00:00,3459.5,cust_chroni_7504,card_declined,4,6.6,"{""total_past_payments"": 3, ""past_successful_payments"": 1, ""past_recovery_rate"": 0.3333}",3,1,0.3333,chronic_failer,0,0.0046,STOP,APPROVED,STOP,NO_ACTION,0.0,"The predicted recovery probability is extremely low (8.4%), indicating high likelihood of permanent failure. Given 4 prior failed attempt(s) and poor past payment performance, continuing automated attempts would incur unnecessary fees and annoy the customer. We recommend halting all recovery efforts for this invoice."
5a7a73bf-7094-4f63-a38d-5fd9c298ee9f,payment_failure,2026-07-26T08:40:54.816049+00:00,90130.07,cust_high_v_6489,insufficient_funds,1,0.52,"{""total_past_payments"": 23, ""past_successful_payments"": 18, ""past_recovery_rate"": 0.7826}",23,18,0.7826,high_value_link_responder,1,0.9006,PAYMENT_LINK,APPROVED,PAYMENT_LINK,SUCCESS,90130.07,"This is a high-value transaction of ₹90,130.07 INR that requires customer-initiated 2FA authentication. Automated gateway retries frequently fail for transactions of this scale due to bank security policies. Sending a secure payment link directly to the customer provides a seamless authentication flow and yields optimal recovery."
2d7b65cd-fc99-472f-bcdd-764980feb58f,payment_failure,2026-07-26T23:58:05.429757+00:00,3850.56,cust_chroni_8518,insufficient_funds,4,5.85,"{""total_past_payments"": 12, ""past_successful_payments"": 1, ""past_recovery_rate"": 0.0833}",12,1,0.0833,chronic_failer,0,0.0752,STOP,APPROVED,STOP,NO_ACTION,0.0,"The predicted recovery probability is extremely low (5.9%), indicating high likelihood of permanent failure. Given 4 prior failed attempt(s) and poor past payment performance, continuing automated attempts would incur unnecessary fees and annoy the customer. We recommend halting all recovery efforts for this invoice."
553f742f-ea62-43ff-af6e-d50556e31f9c,subscription_failure,2026-08-11T10:00:37.503335+00:00,91380.46,cust_high_v_7643,card_declined,3,2.39,"{""total_past_payments"": 10, ""past_successful_payments"": 8, ""past_recovery_rate"": 0.8}",10,8,0.8,high_value_link_responder,1,0.7824,PAYMENT_LINK,APPROVED,PAYMENT_LINK,SUCCESS,91380.46,"This is a high-value transaction of ₹91,380.46 INR that requires customer-initiated 2FA authentication. Automated gateway retries frequently fail for transactions of this scale due to bank security policies. Sending a secure payment link directly to the customer provides a seamless authentication flow and yields optimal recovery."
4b8b05fe-ab77-41fc-aa9a-b5dacf56954d,checkout_abandonment,2026-08-17T07:29:26.290521+00:00,4187.6,cust_checko_5374,abandoned,1,0.22,"{""total_past_payments"": 6, ""past_successful_payments"": 2, ""past_recovery_rate"": 0.3333}",6,2,0.3333,checkout_abandoner,0,0.3688,REMINDER,APPROVED,REMINDER,FAILED,0.0,"The customer abandoned checkout for an order worth ₹4,187.60 INR. Since no transaction was submitted to the payment gateway, automated retries are inapplicable. We recommend sending a targeted checkout reminder notice with an instant payment link."
6cb95f19-0beb-478d-b6f1-c521b9bef3dc,payment_failure,2026-08-21T04:29:50.849142+00:00,5298.73,cust_chroni_3616,expired_card,4,1.37,"{""total_past_payments"": 5, ""past_successful_payments"": 1, ""past_recovery_rate"": 0.2}",5,1,0.2,chronic_failer,0,0.0169,STOP,APPROVED,STOP,NO_ACTION,0.0,"The predicted recovery probability is extremely low (1.4%), indicating high likelihood of permanent failure. Given 4 prior failed attempt(s) and poor past payment performance, continuing automated attempts would incur unnecessary fees and annoy the customer. We recommend halting all recovery efforts for this invoice."
bccb2538-d68e-4f01-89bc-d30381ae8c81,subscription_failure,2026-08-18T00:11:30.658950+00:00,7345.82,cust_chroni_3188,card_declined,5,3.21,"{""total_past_payments"": 9, ""past_successful_payments"": 1, ""past_recovery_rate"": 0.1111}",9,1,0.1111,chronic_failer,0,0.0798,STOP,APPROVED,STOP,NO_ACTION,0.0,"The predicted recovery probability is extremely low (0.2%), indicating high likelihood of permanent failure. Given 5 prior failed attempt(s) and poor past payment performance, continuing automated attempts would incur unnecessary fees and annoy the customer. We recommend halting all recovery efforts for this invoice."
ba123862-c010-441a-8c77-bfc7e2b05638,checkout_abandonment,2026-08-10T07:43:16.681757+00:00,8557.42,cust_checko_5054,abandoned,2,2.32,"{""total_past_payments"": 10, ""past_successful_payments"": 6, ""past_recovery_rate"": 0.6}",10,6,0.6,checkout_abandoner,0,0.402,REMINDER,APPROVED,REMINDER,FAILED,0.0,"The customer abandoned checkout for an order worth ₹8,557.42 INR. Since no transaction was submitted to the payment gateway, automated retries are inapplicable. We recommend sending a targeted checkout reminder notice with an instant payment link."
58444356-eb77-466a-98d5-bfd7c054526a,payment_failure,2026-08-10T16:14:45.892983+00:00,231380.06,cust_high_v_4312,network_error,1,0.65,"{""total_past_payments"": 22, ""past_successful_payments"": 19, ""past_recovery_rate"": 0.8636}",22,19,0.8636,high_value_link_responder,1,0.8858,PAYMENT_LINK,APPROVED,PAYMENT_LINK,SUCCESS,231380.06,"This is a high-value transaction of ₹231,380.06 INR that requires customer-initiated 2FA authentication. Automated gateway retries frequently fail for transactions of this scale due to bank security policies. Sending a secure payment link directly to the customer provides a seamless authentication flow and yields optimal recovery."
588bd8aa-eec5-4a21-9cf4-f5c084e1c6dc,payment_failure,2026-08-05T22:05:06.997455+00:00,2185.48,cust_reliab_9361,network_error,1,1.46,"{""total_past_payments"": 41, ""past_successful_payments"": 35, ""past_recovery_rate"": 0.8537}",41,35,0.8537,reliable_temporary_glitch,1,0.9973,RETRY,APPROVED,RETRY,SUCCESS,2185.48,The failure reason 'network_error' appears transient with an estimated recovery probability of 99.4%. The customer maintains a healthy historical success rate of 85.4% across 41 past payments. An automated payment gateway retry within standard cooldown limits is recommended.
9b4f15f7-858f-4f7d-80a7-a935d28fa3f6,payment_failure,2026-08-04T18:23:49.932407+00:00,10255.13,cust_reliab_1049,insufficient_funds,2,1.47,"{""total_past_payments"": 35, ""past_successful_payments"": 31, ""past_recovery_rate"": 0.8857}",35,31,0.8857,reliable_temporary_glitch,1,0.9793,RETRY,APPROVED,RETRY,SUCCESS,10255.13,The failure reason 'insufficient_funds' appears transient with an estimated recovery probability of 85.3%. The customer maintains a healthy historical success rate of 88.6% across 35 past payments. An automated payment gateway retry within standard cooldown limits is recommended.
1253b61d-b1d4-4534-a483-ca2896cf4171,payment_failure,2026-08-11T04:40:13.450089+00:00,1424.52,cust_reliab_8734,network_error,1,1.88,"{""total_past_payments"": 14, ""past_successful_payments"": 14, ""past_recovery_rate"": 1.0}",14,14,1.0,reliable_temporary_glitch,1,0.7342,RETRY,APPROVED,RETRY,SUCCESS,1424.52,The failure reason 'network_error' appears transient with an estimated recovery probability of 74.6%. The customer maintains a healthy historical success rate of 100.0% across 14 past payments. An automated payment gateway retry within standard cooldown limits is recommended.
3862da23-a5d0-46cf-a616-5f438a493462,overdue_invoice,2026-08-02T03:41:49.191717+00:00,47832.57,cust_slow_b_9835,insufficient_funds,2,16.21,"{""total_past_payments"": 16, ""past_successful_payments"": 13, ""past_recovery_rate"": 0.8125}",16,13,0.8125,slow_but_reliable_payer,1,0.7962,REMINDER,APPROVED,REMINDER,SUCCESS,47832.57,"The invoice of ₹47,832.57 INR is overdue with 2 previous attempt(s). The customer has a solid historical recovery rate of 81.2%, indicating willingness to pay once notified. Sending a formal payment reminder notice is the most effective approach to prompt settlement."
4e9a94fd-cfcc-4023-a810-e337bec1ca1c,payment_failure,2026-07-22T17:52:53.428640+00:00,45375.28,cust_slow_b_1372,overdue,1,23.2,"{""total_past_payments"": 11, ""past_successful_payments"": 10, ""past_recovery_rate"": 0.9091}",11,10,0.9091,slow_but_reliable_payer,1,0.6005,PAYMENT_LINK,APPROVED,PAYMENT_LINK,SUCCESS,45375.28,"This is a high-value transaction of ₹45,375.28 INR that requires customer-initiated 2FA authentication. Automated gateway retries frequently fail for transactions of this scale due to bank security policies. Sending a secure payment link directly to the customer provides a seamless authentication flow and yields optimal recovery."
98ea2763-fff1-4072-8de7-74c8bc263b05,payment_failure,2026-08-14T15:22:23.011129+00:00,128640.69,cust_high_v_1527,card_declined,1,1.19,"{""total_past_payments"": 28, ""past_successful_payments"": 23, ""past_recovery_rate"": 0.8214}",28,23,0.8214,high_value_link_responder,0,0.7066,PAYMENT_LINK,APPROVED,PAYMENT_LINK,FAILED,0.0,"This is a high-value transaction of ₹128,640.69 INR that requires customer-initiated 2FA authentication. Automated gateway retries frequently fail for transactions of this scale due to bank security policies. Sending a secure payment link directly to the customer provides a seamless authentication flow and yields optimal recovery."
98edd0fe-aded-47d5-a957-72d3e88abf73,payment_failure,2026-07-26T00:25:35.108428+00:00,726.86,cust_reliab_1797,insufficient_funds,1,0.23,"{""total_past_payments"": 48, ""past_successful_payments"": 41, ""past_recovery_rate"": 0.8542}",48,41,0.8542,reliable_temporary_glitch,1,0.912,RETRY,APPROVED,RETRY,SUCCESS,726.86,The failure reason 'insufficient_funds' appears transient with an estimated recovery probability of 92.0%. The customer maintains a healthy historical success rate of 85.4% across 48 past payments. An automated payment gateway retry within standard cooldown limits is recommended.
778cf585-b3dc-4ed1-a4d2-ebaa6cf3dfd6,subscription_failure,2026-07-29T05:57:55.365423+00:00,1293.06,cust_chroni_6253,expired_card,5,2.4,"{""total_past_payments"": 20, ""past_successful_payments"": 3, ""past_recovery_rate"": 0.15}",20,3,0.15,chronic_failer,0,0.4788,ESCALATE,APPROVED,ESCALATE,PENDING,0.0,"Automated recovery has failed after 5 attempts for this transaction of ₹1,293.06 INR. With ML recovery probability estimated at 22.4%, automated retries have diminishing returns. Escalating to a human customer success representative is recommended for personalized outreach."
13e7c13c-07e6-45e7-a542-21f66dc44df5,checkout_abandonment,2026-08-05T21:25:49.539612+00:00,5226.62,cust_checko_3869,abandoned,2,0.37,"{""total_past_payments"": 9, ""past_successful_payments"": 6, ""past_recovery_rate"": 0.6667}",9,6,0.6667,checkout_abandoner,0,0.5847,REMINDER,BLOCKED: max_daily_contact_attempts_per_customer,STOP,NO_ACTION,0.0,"The customer abandoned checkout for an order worth ₹5,226.62 INR. Since no transaction was submitted to the payment gateway, automated retries are inapplicable. We recommend sending a targeted checkout reminder notice with an instant payment link."
7ef47a44-28ff-4fed-bf2f-24f1eb50226d,subscription_failure,2026-08-01T09:21:52.448134+00:00,201806.03,cust_high_v_7167,insufficient_funds,2,2.24,"{""total_past_payments"": 18, ""past_successful_payments"": 12, ""past_recovery_rate"": 0.6667}",18,12,0.6667,high_value_link_responder,1,0.5855,PAYMENT_LINK,APPROVED,PAYMENT_LINK,SUCCESS,201806.03,"This is a high-value transaction of ₹201,806.03 INR that requires customer-initiated 2FA authentication. Automated gateway retries frequently fail for transactions of this scale due to bank security policies. Sending a secure payment link directly to the customer provides a seamless authentication flow and yields optimal recovery."
baab4431-9986-4327-89d8-7f700ed8c7c2,checkout_abandonment,2026-08-14T18:28:59.202880+00:00,10354.6,cust_checko_7761,abandoned,1,2.46,"{""total_past_payments"": 0, ""past_successful_payments"": 0, ""past_recovery_rate"": 0.0}",0,0,0.0,checkout_abandoner,1,0.5153,REMINDER,APPROVED,REMINDER,SUCCESS,10354.6,"The customer abandoned checkout for an order worth ₹10,354.60 INR. Since no transaction was submitted to the payment gateway, automated retries are inapplicable. We recommend sending a targeted checkout reminder notice with an instant payment link."
95215234-2417-479a-8dca-7406a4786eeb,checkout_abandonment,2026-08-02T03:06:10.705076+00:00,11101.71,cust_checko_7179,abandoned,2,0.46,"{""total_past_payments"": 3, ""past_successful_payments"": 1, ""past_recovery_rate"": 0.3333}",3,1,0.3333,checkout_abandoner,0,0.5757,REMINDER,BLOCKED: max_daily_contact_attempts_per_customer,STOP,NO_ACTION,0.0,"The customer abandoned checkout for an order worth ₹11,101.71 INR. Since no transaction was submitted to the payment gateway, automated retries are inapplicable. We recommend sending a targeted checkout reminder notice with an instant payment link."
e0c206d5-4909-4212-b8cb-9a8b0b90fd82,payment_failure,2026-08-15T21:15:13.014420+00:00,11544.6,cust_reliab_1251,insufficient_funds,1,1.01,"{""total_past_payments"": 31, ""past_successful_payments"": 28, ""past_recovery_rate"": 0.9032}",31,28,0.9032,reliable_temporary_glitch,1,0.9319,RETRY,APPROVED,RETRY,SUCCESS,11544.6,The failure reason 'insufficient_funds' appears transient with an estimated recovery probability of 96.9%. The customer maintains a healthy historical success rate of 90.3% across 31 past payments. An automated payment gateway retry within standard cooldown limits is recommended.
6d8543fa-4a8b-4584-9c73-48906a247201,overdue_invoice,2026-07-25T02:20:00.431059+00:00,72606.37,cust_slow_b_5637,overdue,3,10.11,"{""total_past_payments"": 11, ""past_successful_payments"": 9, ""past_recovery_rate"": 0.8182}",11,9,0.8182,slow_but_reliable_payer,1,0.9542,REMINDER,APPROVED,REMINDER,SUCCESS,72606.37,"The invoice of ₹72,606.37 INR is overdue with 3 previous attempt(s). The customer has a solid historical recovery rate of 81.8%, indicating willingness to pay once notified. Sending a formal payment reminder notice is the most effective approach to prompt settlement."
ca4bf857-3d50-46f0-9567-8dfa45832e3f,overdue_invoice,2026-08-13T16:24:24.534124+00:00,56153.49,cust_slow_b_6246,overdue,2,16.65,"{""total_past_payments"": 19, ""past_successful_payments"": 17, ""past_recovery_rate"": 0.8947}",19,17,0.8947,slow_but_reliable_payer,1,0.7965,REMINDER,APPROVED,REMINDER,SUCCESS,56153.49,"The invoice of ₹56,153.49 INR is overdue with 2 previous attempt(s). The customer has a solid historical recovery rate of 89.5%, indicating willingness to pay once notified. Sending a formal payment reminder notice is the most effective approach to prompt settlement."
69cea5d7-cfd8-412d-b676-fbe9b8639af9,payment_failure,2026-08-17T03:40:00.599951+00:00,83674.17,cust_high_v_4214,card_declined,3,1.95,"{""total_past_payments"": 18, ""past_successful_payments"": 12, ""past_recovery_rate"": 0.6667}",18,12,0.6667,high_value_link_responder,1,0.3839,PAYMENT_LINK,APPROVED,PAYMENT_LINK,SUCCESS,83674.17,"This is a high-value transaction of ₹83,674.17 INR that requires customer-initiated 2FA authentication. Automated gateway retries frequently fail for transactions of this scale due to bank security policies. Sending a secure payment link directly to the customer provides a seamless authentication flow and yields optimal recovery."
62758c6b-7bd9-4873-b3db-0ab5447001e4,payment_failure,2026-08-06T13:14:02.830019+00:00,5305.94,cust_chroni_9037,insufficient_funds,5,2.54,"{""total_past_payments"": 17, ""past_successful_payments"": 6, ""past_recovery_rate"": 0.3529}",17,6,0.3529,chronic_failer,0,0.1889,ESCALATE,APPROVED,ESCALATE,PENDING,0.0,"Automated recovery has failed after 5 attempts for this transaction of ₹5,305.94 INR. With ML recovery probability estimated at 27.8%, automated retries have diminishing returns. Escalating to a human customer success representative is recommended for personalized outreach."
71074c65-7b89-4378-bf7f-2ff564902aec,overdue_invoice,2026-08-16T00:13:00.445070+00:00,90042.81,cust_slow_b_2217,overdue,3,28.93,"{""total_past_payments"": 20, ""past_successful_payments"": 14, ""past_recovery_rate"": 0.7}",20,14,0.7,slow_but_reliable_payer,0,0.9257,REMINDER,APPROVED,REMINDER,FAILED,0.0,"The invoice of ₹90,042.81 INR is overdue with 3 previous attempt(s). The customer has a solid historical recovery rate of 70.0%, indicating willingness to pay once notified. Sending a formal payment reminder notice is the most effective approach to prompt settlement."
f3d6930a-380f-496d-b795-666adc0c589c,subscription_failure,2026-08-09T03:48:31.631831+00:00,12716.9,cust_reliab_9285,insufficient_funds,1,0.23,"{""total_past_payments"": 19, ""past_successful_payments"": 16, ""past_recovery_rate"": 0.8421}",19,16,0.8421,reliable_temporary_glitch,1,0.4045,RETRY,APPROVED,RETRY,SUCCESS,12716.9,The failure reason 'insufficient_funds' appears transient with an estimated recovery probability of 94.5%. The customer maintains a healthy historical success rate of 84.2% across 19 past payments. An automated payment gateway retry within standard cooldown limits is recommended.
93330f9e-c578-4deb-a8b9-d8616b391bc9,subscription_failure,2026-08-01T18:02:47.257902+00:00,28539.65,cust_high_v_5501,insufficient_funds,3,1.88,"{""total_past_payments"": 5, ""past_successful_payments"": 3, ""past_recovery_rate"": 0.6}",5,3,0.6,high_value_link_responder,1,0.2156,STOP,APPROVED,STOP,NO_ACTION,0.0,"The predicted recovery probability is extremely low (6.8%), indicating high likelihood of permanent failure. Given 3 prior failed attempt(s) and poor past payment performance, continuing automated attempts would incur unnecessary fees and annoy the customer. We recommend halting all recovery efforts for this invoice."
2f63b333-328f-4d83-bb11-b4a959c818d9,payment_failure,2026-07-31T14:16:21.546791+00:00,121878.97,cust_high_v_4948,network_error,1,0.77,"{""total_past_payments"": 8, ""past_successful_payments"": 6, ""past_recovery_rate"": 0.75}",8,6,0.75,high_value_link_responder,0,0.7997,PAYMENT_LINK,APPROVED,PAYMENT_LINK,FAILED,0.0,"This is a high-value transaction of ₹121,878.97 INR that requires customer-initiated 2FA authentication. Automated gateway retries frequently fail for transactions of this scale due to bank security policies. Sending a secure payment link directly to the customer provides a seamless authentication flow and yields optimal recovery."
6d579c6b-b450-4673-8e68-f1980f9866f9,checkout_abandonment,2026-08-10T08:08:02.568017+00:00,5139.62,cust_checko_2320,abandoned,1,2.97,"{""total_past_payments"": 3, ""past_successful_payments"": 1, ""past_recovery_rate"": 0.3333}",3,1,0.3333,checkout_abandoner,0,0.1528,REMINDER,APPROVED,REMINDER,FAILED,0.0,"The customer abandoned checkout for an order worth ₹5,139.62 INR. Since no transaction was submitted to the payment gateway, automated retries are inapplicable. We recommend sending a targeted checkout reminder notice with an instant payment link."
63870900-f01e-48c2-b8e2-e0eb89f3817a,checkout_abandonment,2026-08-18T17:24:38.962298+00:00,4830.5,cust_checko_3807,abandoned,2,0.36,"{""total_past_payments"": 0, ""past_successful_payments"": 0, ""past_recovery_rate"": 0.0}",0,0,0.0,checkout_abandoner,0,0.1733,REMINDER,BLOCKED: max_daily_contact_attempts_per_customer,STOP,NO_ACTION,0.0,"The customer abandoned checkout for an order worth ₹4,830.50 INR. Since no transaction was submitted to the payment gateway, automated retries are inapplicable. We recommend sending a targeted checkout reminder notice with an instant payment link."
3732ef91-1b36-4ecf-80f6-7ee5457c18ca,payment_failure,2026-07-23T07:33:59.651685+00:00,7179.37,cust_chroni_1762,insufficient_funds,3,2.38,"{""total_past_payments"": 20, ""past_successful_payments"": 4, ""past_recovery_rate"": 0.2}",20,4,0.2,chronic_failer,0,0.0567,STOP,APPROVED,STOP,NO_ACTION,0.0,"The predicted recovery probability is extremely low (2.8%), indicating high likelihood of permanent failure. Given 3 prior failed attempt(s) and poor past payment performance, continuing automated attempts would incur unnecessary fees and annoy the customer. We recommend halting all recovery efforts for this invoice."
15add6b6-335c-4ba0-844c-536934fdcb13,payment_failure,2026-08-05T05:44:56.702323+00:00,173074.58,cust_high_v_4394,card_declined,1,2.82,"{""total_past_payments"": 15, ""past_successful_payments"": 9, ""past_recovery_rate"": 0.6}",15,9,0.6,high_value_link_responder,0,0.0709,PAYMENT_LINK,APPROVED,PAYMENT_LINK,FAILED,0.0,"This is a high-value transaction of ₹173,074.58 INR that requires customer-initiated 2FA authentication. Automated gateway retries frequently fail for transactions of this scale due to bank security policies. Sending a secure payment link directly to the customer provides a seamless authentication flow and yields optimal recovery."
e444c24c-4996-41d9-b5dc-a9e2a495e53a,payment_failure,2026-08-16T15:46:01.222539+00:00,3986.85,cust_reliab_3292,network_error,2,1.39,"{""total_past_payments"": 44, ""past_successful_payments"": 39, ""past_recovery_rate"": 0.8864}",44,39,0.8864,reliable_temporary_glitch,1,0.9904,RETRY,APPROVED,RETRY,SUCCESS,3986.85,The failure reason 'network_error' appears transient with an estimated recovery probability of 99.0%. The customer maintains a healthy historical success rate of 88.6% across 44 past payments. An automated payment gateway retry within standard cooldown limits is recommended.
bc2b257d-eade-4f23-8cfc-0ad64e844f61,checkout_abandonment,2026-07-30T04:00:08.865630+00:00,4444.68,cust_checko_7499,abandoned,1,1.42,"{""total_past_payments"": 1, ""past_successful_payments"": 0, ""past_recovery_rate"": 0.0}",1,0,0.0,checkout_abandoner,0,0.2053,REMINDER,APPROVED,REMINDER,FAILED,0.0,"The customer abandoned checkout for an order worth ₹4,444.68 INR. Since no transaction was submitted to the payment gateway, automated retries are inapplicable. We recommend sending a targeted checkout reminder notice with an instant payment link."
b27ab275-f47d-4370-9536-8bcafce039e4,checkout_abandonment,2026-08-14T16:28:17.565907+00:00,6837.59,cust_checko_7227,abandoned,2,1.41,"{""total_past_payments"": 10, ""past_successful_payments"": 5, ""past_recovery_rate"": 0.5}",10,5,0.5,checkout_abandoner,1,0.9481,REMINDER,APPROVED,REMINDER,SUCCESS,6837.59,"The customer abandoned checkout for an order worth ₹6,837.59 INR. Since no transaction was submitted to the payment gateway, automated retries are inapplicable. We recommend sending a targeted checkout reminder notice with an instant payment link."
5b3c3a87-ed71-406f-b2e5-3bb639883c0b,subscription_failure,2026-07-31T03:17:34.955714+00:00,839.9,cust_chroni_6188,expired_card,4,3.28,"{""total_past_payments"": 6, ""past_successful_payments"": 2, ""past_recovery_rate"": 0.3333}",6,2,0.3333,chronic_failer,0,0.0127,STOP,APPROVED,STOP,NO_ACTION,0.0,"The predicted recovery probability is extremely low (0.3%), indicating high likelihood of permanent failure. Given 4 prior failed attempt(s) and poor past payment performance, continuing automated attempts would incur unnecessary fees and annoy the customer. We recommend halting all recovery efforts for this invoice."
2f0ee3fc-224e-4cda-9a0b-b43d99798304,overdue_invoice,2026-08-18T11:07:28.447040+00:00,17856.75,cust_slow_b_2692,overdue,2,16.22,"{""total_past_payments"": 21, ""past_successful_payments"": 17, ""past_recovery_rate"": 0.8095}",21,17,0.8095,slow_but_reliable_payer,1,0.7913,REMINDER,APPROVED,REMINDER,SUCCESS,17856.75,"The invoice of ₹17,856.75 INR is overdue with 2 previous attempt(s). The customer has a solid historical recovery rate of 81.0%, indicating willingness to pay once notified. Sending a formal payment reminder notice is the most effective approach to prompt settlement."
78ba9ab8-27eb-4516-91c8-56f2249a1591,overdue_invoice,2026-08-03T14:08:22.748546+00:00,39198.73,cust_slow_b_2387,overdue,2,5.31,"{""total_past_payments"": 17, ""past_successful_payments"": 14, ""past_recovery_rate"": 0.8235}",17,14,0.8235,slow_but_reliable_payer,0,0.961,REMINDER,APPROVED,REMINDER,FAILED,0.0,"The invoice of ₹39,198.73 INR is overdue with 2 previous attempt(s). The customer has a solid historical recovery rate of 82.3%, indicating willingness to pay once notified. Sending a formal payment reminder notice is the most effective approach to prompt settlement."
b6b6cd65-386a-406e-80c6-4b37c7431fbd,payment_failure,2026-07-31T23:18:13.221705+00:00,2957.78,cust_reliab_3739,network_error,2,0.67,"{""total_past_payments"": 41, ""past_successful_payments"": 36, ""past_recovery_rate"": 0.878}",41,36,0.878,reliable_temporary_glitch,1,0.9884,RETRY,APPROVED,RETRY,SUCCESS,2957.78,The failure reason 'network_error' appears transient with an estimated recovery probability of 96.1%. The customer maintains a healthy historical success rate of 87.8% across 41 past payments. An automated payment gateway retry within standard cooldown limits is recommended.
856beaa3-8561-445f-9f08-be9702b8704f,overdue_invoice,2026-08-19T05:20:52.103706+00:00,32652.98,cust_slow_b_4203,overdue,1,23.02,"{""total_past_payments"": 19, ""past_successful_payments"": 16, ""past_recovery_rate"": 0.8421}",19,16,0.8421,slow_but_reliable_payer,1,0.8756,REMINDER,APPROVED,REMINDER,SUCCESS,32652.98,"The invoice of ₹32,652.98 INR is overdue with 1 previous attempt(s). The customer has a solid historical recovery rate of 84.2%, indicating willingness to pay once notified. Sending a formal payment reminder notice is the most effective approach to prompt settlement."
91e944cd-a03f-441c-bf02-9f92d6ad8f1a,payment_failure,2026-08-10T03:12:37.506117+00:00,218994.62,cust_high_v_3230,insufficient_funds,2,1.34,"{""total_past_payments"": 25, ""past_successful_payments"": 22, ""past_recovery_rate"": 0.88}",25,22,0.88,high_value_link_responder,1,0.5484,PAYMENT_LINK,APPROVED,PAYMENT_LINK,SUCCESS,218994.62,"This is a high-value transaction of ₹218,994.62 INR that requires customer-initiated 2FA authentication. Automated gateway retries frequently fail for transactions of this scale due to bank security policies. Sending a secure payment link directly to the customer provides a seamless authentication flow and yields optimal recovery."
0094d3a2-ecb6-4950-9f82-f873a2879139,overdue_invoice,2026-08-07T03:50:39.020168+00:00,25987.35,cust_slow_b_9044,overdue,2,29.22,"{""total_past_payments"": 13, ""past_successful_payments"": 11, ""past_recovery_rate"": 0.8462}",13,11,0.8462,slow_but_reliable_payer,1,0.7957,REMINDER,APPROVED,REMINDER,SUCCESS,25987.35,"The invoice of ₹25,987.35 INR is overdue with 2 previous attempt(s). The customer has a solid historical recovery rate of 84.6%, indicating willingness to pay once notified. Sending a formal payment reminder notice is the most effective approach to prompt settlement."
19044823-5d4a-451e-b90f-4dcba2cd064e,payment_failure,2026-08-10T13:55:11.999535+00:00,234715.11,cust_high_v_1440,insufficient_funds,1,1.98,"{""total_past_payments"": 22, ""past_successful_payments"": 14, ""past_recovery_rate"": 0.6364}",22,14,0.6364,high_value_link_responder,0,0.9396,PAYMENT_LINK,APPROVED,PAYMENT_LINK,FAILED,0.0,"This is a high-value transaction of ₹234,715.11 INR that requires customer-initiated 2FA authentication. Automated gateway retries frequently fail for transactions of this scale due to bank security policies. Sending a secure payment link directly to the customer provides a seamless authentication flow and yields optimal recovery."
10bd1d8d-bc0d-4ade-83ac-594eda59ed7d,payment_failure,2026-08-08T09:02:37.030901+00:00,4724.3,cust_reliab_3280,insufficient_funds,1,1.66,"{""total_past_payments"": 36, ""past_successful_payments"": 34, ""past_recovery_rate"": 0.9444}",36,34,0.9444,reliable_temporary_glitch,1,0.9875,RETRY,APPROVED,RETRY,SUCCESS,4724.3,The failure reason 'insufficient_funds' appears transient with an estimated recovery probability of 97.8%. The customer maintains a healthy historical success rate of 94.4% across 36 past payments. An automated payment gateway retry within standard cooldown limits is recommended.
2d14d5e5-1404-4117-bbef-234b4375cfaf,subscription_failure,2026-08-19T07:28:34.641047+00:00,7927.46,cust_chroni_7853,expired_card,6,4.49,"{""total_past_payments"": 19, ""past_successful_payments"": 4, ""past_recovery_rate"": 0.2105}",19,4,0.2105,chronic_failer,0,0.0435,ESCALATE,APPROVED,ESCALATE,PENDING,0.0,"Automated recovery has failed after 6 attempts for this transaction of ₹7,927.46 INR. With ML recovery probability estimated at 45.5%, automated retries have diminishing returns. Escalating to a human customer success representative is recommended for personalized outreach."
03429e2d-8db8-4ed9-aa30-b36849b3c5ec,subscription_failure,2026-07-25T15:58:12.344668+00:00,8285.14,cust_reliab_6816,network_error,1,0.31,"{""total_past_payments"": 25, ""past_successful_payments"": 24, ""past_recovery_rate"": 0.96}",25,24,0.96,reliable_temporary_glitch,1,0.6234,RETRY,APPROVED,RETRY,SUCCESS,8285.14,The failure reason 'network_error' appears transient with an estimated recovery probability of 83.7%. The customer maintains a healthy historical success rate of 96.0% across 25 past payments. An automated payment gateway retry within standard cooldown limits is recommended.
6d8986be-99c5-4630-8605-1c96831a659b,checkout_abandonment,2026-07-23T12:37:37.814279+00:00,4279.94,cust_checko_9366,abandoned,2,0.5,"{""total_past_payments"": 1, ""past_successful_payments"": 0, ""past_recovery_rate"": 0.0}",1,0,0.0,checkout_abandoner,0,0.0199,STOP,APPROVED,STOP,NO_ACTION,0.0,"The predicted recovery probability is extremely low (6.0%), indicating high likelihood of permanent failure. Given 2 prior failed attempt(s) and poor past payment performance, continuing automated attempts would incur unnecessary fees and annoy the customer. We recommend halting all recovery efforts for this invoice."
3d8bf6ab-f604-4206-a969-22f49cc8c65c,checkout_abandonment,2026-08-14T21:35:18.012320+00:00,4771.08,cust_checko_3469,abandoned,2,2.36,"{""total_past_payments"": 9, ""past_successful_payments"": 5, ""past_recovery_rate"": 0.5556}",9,5,0.5556,checkout_abandoner,1,0.1793,REMINDER,APPROVED,REMINDER,SUCCESS,4771.08,"The customer abandoned checkout for an order worth ₹4,771.08 INR. Since no transaction was submitted to the payment gateway, automated retries are inapplicable. We recommend sending a targeted checkout reminder notice with an instant payment link."
6ce81604-0395-4f1a-8b35-0d419c05caed,checkout_abandonment,2026-08-18T01:09:40.548512+00:00,11314.81,cust_checko_4389,abandoned,1,1.18,"{""total_past_payments"": 5, ""past_successful_payments"": 2, ""past_recovery_rate"": 0.4}",5,2,0.4,checkout_abandoner,0,0.8972,REMINDER,APPROVED,REMINDER,FAILED,0.0,"The customer abandoned checkout for an order worth ₹11,314.81 INR. Since no transaction was submitted to the payment gateway, automated retries are inapplicable. We recommend sending a targeted checkout reminder notice with an instant payment link."
e84597b4-f7b9-491e-9ce8-2f1c77243518,payment_failure,2026-07-30T20:53:43.971527+00:00,3729.09,cust_chroni_6620,card_declined,3,2.8,"{""total_past_payments"": 5, ""past_successful_payments"": 0, ""past_recovery_rate"": 0.0}",5,0,0.0,chronic_failer,0,0.0011,STOP,APPROVED,STOP,NO_ACTION,0.0,"The predicted recovery probability is extremely low (0.2%), indicating high likelihood of permanent failure. Given 3 prior failed attempt(s) and poor past payment performance, continuing automated attempts would incur unnecessary fees and annoy the customer. We recommend halting all recovery efforts for this invoice."
c43d0559-6bd3-42d1-a4d4-732874010a04,subscription_failure,2026-08-16T07:07:29.493035+00:00,2821.97,cust_reliab_4022,network_error,2,1.92,"{""total_past_payments"": 24, ""past_successful_payments"": 23, ""past_recovery_rate"": 0.9583}",24,23,0.9583,reliable_temporary_glitch,1,0.7377,RETRY,APPROVED,RETRY,SUCCESS,2821.97,The failure reason 'network_error' appears transient with an estimated recovery probability of 95.7%. The customer maintains a healthy historical success rate of 95.8% across 24 past payments. An automated payment gateway retry within standard cooldown limits is recommended.
3486c0e3-11a7-4f60-92d1-b41415828abb,checkout_abandonment,2026-07-30T09:48:41.618657+00:00,10649.77,cust_checko_4519,abandoned,2,1.86,"{""total_past_payments"": 6, ""past_successful_payments"": 1, ""past_recovery_rate"": 0.1667}",6,1,0.1667,checkout_abandoner,0,0.1235,REMINDER,APPROVED,REMINDER,FAILED,0.0,"The customer abandoned checkout for an order worth ₹10,649.77 INR. Since no transaction was submitted to the payment gateway, automated retries are inapplicable. We recommend sending a targeted checkout reminder notice with an instant payment link."
949c4f01-e7c6-4b55-8752-580d13f603b0,checkout_abandonment,2026-07-26T08:54:21.849141+00:00,2609.39,cust_checko_9019,abandoned,2,0.75,"{""total_past_payments"": 1, ""past_successful_payments"": 0, ""past_recovery_rate"": 0.0}",1,0,0.0,checkout_abandoner,0,0.4122,STOP,APPROVED,STOP,NO_ACTION,0.0,"The predicted recovery probability is extremely low (12.5%), indicating high likelihood of permanent failure. Given 2 prior failed attempt(s) and poor past payment performance, continuing automated attempts would incur unnecessary fees and annoy the customer. We recommend halting all recovery efforts for this invoice."
7889ddd0-d5ab-4ecd-815d-e5dbcc068394,payment_failure,2026-08-03T04:35:20.844942+00:00,9011.57,cust_reliab_5873,insufficient_funds,2,0.77,"{""total_past_payments"": 39, ""past_successful_payments"": 37, ""past_recovery_rate"": 0.9487}",39,37,0.9487,reliable_temporary_glitch,1,0.8226,RETRY,APPROVED,RETRY,SUCCESS,9011.57,The failure reason 'insufficient_funds' appears transient with an estimated recovery probability of 25.1%. The customer maintains a healthy historical success rate of 94.9% across 39 past payments. An automated payment gateway retry within standard cooldown limits is recommended.
fb53142a-729d-4c39-97ae-0c8df2f6b9e3,payment_failure,2026-08-18T00:31:40.713449+00:00,108993.87,cust_high_v_7286,card_declined,1,1.78,"{""total_past_payments"": 18, ""past_successful_payments"": 14, ""past_recovery_rate"": 0.7778}",18,14,0.7778,high_value_link_responder,1,0.8533,PAYMENT_LINK,APPROVED,PAYMENT_LINK,SUCCESS,108993.87,"This is a high-value transaction of ₹108,993.87 INR that requires customer-initiated 2FA authentication. Automated gateway retries frequently fail for transactions of this scale due to bank security policies. Sending a secure payment link directly to the customer provides a seamless authentication flow and yields optimal recovery."
28088c26-0bd2-4266-ade7-17981a63c98f,payment_failure,2026-07-24T22:56:06.969063+00:00,13995.08,cust_reliab_4065,network_error,1,1.15,"{""total_past_payments"": 41, ""past_successful_payments"": 37, ""past_recovery_rate"": 0.9024}",41,37,0.9024,reliable_temporary_glitch,1,0.4328,RETRY,APPROVED,RETRY,SUCCESS,13995.08,The failure reason 'network_error' appears transient with an estimated recovery probability of 66.5%. The customer maintains a healthy historical success rate of 90.2% across 41 past payments. An automated payment gateway retry within standard cooldown limits is recommended.
eccbffd8-d158-4447-bf86-d40077569f90,overdue_invoice,2026-08-17T10:25:34.292148+00:00,83369.43,cust_slow_b_9056,overdue,3,17.64,"{""total_past_payments"": 19, ""past_successful_payments"": 15, ""past_recovery_rate"": 0.7895}",19,15,0.7895,slow_but_reliable_payer,1,0.6675,REMINDER,APPROVED,REMINDER,SUCCESS,83369.43,"The invoice of ₹83,369.43 INR is overdue with 3 previous attempt(s). The customer has a solid historical recovery rate of 79.0%, indicating willingness to pay once notified. Sending a formal payment reminder notice is the most effective approach to prompt settlement."
415460d7-97c3-4d98-8555-599ffb7eb797,overdue_invoice,2026-08-19T01:12:30.010520+00:00,12777.46,cust_slow_b_5729,overdue,1,12.3,"{""total_past_payments"": 12, ""past_successful_payments"": 9, ""past_recovery_rate"": 0.75}",12,9,0.75,slow_but_reliable_payer,0,0.9112,REMINDER,APPROVED,REMINDER,FAILED,0.0,"The invoice of ₹12,777.46 INR is overdue with 1 previous attempt(s). The customer has a solid historical recovery rate of 75.0%, indicating willingness to pay once notified. Sending a formal payment reminder notice is the most effective approach to prompt settlement."
9ed3a92f-ca31-48d7-9ac7-1fe314601918,subscription_failure,2026-08-18T03:13:09.372769+00:00,2156.0,cust_reliab_8231,network_error,2,1.13,"{""total_past_payments"": 12, ""past_successful_payments"": 11, ""past_recovery_rate"": 0.9167}",12,11,0.9167,reliable_temporary_glitch,1,0.9683,RETRY,APPROVED,RETRY,SUCCESS,2156.0,The failure reason 'network_error' appears transient with an estimated recovery probability of 97.7%. The customer maintains a healthy historical success rate of 91.7% across 12 past payments. An automated payment gateway retry within standard cooldown limits is recommended.
3342513d-ea3c-41b8-8067-fb3efb9acb22,subscription_failure,2026-07-27T15:04:48.975294+00:00,194052.74,cust_high_v_6711,card_declined,2,2.69,"{""total_past_payments"": 6, ""past_successful_payments"": 4, ""past_recovery_rate"": 0.6667}",6,4,0.6667,high_value_link_responder,0,0.388,PAYMENT_LINK,APPROVED,PAYMENT_LINK,FAILED,0.0,"This is a high-value transaction of ₹194,052.74 INR that requires customer-initiated 2FA authentication. Automated gateway retries frequently fail for transactions of this scale due to bank security policies. Sending a secure payment link directly to the customer provides a seamless authentication flow and yields optimal recovery."
c16bc535-8502-46d5-adf9-96a12f4b4fb8,payment_failure,2026-08-15T05:37:08.062186+00:00,190962.92,cust_high_v_8015,insufficient_funds,3,1.38,"{""total_past_payments"": 27, ""past_successful_payments"": 21, ""past_recovery_rate"": 0.7778}",27,21,0.7778,high_value_link_responder,1,0.942,PAYMENT_LINK,APPROVED,PAYMENT_LINK,SUCCESS,190962.92,"This is a high-value transaction of ₹190,962.92 INR that requires customer-initiated 2FA authentication. Automated gateway retries frequently fail for transactions of this scale due to bank security policies. Sending a secure payment link directly to the customer provides a seamless authentication flow and yields optimal recovery."
44208fce-f5aa-48d0-8593-c6985c3f79d6,payment_failure,2026-08-15T07:43:56.740396+00:00,662.99,cust_chroni_5794,card_declined,5,4.19,"{""total_past_payments"": 19, ""past_successful_payments"": 2, ""past_recovery_rate"": 0.1053}",19,2,0.1053,chronic_failer,0,0.0741,STOP,APPROVED,STOP,NO_ACTION,0.0,"The predicted recovery probability is extremely low (2.2%), indicating high likelihood of permanent failure. Given 5 prior failed attempt(s) and poor past payment performance, continuing automated attempts would incur unnecessary fees and annoy the customer. We recommend halting all recovery efforts for this invoice."
9b9c1f33-b03a-440e-92a1-a4ddfd70a21c,checkout_abandonment,2026-08-18T16:10:08.647985+00:00,11570.02,cust_checko_3078,abandoned,2,2.77,"{""total_past_payments"": 4, ""past_successful_payments"": 3, ""past_recovery_rate"": 0.75}",4,3,0.75,checkout_abandoner,0,0.0946,REMINDER,APPROVED,REMINDER,FAILED,0.0,"The customer abandoned checkout for an order worth ₹11,570.02 INR. Since no transaction was submitted to the payment gateway, automated retries are inapplicable. We recommend sending a targeted checkout reminder notice with an instant payment link."
50b9f42d-54c7-4fa9-873b-a02b7ed6e380,payment_failure,2026-08-11T20:49:17.596107+00:00,80699.82,cust_high_v_5402,card_declined,3,1.48,"{""total_past_payments"": 9, ""past_successful_payments"": 7, ""past_recovery_rate"": 0.7778}",9,7,0.7778,high_value_link_responder,1,0.6366,PAYMENT_LINK,APPROVED,PAYMENT_LINK,SUCCESS,80699.82,"This is a high-value transaction of ₹80,699.82 INR that requires customer-initiated 2FA authentication. Automated gateway retries frequently fail for transactions of this scale due to bank security policies. Sending a secure payment link directly to the customer provides a seamless authentication flow and yields optimal recovery."
2ef28c52-29af-4d17-83d2-f325256bb819,subscription_failure,2026-08-09T10:40:43.068207+00:00,6048.46,cust_chroni_1040,expired_card,5,3.73,"{""total_past_payments"": 17, ""past_successful_payments"": 3, ""past_recovery_rate"": 0.1765}",17,3,0.1765,chronic_failer,0,0.2126,STOP,APPROVED,STOP,NO_ACTION,0.0,"The predicted recovery probability is extremely low (8.5%), indicating high likelihood of permanent failure. Given 5 prior failed attempt(s) and poor past payment performance, continuing automated attempts would incur unnecessary fees and annoy the customer. We recommend halting all recovery efforts for this invoice."
99c9eeb7-a87b-49d1-bebb-ef6cf3bff020,subscription_failure,2026-07-23T08:46:58.715909+00:00,167839.12,cust_high_v_7516,card_declined,3,1.4,"{""total_past_payments"": 7, ""past_successful_payments"": 6, ""past_recovery_rate"": 0.8571}",7,6,0.8571,high_value_link_responder,1,0.619,PAYMENT_LINK,APPROVED,PAYMENT_LINK,SUCCESS,167839.12,"This is a high-value transaction of ₹167,839.12 INR that requires customer-initiated 2FA authentication. Automated gateway retries frequently fail for transactions of this scale due to bank security policies. Sending a secure payment link directly to the customer provides a seamless authentication flow and yields optimal recovery."
13f4a1ef-87ad-46b0-af7b-9514d9bb7e65,overdue_invoice,2026-08-11T09:32:50.910415+00:00,62014.03,cust_slow_b_1793,overdue,3,26.31,"{""total_past_payments"": 14, ""past_successful_payments"": 13, ""past_recovery_rate"": 0.9286}",14,13,0.9286,slow_but_reliable_payer,1,0.8907,REMINDER,APPROVED,REMINDER,SUCCESS,62014.03,"The invoice of ₹62,014.03 INR is overdue with 3 previous attempt(s). The customer has a solid historical recovery rate of 92.9%, indicating willingness to pay once notified. Sending a formal payment reminder notice is the most effective approach to prompt settlement."
cb244087-23b2-49d4-a59d-2166468b94f4,subscription_failure,2026-08-21T01:00:31.007274+00:00,7449.58,cust_chroni_8009,insufficient_funds,4,3.65,"{""total_past_payments"": 2, ""past_successful_payments"": 1, ""past_recovery_rate"": 0.5}",2,1,0.5,chronic_failer,0,0.6993,STOP,APPROVED,STOP,NO_ACTION,0.0,"The predicted recovery probability is extremely low (11.5%), indicating high likelihood of permanent failure. Given 4 prior failed attempt(s) and poor past payment performance, continuing automated attempts would incur unnecessary fees and annoy the customer. We recommend halting all recovery efforts for this invoice."
0bd71f29-ef89-4d19-872e-e4590b7d1f40,subscription_failure,2026-07-24T13:10:07.614046+00:00,2337.35,cust_chroni_3711,card_declined,5,2.5,"{""total_past_payments"": 13, ""past_successful_payments"": 3, ""past_recovery_rate"": 0.2308}",13,3,0.2308,chronic_failer,1,0.3077,ESCALATE,APPROVED,ESCALATE,PENDING,0.0,"Automated recovery has failed after 5 attempts for this transaction of ₹2,337.35 INR. With ML recovery probability estimated at 31.9%, automated retries have diminishing returns. Escalating to a human customer success representative is recommended for personalized outreach."
051d71d3-f3f1-4be7-9901-716d65bcaae9,checkout_abandonment,2026-07-29T20:57:50.521520+00:00,5407.62,cust_checko_4496,abandoned,1,2.17,"{""total_past_payments"": 0, ""past_successful_payments"": 0, ""past_recovery_rate"": 0.0}",0,0,0.0,checkout_abandoner,1,0.6822,REMINDER,APPROVED,REMINDER,SUCCESS,5407.62,"The customer abandoned checkout for an order worth ₹5,407.62 INR. Since no transaction was submitted to the payment gateway, automated retries are inapplicable. We recommend sending a targeted checkout reminder notice with an instant payment link."
a7563b35-0371-4c14-87e8-812619b33267,overdue_invoice,2026-07-31T15:54:04.570554+00:00,83539.81,cust_slow_b_7276,overdue,2,22.35,"{""total_past_payments"": 19, ""past_successful_payments"": 14, ""past_recovery_rate"": 0.7368}",19,14,0.7368,slow_but_reliable_payer,1,0.5331,REMINDER,APPROVED,REMINDER,SUCCESS,83539.81,"The invoice of ₹83,539.81 INR is overdue with 2 previous attempt(s). The customer has a solid historical recovery rate of 73.7%, indicating willingness to pay once notified. Sending a formal payment reminder notice is the most effective approach to prompt settlement."
5b072bc9-9a4c-4098-8adc-0160524800d1,subscription_failure,2026-08-10T12:05:12.373149+00:00,92332.45,cust_high_v_3340,card_declined,2,2.43,"{""total_past_payments"": 29, ""past_successful_payments"": 25, ""past_recovery_rate"": 0.8621}",29,25,0.8621,high_value_link_responder,1,0.8544,PAYMENT_LINK,APPROVED,PAYMENT_LINK,SUCCESS,92332.45,"This is a high-value transaction of ₹92,332.45 INR that requires customer-initiated 2FA authentication. Automated gateway retries frequently fail for transactions of this scale due to bank security policies. Sending a secure payment link directly to the customer provides a seamless authentication flow and yields optimal recovery."
e6c7a258-72be-4e0d-ba37-ac5f9df3b5f1,payment_failure,2026-08-15T03:19:52.542568+00:00,193360.49,cust_high_v_2420,card_declined,2,2.04,"{""total_past_payments"": 19, ""past_successful_payments"": 16, ""past_recovery_rate"": 0.8421}",19,16,0.8421,high_value_link_responder,0,0.4971,PAYMENT_LINK,APPROVED,PAYMENT_LINK,FAILED,0.0,"This is a high-value transaction of ₹193,360.49 INR that requires customer-initiated 2FA authentication. Automated gateway retries frequently fail for transactions of this scale due to bank security policies. Sending a secure payment link directly to the customer provides a seamless authentication flow and yields optimal recovery."
1016c8a7-7058-41d6-bdfc-3de334d5da79,payment_failure,2026-07-30T15:07:28.558726+00:00,5597.27,cust_reliab_2380,network_error,2,0.7,"{""total_past_payments"": 18, ""past_successful_payments"": 16, ""past_recovery_rate"": 0.8889}",18,16,0.8889,reliable_temporary_glitch,1,0.9684,RETRY,APPROVED,RETRY,SUCCESS,5597.27,The failure reason 'network_error' appears transient with an estimated recovery probability of 84.6%. The customer maintains a healthy historical success rate of 88.9% across 18 past payments. An automated payment gateway retry within standard cooldown limits is recommended.
10183633-9168-4e08-82bd-dbd69dc50bbf,payment_failure,2026-08-20T17:25:03.411939+00:00,6807.15,cust_chroni_7418,insufficient_funds,5,2.23,"{""total_past_payments"": 18, ""past_successful_payments"": 2, ""past_recovery_rate"": 0.1111}",18,2,0.1111,chronic_failer,0,0.0495,STOP,APPROVED,STOP,NO_ACTION,0.0,"The predicted recovery probability is extremely low (3.0%), indicating high likelihood of permanent failure. Given 5 prior failed attempt(s) and poor past payment performance, continuing automated attempts would incur unnecessary fees and annoy the customer. We recommend halting all recovery efforts for this invoice."
e1c79c1f-7909-4cea-ac0d-799957968c2b,payment_failure,2026-07-23T21:22:03.715265+00:00,4060.12,cust_chroni_1197,insufficient_funds,3,2.45,"{""total_past_payments"": 4, ""past_successful_payments"": 1, ""past_recovery_rate"": 0.25}",4,1,0.25,chronic_failer,1,0.0265,STOP,APPROVED,STOP,NO_ACTION,0.0,"The predicted recovery probability is extremely low (9.0%), indicating high likelihood of permanent failure. Given 3 prior failed attempt(s) and poor past payment performance, continuing automated attempts would incur unnecessary fees and annoy the customer. We recommend halting all recovery efforts for this invoice."
4507dde9-4ab2-4357-acc9-1fa4037488ac,subscription_failure,2026-08-10T13:38:03.168981+00:00,178661.96,cust_high_v_2106,network_error,2,2.89,"{""total_past_payments"": 29, ""past_successful_payments"": 18, ""past_recovery_rate"": 0.6207}",29,18,0.6207,high_value_link_responder,1,0.7836,PAYMENT_LINK,APPROVED,PAYMENT_LINK,SUCCESS,178661.96,"This is a high-value transaction of ₹178,661.96 INR that requires customer-initiated 2FA authentication. Automated gateway retries frequently fail for transactions of this scale due to bank security policies. Sending a secure payment link directly to the customer provides a seamless authentication flow and yields optimal recovery."
9fec3308-1d63-4411-85b6-26d971469cd9,payment_failure,2026-07-24T01:40:53.720602+00:00,3304.21,cust_chroni_7939,insufficient_funds,5,4.77,"{""total_past_payments"": 18, ""past_successful_payments"": 5, ""past_recovery_rate"": 0.2778}",18,5,0.2778,chronic_failer,0,0.014,STOP,APPROVED,STOP,NO_ACTION,0.0,"The predicted recovery probability is extremely low (1.2%), indicating high likelihood of permanent failure. Given 5 prior failed attempt(s) and poor past payment performance, continuing automated attempts would incur unnecessary fees and annoy the customer. We recommend halting all recovery efforts for this invoice."
5c1615d4-0fe2-4fbd-b4af-0f54dac3eb64,subscription_failure,2026-08-12T05:35:53.625178+00:00,4188.18,cust_chroni_7401,card_declined,4,6.85,"{""total_past_payments"": 6, ""past_successful_payments"": 1, ""past_recovery_rate"": 0.1667}",6,1,0.1667,chronic_failer,0,0.0095,STOP,APPROVED,STOP,NO_ACTION,0.0,"The predicted recovery probability is extremely low (0.5%), indicating high likelihood of permanent failure. Given 4 prior failed attempt(s) and poor past payment performance, continuing automated attempts would incur unnecessary fees and annoy the customer. We recommend halting all recovery efforts for this invoice."
3f73eea0-857e-4c6f-8587-62eed8eb689a,subscription_failure,2026-08-02T05:39:35.628654+00:00,4997.46,cust_reliab_2412,insufficient_funds,2,1.49,"{""total_past_payments"": 25, ""past_successful_payments"": 21, ""past_recovery_rate"": 0.84}",25,21,0.84,reliable_temporary_glitch,1,0.9852,RETRY,APPROVED,RETRY,SUCCESS,4997.46,The failure reason 'insufficient_funds' appears transient with an estimated recovery probability of 99.3%. The customer maintains a healthy historical success rate of 84.0% across 25 past payments. An automated payment gateway retry within standard cooldown limits is recommended.
fc6747bc-4fc7-426b-8aa0-b24f0c840f5b,overdue_invoice,2026-08-01T18:56:00.554112+00:00,25808.13,cust_slow_b_6680,overdue,1,22.7,"{""total_past_payments"": 4, ""past_successful_payments"": 3, ""past_recovery_rate"": 0.75}",4,3,0.75,slow_but_reliable_payer,1,0.6316,REMINDER,APPROVED,REMINDER,SUCCESS,25808.13,"The invoice of ₹25,808.13 INR is overdue with 1 previous attempt(s). The customer has a solid historical recovery rate of 75.0%, indicating willingness to pay once notified. Sending a formal payment reminder notice is the most effective approach to prompt settlement."
32411af3-717e-4fbc-8ffe-20d54102fe2c,subscription_failure,2026-08-16T12:31:04.295447+00:00,1190.06,cust_chroni_1480,expired_card,5,5.4,"{""total_past_payments"": 5, ""past_successful_payments"": 1, ""past_recovery_rate"": 0.2}",5,1,0.2,chronic_failer,0,0.0711,STOP,APPROVED,STOP,NO_ACTION,0.0,"The predicted recovery probability is extremely low (3.1%), indicating high likelihood of permanent failure. Given 5 prior failed attempt(s) and poor past payment performance, continuing automated attempts would incur unnecessary fees and annoy the customer. We recommend halting all recovery efforts for this invoice."
eddcea7a-9812-4ae0-b7ba-3fe1480c4e32,checkout_abandonment,2026-08-02T16:54:27.169848+00:00,6180.5,cust_checko_3577,abandoned,2,0.36,"{""total_past_payments"": 9, ""past_successful_payments"": 3, ""past_recovery_rate"": 0.3333}",9,3,0.3333,checkout_abandoner,1,0.2251,REMINDER,BLOCKED: max_daily_contact_attempts_per_customer,STOP,NO_ACTION,0.0,"The customer abandoned checkout for an order worth ₹6,180.50 INR. Since no transaction was submitted to the payment gateway, automated retries are inapplicable. We recommend sending a targeted checkout reminder notice with an instant payment link."
73a7c46e-63ed-4482-8e7f-dedd86bc81ff,checkout_abandonment,2026-07-30T20:19:50.729066+00:00,3088.07,cust_checko_5006,abandoned,1,0.32,"{""total_past_payments"": 0, ""past_successful_payments"": 0, ""past_recovery_rate"": 0.0}",0,0,0.0,checkout_abandoner,0,0.2286,REMINDER,APPROVED,REMINDER,FAILED,0.0,"The customer abandoned checkout for an order worth ₹3,088.07 INR. Since no transaction was submitted to the payment gateway, automated retries are inapplicable. We recommend sending a targeted checkout reminder notice with an instant payment link."
6f6f1389-fc09-400f-b1cc-1434a2d1edd7,payment_failure,2026-08-20T11:16:09.888990+00:00,12145.17,cust_reliab_6241,card_declined,2,0.53,"{""total_past_payments"": 25, ""past_successful_payments"": 23, ""past_recovery_rate"": 0.92}",25,23,0.92,reliable_temporary_glitch,1,0.5722,RETRY,APPROVED,RETRY,SUCCESS,12145.17,The failure reason 'card_declined' appears transient with an estimated recovery probability of 99.0%. The customer maintains a healthy historical success rate of 92.0% across 25 past payments. An automated payment gateway retry within standard cooldown limits is recommended.
254165a2-d145-46ff-bc10-d811b4be0722,payment_failure,2026-08-06T11:15:42.149625+00:00,7235.14,cust_chroni_7568,card_declined,4,2.34,"{""total_past_payments"": 18, ""past_successful_payments"": 6, ""past_recovery_rate"": 0.3333}",18,6,0.3333,chronic_failer,0,0.0142,STOP,APPROVED,STOP,NO_ACTION,0.0,"The predicted recovery probability is extremely low (1.5%), indicating high likelihood of permanent failure. Given 4 prior failed attempt(s) and poor past payment performance, continuing automated attempts would incur unnecessary fees and annoy the customer. We recommend halting all recovery efforts for this invoice."
7c74d65b-883a-4d44-8b64-402efc46c127,overdue_invoice,2026-08-04T22:30:19.376065+00:00,10717.23,cust_slow_b_4974,overdue,1,12.29,"{""total_past_payments"": 13, ""past_successful_payments"": 12, ""past_recovery_rate"": 0.9231}",13,12,0.9231,slow_but_reliable_payer,1,0.8248,REMINDER,APPROVED,REMINDER,SUCCESS,10717.23,"The invoice of ₹10,717.23 INR is overdue with 1 previous attempt(s). The customer has a solid historical recovery rate of 92.3%, indicating willingness to pay once notified. Sending a formal payment reminder notice is the most effective approach to prompt settlement."
7ed8489d-9475-4b40-88fb-641e4d393ebf,subscription_failure,2026-07-29T08:26:58.695183+00:00,1724.29,cust_chroni_9872,expired_card,4,1.9,"{""total_past_payments"": 15, ""past_successful_payments"": 1, ""past_recovery_rate"": 0.0667}",15,1,0.0667,chronic_failer,0,0.2509,STOP,APPROVED,STOP,NO_ACTION,0.0,"The predicted recovery probability is extremely low (5.3%), indicating high likelihood of permanent failure. Given 4 prior failed attempt(s) and poor past payment performance, continuing automated attempts would incur unnecessary fees and annoy the customer. We recommend halting all recovery efforts for this invoice."
6be0f9a6-620c-46c7-b15a-a5be5483f9e1,subscription_failure,2026-08-01T19:28:20.693102+00:00,12810.59,cust_reliab_7878,network_error,2,0.3,"{""total_past_payments"": 43, ""past_successful_payments"": 42, ""past_recovery_rate"": 0.9767}",43,42,0.9767,reliable_temporary_glitch,1,0.5732,RETRY,APPROVED,RETRY,SUCCESS,12810.59,The failure reason 'network_error' appears transient with an estimated recovery probability of 92.0%. The customer maintains a healthy historical success rate of 97.7% across 43 past payments. An automated payment gateway retry within standard cooldown limits is recommended.
c8b0ca1a-18b3-47f0-ad56-90cc09356ee3,checkout_abandonment,2026-07-31T04:20:29.058341+00:00,1524.46,cust_checko_7102,abandoned,1,2.71,"{""total_past_payments"": 8, ""past_successful_payments"": 3, ""past_recovery_rate"": 0.375}",8,3,0.375,checkout_abandoner,0,0.0098,STOP,APPROVED,STOP,NO_ACTION,0.0,"The predicted recovery probability is extremely low (2.6%), indicating high likelihood of permanent failure. Given 1 prior failed attempt(s) and poor past payment performance, continuing automated attempts would incur unnecessary fees and annoy the customer. We recommend halting all recovery efforts for this invoice."
76bdcdfe-49bb-4339-b4ae-ec6805a0135a,payment_failure,2026-08-09T16:47:53.731077+00:00,158176.55,cust_high_v_5276,network_error,1,1.59,"{""total_past_payments"": 9, ""past_successful_payments"": 6, ""past_recovery_rate"": 0.6667}",9,6,0.6667,high_value_link_responder,0,0.6835,PAYMENT_LINK,APPROVED,PAYMENT_LINK,FAILED,0.0,"This is a high-value transaction of ₹158,176.55 INR that requires customer-initiated 2FA authentication. Automated gateway retries frequently fail for transactions of this scale due to bank security policies. Sending a secure payment link directly to the customer provides a seamless authentication flow and yields optimal recovery."
b25cf400-d6aa-4b74-b314-2098ec045ee7,subscription_failure,2026-07-27T13:45:47.901267+00:00,98406.6,cust_high_v_3230,card_declined,2,1.18,"{""total_past_payments"": 7, ""past_successful_payments"": 6, ""past_recovery_rate"": 0.8571}",7,6,0.8571,high_value_link_responder,1,0.543,PAYMENT_LINK,APPROVED,PAYMENT_LINK,SUCCESS,98406.6,"This is a high-value transaction of ₹98,406.60 INR that requires customer-initiated 2FA authentication. Automated gateway retries frequently fail for transactions of this scale due to bank security policies. Sending a secure payment link directly to the customer provides a seamless authentication flow and yields optimal recovery."
98bf39b2-006a-4a3c-a36e-212a405de555,overdue_invoice,2026-08-09T08:02:31.738234+00:00,58233.21,cust_slow_b_2964,overdue,1,16.3,"{""total_past_payments"": 18, ""past_successful_payments"": 14, ""past_recovery_rate"": 0.7778}",18,14,0.7778,slow_but_reliable_payer,1,0.8947,REMINDER,APPROVED,REMINDER,SUCCESS,58233.21,"The invoice of ₹58,233.21 INR is overdue with 1 previous attempt(s). The customer has a solid historical recovery rate of 77.8%, indicating willingness to pay once notified. Sending a formal payment reminder notice is the most effective approach to prompt settlement."
009d4efc-0fc5-437c-870b-4214b5256c7c,checkout_abandonment,2026-07-31T09:20:37.420950+00:00,7418.14,cust_checko_5066,abandoned,1,2.54,"{""total_past_payments"": 5, ""past_successful_payments"": 1, ""past_recovery_rate"": 0.2}",5,1,0.2,checkout_abandoner,1,0.0414,STOP,APPROVED,STOP,NO_ACTION,0.0,"The predicted recovery probability is extremely low (9.7%), indicating high likelihood of permanent failure. Given 1 prior failed attempt(s) and poor past payment performance, continuing automated attempts would incur unnecessary fees and annoy the customer. We recommend halting all recovery efforts for this invoice."
493c93c6-fa24-4a6e-a30b-0315b7885555,payment_failure,2026-08-16T07:32:47.110109+00:00,14305.4,cust_reliab_8570,insufficient_funds,2,1.16,"{""total_past_payments"": 45, ""past_successful_payments"": 40, ""past_recovery_rate"": 0.8889}",45,40,0.8889,reliable_temporary_glitch,1,0.6474,RETRY,APPROVED,RETRY,SUCCESS,14305.4,The failure reason 'insufficient_funds' appears transient with an estimated recovery probability of 66.0%. The customer maintains a healthy historical success rate of 88.9% across 45 past payments. An automated payment gateway retry within standard cooldown limits is recommended.
e243cb75-e016-45d1-bc3c-3bfeecb39f8d,subscription_failure,2026-08-19T16:19:45.746594+00:00,11823.92,cust_reliab_2376,network_error,1,0.35,"{""total_past_payments"": 35, ""past_successful_payments"": 32, ""past_recovery_rate"": 0.9143}",35,32,0.9143,reliable_temporary_glitch,1,0.9267,RETRY,APPROVED,RETRY,SUCCESS,11823.92,The failure reason 'network_error' appears transient with an estimated recovery probability of 86.4%. The customer maintains a healthy historical success rate of 91.4% across 35 past payments. An automated payment gateway retry within standard cooldown limits is recommended.
ae7561b7-6c13-4824-bf37-c1a2fa77a796,payment_failure,2026-07-25T10:56:02.428438+00:00,124772.05,cust_high_v_1699,card_declined,1,0.73,"{""total_past_payments"": 30, ""past_successful_payments"": 21, ""past_recovery_rate"": 0.7}",30,21,0.7,high_value_link_responder,0,0.7699,PAYMENT_LINK,APPROVED,PAYMENT_LINK,FAILED,0.0,"This is a high-value transaction of ₹124,772.05 INR that requires customer-initiated 2FA authentication. Automated gateway retries frequently fail for transactions of this scale due to bank security policies. Sending a secure payment link directly to the customer provides a seamless authentication flow and yields optimal recovery."
1f96e86a-13af-4bda-9a77-ad7467904480,payment_failure,2026-08-08T12:51:30.943012+00:00,187996.94,cust_high_v_6799,insufficient_funds,2,0.57,"{""total_past_payments"": 26, ""past_successful_payments"": 19, ""past_recovery_rate"": 0.7308}",26,19,0.7308,high_value_link_responder,1,0.7708,PAYMENT_LINK,APPROVED,PAYMENT_LINK,SUCCESS,187996.94,"This is a high-value transaction of ₹187,996.94 INR that requires customer-initiated 2FA authentication. Automated gateway retries frequently fail for transactions of this scale due to bank security policies. Sending a secure payment link directly to the customer provides a seamless authentication flow and yields optimal recovery."
af5835f7-0a23-4207-9ea1-b9e51b12983d,subscription_failure,2026-08-02T22:55:26.658213+00:00,80301.58,cust_high_v_2437,card_declined,2,1.75,"{""total_past_payments"": 22, ""past_successful_payments"": 16, ""past_recovery_rate"": 0.7273}",22,16,0.7273,high_value_link_responder,1,0.6923,PAYMENT_LINK,APPROVED,PAYMENT_LINK,SUCCESS,80301.58,"This is a high-value transaction of ₹80,301.58 INR that requires customer-initiated 2FA authentication. Automated gateway retries frequently fail for transactions of this scale due to bank security policies. Sending a secure payment link directly to the customer provides a seamless authentication flow and yields optimal recovery."
95dd4e92-73cb-468e-81db-80395553c5e1,overdue_invoice,2026-07-25T23:46:52.950785+00:00,57323.27,cust_slow_b_7266,overdue,3,29.85,"{""total_past_payments"": 21, ""past_successful_payments"": 19, ""past_recovery_rate"": 0.9048}",21,19,0.9048,slow_but_reliable_payer,1,0.9245,REMINDER,APPROVED,REMINDER,SUCCESS,57323.27,"The invoice of ₹57,323.27 INR is overdue with 3 previous attempt(s). The customer has a solid historical recovery rate of 90.5%, indicating willingness to pay once notified. Sending a formal payment reminder notice is the most effective approach to prompt settlement."
592d7c5e-1123-4cb2-a539-9805980c11e7,overdue_invoice,2026-08-06T11:00:28.954478+00:00,44954.31,cust_slow_b_5602,insufficient_funds,1,5.65,"{""total_past_payments"": 23, ""past_successful_payments"": 17, ""past_recovery_rate"": 0.7391}",23,17,0.7391,slow_but_reliable_payer,1,0.8368,REMINDER,APPROVED,REMINDER,SUCCESS,44954.31,"The invoice of ₹44,954.31 INR is overdue with 1 previous attempt(s). The customer has a solid historical recovery rate of 73.9%, indicating willingness to pay once notified. Sending a formal payment reminder notice is the most effective approach to prompt settlement."
0697b916-727b-479b-859b-3cc7a53b8582,checkout_abandonment,2026-07-29T12:36:17.372230+00:00,11995.45,cust_checko_9743,abandoned,1,0.48,"{""total_past_payments"": 10, ""past_successful_payments"": 3, ""past_recovery_rate"": 0.3}",10,3,0.3,checkout_abandoner,1,0.3357,REMINDER,APPROVED,REMINDER,SUCCESS,11995.45,"The customer abandoned checkout for an order worth ₹11,995.45 INR. Since no transaction was submitted to the payment gateway, automated retries are inapplicable. We recommend sending a targeted checkout reminder notice with an instant payment link."
6516ad83-81f2-4131-8594-6698e3392ffd,subscription_failure,2026-07-27T03:14:51.078373+00:00,12062.16,cust_reliab_6210,network_error,2,1.88,"{""total_past_payments"": 21, ""past_successful_payments"": 18, ""past_recovery_rate"": 0.8571}",21,18,0.8571,reliable_temporary_glitch,0,0.815,RETRY,APPROVED,RETRY,FAILED,0.0,The failure reason 'network_error' appears transient with an estimated recovery probability of 94.5%. The customer maintains a healthy historical success rate of 85.7% across 21 past payments. An automated payment gateway retry within standard cooldown limits is recommended.
b52edc90-be2f-46bd-b3c6-b6a15acd1494,payment_failure,2026-08-20T16:25:20.844133+00:00,182626.18,cust_high_v_9064,insufficient_funds,3,1.91,"{""total_past_payments"": 23, ""past_successful_payments"": 20, ""past_recovery_rate"": 0.8696}",23,20,0.8696,high_value_link_responder,1,0.8641,PAYMENT_LINK,APPROVED,PAYMENT_LINK,SUCCESS,182626.18,"This is a high-value transaction of ₹182,626.18 INR that requires customer-initiated 2FA authentication. Automated gateway retries frequently fail for transactions of this scale due to bank security policies. Sending a secure payment link directly to the customer provides a seamless authentication flow and yields optimal recovery."
f3ef5e1c-4130-45e0-be94-f324a9404752,payment_failure,2026-08-20T22:22:58.923081+00:00,3928.31,cust_chroni_6582,expired_card,5,6.51,"{""total_past_payments"": 8, ""past_successful_payments"": 2, ""past_recovery_rate"": 0.25}",8,2,0.25,chronic_failer,0,0.0037,STOP,APPROVED,STOP,NO_ACTION,0.0,"The predicted recovery probability is extremely low (0.3%), indicating high likelihood of permanent failure. Given 5 prior failed attempt(s) and poor past payment performance, continuing automated attempts would incur unnecessary fees and annoy the customer. We recommend halting all recovery efforts for this invoice."
75d43d72-fe15-4de8-a25b-68a71dafa5f2,checkout_abandonment,2026-08-11T19:44:50.073976+00:00,703.09,cust_checko_2188,abandoned,1,2.37,"{""total_past_payments"": 8, ""past_successful_payments"": 5, ""past_recovery_rate"": 0.625}",8,5,0.625,checkout_abandoner,0,0.4686,REMINDER,APPROVED,REMINDER,FAILED,0.0,"The customer abandoned checkout for an order worth ₹703.09 INR. Since no transaction was submitted to the payment gateway, automated retries are inapplicable. We recommend sending a targeted checkout reminder notice with an instant payment link."
538610a7-8450-4f6b-ae4a-79af88ed56c4,payment_failure,2026-08-17T10:29:09.547206+00:00,1428.53,cust_chroni_3854,card_declined,6,5.75,"{""total_past_payments"": 17, ""past_successful_payments"": 4, ""past_recovery_rate"": 0.2353}",17,4,0.2353,chronic_failer,0,0.1058,STOP,APPROVED,STOP,NO_ACTION,0.0,"The predicted recovery probability is extremely low (1.5%), indicating high likelihood of permanent failure. Given 6 prior failed attempt(s) and poor past payment performance, continuing automated attempts would incur unnecessary fees and annoy the customer. We recommend halting all recovery efforts for this invoice."
645cdc04-40ab-4c66-ac68-d16fc6cfda08,payment_failure,2026-08-03T02:51:38.580544+00:00,5673.97,cust_reliab_1029,insufficient_funds,1,0.82,"{""total_past_payments"": 28, ""past_successful_payments"": 24, ""past_recovery_rate"": 0.8571}",28,24,0.8571,reliable_temporary_glitch,1,0.9041,RETRY,APPROVED,RETRY,SUCCESS,5673.97,The failure reason 'insufficient_funds' appears transient with an estimated recovery probability of 94.7%. The customer maintains a healthy historical success rate of 85.7% across 28 past payments. An automated payment gateway retry within standard cooldown limits is recommended.
853d7322-92d2-4080-b701-3323f9e4a134,subscription_failure,2026-08-20T13:24:56.203230+00:00,160537.45,cust_high_v_9129,insufficient_funds,3,1.05,"{""total_past_payments"": 23, ""past_successful_payments"": 15, ""past_recovery_rate"": 0.6522}",23,15,0.6522,high_value_link_responder,1,0.8839,PAYMENT_LINK,APPROVED,PAYMENT_LINK,SUCCESS,160537.45,"This is a high-value transaction of ₹160,537.45 INR that requires customer-initiated 2FA authentication. Automated gateway retries frequently fail for transactions of this scale due to bank security policies. Sending a secure payment link directly to the customer provides a seamless authentication flow and yields optimal recovery."
2f8ac8c0-4f63-4679-ba2b-f5beef5709ce,subscription_failure,2026-07-23T01:25:04.207302+00:00,62774.67,cust_high_v_6500,card_declined,1,2.55,"{""total_past_payments"": 26, ""past_successful_payments"": 21, ""past_recovery_rate"": 0.8077}",26,21,0.8077,high_value_link_responder,1,0.5027,PAYMENT_LINK,APPROVED,PAYMENT_LINK,SUCCESS,62774.67,"This is a high-value transaction of ₹62,774.67 INR that requires customer-initiated 2FA authentication. Automated gateway retries frequently fail for transactions of this scale due to bank security policies. Sending a secure payment link directly to the customer provides a seamless authentication flow and yields optimal recovery."
9e32a792-02ba-4546-8c12-f472ded041b9,payment_failure,2026-08-18T06:56:46.586671+00:00,209.99,cust_chroni_7783,card_declined,6,3.63,"{""total_past_payments"": 15, ""past_successful_payments"": 5, ""past_recovery_rate"": 0.3333}",15,5,0.3333,chronic_failer,0,0.0151,STOP,APPROVED,STOP,NO_ACTION,0.0,"The predicted recovery probability is extremely low (6.5%), indicating high likelihood of permanent failure. Given 6 prior failed attempt(s) and poor past payment performance, continuing automated attempts would incur unnecessary fees and annoy the customer. We recommend halting all recovery efforts for this invoice."
fb2151bb-6b24-4daa-ad0d-dd7930e6ffd3,payment_failure,2026-08-18T11:42:09.446448+00:00,3940.02,cust_chroni_1547,expired_card,4,1.98,"{""total_past_payments"": 4, ""past_successful_payments"": 1, ""past_recovery_rate"": 0.25}",4,1,0.25,chronic_failer,0,0.0235,STOP,APPROVED,STOP,NO_ACTION,0.0,"The predicted recovery probability is extremely low (1.0%), indicating high likelihood of permanent failure. Given 4 prior failed attempt(s) and poor past payment performance, continuing automated attempts would incur unnecessary fees and annoy the customer. We recommend halting all recovery efforts for this invoice."
86d70742-778d-4e4b-bc33-5d353e9fcb8a,checkout_abandonment,2026-08-10T06:24:05.437499+00:00,8904.43,cust_checko_1507,abandoned,1,1.15,"{""total_past_payments"": 9, ""past_successful_payments"": 6, ""past_recovery_rate"": 0.6667}",9,6,0.6667,checkout_abandoner,1,0.3631,REMINDER,APPROVED,REMINDER,SUCCESS,8904.43,"The customer abandoned checkout for an order worth ₹8,904.43 INR. Since no transaction was submitted to the payment gateway, automated retries are inapplicable. We recommend sending a targeted checkout reminder notice with an instant payment link."
6121da10-39e9-4c23-8db7-fa0417669886,payment_failure,2026-08-08T12:06:24.875397+00:00,37050.04,cust_high_v_9849,network_error,2,1.01,"{""total_past_payments"": 11, ""past_successful_payments"": 8, ""past_recovery_rate"": 0.7273}",11,8,0.7273,high_value_link_responder,1,0.4188,PAYMENT_LINK,APPROVED,PAYMENT_LINK,SUCCESS,37050.04,"This is a high-value transaction of ₹37,050.04 INR that requires customer-initiated 2FA authentication. Automated gateway retries frequently fail for transactions of this scale due to bank security policies. Sending a secure payment link directly to the customer provides a seamless authentication flow and yields optimal recovery."
dafa9a05-37af-464e-bdaa-6601af64d852,checkout_abandonment,2026-07-27T08:02:09.396487+00:00,2223.96,cust_checko_8869,abandoned,2,0.21,"{""total_past_payments"": 1, ""past_successful_payments"": 0, ""past_recovery_rate"": 0.0}",1,0,0.0,checkout_abandoner,1,0.2013,REMINDER,BLOCKED: max_daily_contact_attempts_per_customer,STOP,NO_ACTION,0.0,"The customer abandoned checkout for an order worth ₹2,223.96 INR. Since no transaction was submitted to the payment gateway, automated retries are inapplicable. We recommend sending a targeted checkout reminder notice with an instant payment link."
55bfaf5c-9ca6-4d4f-bb93-98e13928a9b4,payment_failure,2026-08-12T18:37:36.953061+00:00,43435.62,cust_high_v_5341,card_declined,1,1.27,"{""total_past_payments"": 17, ""past_successful_payments"": 13, ""past_recovery_rate"": 0.7647}",17,13,0.7647,high_value_link_responder,1,0.7871,PAYMENT_LINK,APPROVED,PAYMENT_LINK,SUCCESS,43435.62,"This is a high-value transaction of ₹43,435.62 INR that requires customer-initiated 2FA authentication. Automated gateway retries frequently fail for transactions of this scale due to bank security policies. Sending a secure payment link directly to the customer provides a seamless authentication flow and yields optimal recovery."
082c57f7-a321-4242-a578-c2bf18fd21d5,subscription_failure,2026-08-08T03:46:22.771161+00:00,4317.79,cust_reliab_3476,network_error,2,0.6,"{""total_past_payments"": 27, ""past_successful_payments"": 25, ""past_recovery_rate"": 0.9259}",27,25,0.9259,reliable_temporary_glitch,1,0.9668,RETRY,APPROVED,RETRY,SUCCESS,4317.79,The failure reason 'network_error' appears transient with an estimated recovery probability of 97.6%. The customer maintains a healthy historical success rate of 92.6% across 27 past payments. An automated payment gateway retry within standard cooldown limits is recommended.
a82b16c0-4299-4768-8efb-240a603cd6f0,checkout_abandonment,2026-08-11T05:12:04.999139+00:00,6703.74,cust_checko_7858,abandoned,1,1.75,"{""total_past_payments"": 6, ""past_successful_payments"": 4, ""past_recovery_rate"": 0.6667}",6,4,0.6667,checkout_abandoner,0,0.2124,STOP,APPROVED,STOP,NO_ACTION,0.0,"The predicted recovery probability is extremely low (19.7%), indicating high likelihood of permanent failure. Given 1 prior failed attempt(s) and poor past payment performance, continuing automated attempts would incur unnecessary fees and annoy the customer. We recommend halting all recovery efforts for this invoice."
a824e87c-840e-455b-a3d1-77a0d9d1d7e8,checkout_abandonment,2026-08-12T13:33:27.606526+00:00,5009.99,cust_checko_3415,abandoned,1,1.61,"{""total_past_payments"": 8, ""past_successful_payments"": 5, ""past_recovery_rate"": 0.625}",8,5,0.625,checkout_abandoner,1,0.4134,REMINDER,APPROVED,REMINDER,SUCCESS,5009.99,"The customer abandoned checkout for an order worth ₹5,009.99 INR. Since no transaction was submitted to the payment gateway, automated retries are inapplicable. We recommend sending a targeted checkout reminder notice with an instant payment link."
98408ebb-df3f-42c4-a459-82d7437b4477,checkout_abandonment,2026-07-22T23:59:10.442353+00:00,11678.5,cust_checko_8133,abandoned,1,0.55,"{""total_past_payments"": 6, ""past_successful_payments"": 1, ""past_recovery_rate"": 0.1667}",6,1,0.1667,checkout_abandoner,1,0.6057,STOP,APPROVED,STOP,NO_ACTION,0.0,"The predicted recovery probability is extremely low (7.0%), indicating high likelihood of permanent failure. Given 1 prior failed attempt(s) and poor past payment performance, continuing automated attempts would incur unnecessary fees and annoy the customer. We recommend halting all recovery efforts for this invoice."
a1c9b9fa-317d-4ec3-8a46-c7d0f5d81c46,checkout_abandonment,2026-07-30T17:13:01.273290+00:00,9774.82,cust_checko_5525,abandoned,1,1.29,"{""total_past_payments"": 6, ""past_successful_payments"": 3, ""past_recovery_rate"": 0.5}",6,3,0.5,checkout_abandoner,0,0.7832,REMINDER,APPROVED,REMINDER,FAILED,0.0,"The customer abandoned checkout for an order worth ₹9,774.82 INR. Since no transaction was submitted to the payment gateway, automated retries are inapplicable. We recommend sending a targeted checkout reminder notice with an instant payment link."
73b8d153-044b-48be-bccc-97e5daccd22a,checkout_abandonment,2026-07-31T12:26:04.053939+00:00,7236.5,cust_checko_2641,abandoned,2,0.52,"{""total_past_payments"": 2, ""past_successful_payments"": 1, ""past_recovery_rate"": 0.5}",2,1,0.5,checkout_abandoner,1,0.3631,STOP,APPROVED,STOP,NO_ACTION,0.0,"The predicted recovery probability is extremely low (3.2%), indicating high likelihood of permanent failure. Given 2 prior failed attempt(s) and poor past payment performance, continuing automated attempts would incur unnecessary fees and annoy the customer. We recommend halting all recovery efforts for this invoice."
f8c62dcc-9291-4ad5-b62e-7c2746d28a97,payment_failure,2026-08-11T05:08:43.362227+00:00,6457.91,cust_reliab_1613,network_error,2,1.34,"{""total_past_payments"": 46, ""past_successful_payments"": 43, ""past_recovery_rate"": 0.9348}",46,43,0.9348,reliable_temporary_glitch,1,0.9871,RETRY,APPROVED,RETRY,SUCCESS,6457.91,The failure reason 'network_error' appears transient with an estimated recovery probability of 97.8%. The customer maintains a healthy historical success rate of 93.5% across 46 past payments. An automated payment gateway retry within standard cooldown limits is recommended.
42dc3acf-1939-4bd7-889b-714c048e714a,payment_failure,2026-08-01T02:32:45.331657+00:00,115386.98,cust_high_v_1807,network_error,2,2.72,"{""total_past_payments"": 15, ""past_successful_payments"": 12, ""past_recovery_rate"": 0.8}",15,12,0.8,high_value_link_responder,0,0.784,PAYMENT_LINK,APPROVED,PAYMENT_LINK,FAILED,0.0,"This is a high-value transaction of ₹115,386.98 INR that requires customer-initiated 2FA authentication. Automated gateway retries frequently fail for transactions of this scale due to bank security policies. Sending a secure payment link directly to the customer provides a seamless authentication flow and yields optimal recovery."
3c3aa018-5dfa-4c36-830d-1141693dff53,payment_failure,2026-08-12T10:31:53.833776+00:00,2386.7,cust_chroni_4734,insufficient_funds,6,6.15,"{""total_past_payments"": 5, ""past_successful_payments"": 2, ""past_recovery_rate"": 0.4}",5,2,0.4,chronic_failer,0,0.6507,STOP,APPROVED,STOP,NO_ACTION,0.0,"The predicted recovery probability is extremely low (17.5%), indicating high likelihood of permanent failure. Given 6 prior failed attempt(s) and poor past payment performance, continuing automated attempts would incur unnecessary fees and annoy the customer. We recommend halting all recovery efforts for this invoice."
104b6014-1da3-427e-afc0-c2076527dff3,subscription_failure,2026-07-27T18:08:18.197148+00:00,85619.5,cust_high_v_4463,network_error,2,2.01,"{""total_past_payments"": 7, ""past_successful_payments"": 5, ""past_recovery_rate"": 0.7143}",7,5,0.7143,high_value_link_responder,1,0.913,PAYMENT_LINK,APPROVED,PAYMENT_LINK,SUCCESS,85619.5,"This is a high-value transaction of ₹85,619.50 INR that requires customer-initiated 2FA authentication. Automated gateway retries frequently fail for transactions of this scale due to bank security policies. Sending a secure payment link directly to the customer provides a seamless authentication flow and yields optimal recovery."
678e4017-496a-497e-9025-1068005d7709,payment_failure,2026-08-19T20:15:46.786635+00:00,11976.61,cust_reliab_9589,network_error,1,0.69,"{""total_past_payments"": 42, ""past_successful_payments"": 38, ""past_recovery_rate"": 0.9048}",42,38,0.9048,reliable_temporary_glitch,0,0.8274,RETRY,APPROVED,RETRY,FAILED,0.0,The failure reason 'network_error' appears transient with an estimated recovery probability of 90.4%. The customer maintains a healthy historical success rate of 90.5% across 42 past payments. An automated payment gateway retry within standard cooldown limits is recommended.
30705b9f-300a-404c-8ceb-6fd1491b9c3e,payment_failure,2026-07-27T13:01:17.886600+00:00,6728.42,cust_chroni_4262,card_declined,4,1.2,"{""total_past_payments"": 3, ""past_successful_payments"": 1, ""past_recovery_rate"": 0.3333}",3,1,0.3333,chronic_failer,0,0.0505,STOP,APPROVED,STOP,NO_ACTION,0.0,"The predicted recovery probability is extremely low (1.8%), indicating high likelihood of permanent failure. Given 4 prior failed attempt(s) and poor past payment performance, continuing automated attempts would incur unnecessary fees and annoy the customer. We recommend halting all recovery efforts for this invoice."
4a7ff4ab-df3e-41c8-8b4b-994102593138,checkout_abandonment,2026-08-20T14:43:32.478486+00:00,4751.99,cust_checko_6730,abandoned,2,0.7,"{""total_past_payments"": 7, ""past_successful_payments"": 3, ""past_recovery_rate"": 0.4286}",7,3,0.4286,checkout_abandoner,1,0.4822,REMINDER,BLOCKED: max_daily_contact_attempts_per_customer,STOP,NO_ACTION,0.0,"The customer abandoned checkout for an order worth ₹4,751.99 INR. Since no transaction was submitted to the payment gateway, automated retries are inapplicable. We recommend sending a targeted checkout reminder notice with an instant payment link."
6e6a27b8-d51e-441e-86d3-1e78c3d9ff0c,subscription_failure,2026-07-27T14:30:16.711233+00:00,905.06,cust_chroni_4511,card_declined,3,3.32,"{""total_past_payments"": 7, ""past_successful_payments"": 2, ""past_recovery_rate"": 0.2857}",7,2,0.2857,chronic_failer,0,0.0014,STOP,APPROVED,STOP,NO_ACTION,0.0,"The predicted recovery probability is extremely low (0.1%), indicating high likelihood of permanent failure. Given 3 prior failed attempt(s) and poor past payment performance, continuing automated attempts would incur unnecessary fees and annoy the customer. We recommend halting all recovery efforts for this invoice."
9b34f8e9-febc-4653-a70d-e621b091f8b4,overdue_invoice,2026-08-20T22:17:36.562518+00:00,80227.33,cust_slow_b_1138,overdue,3,5.22,"{""total_past_payments"": 8, ""past_successful_payments"": 7, ""past_recovery_rate"": 0.875}",8,7,0.875,slow_but_reliable_payer,1,0.257,REMINDER,APPROVED,REMINDER,SUCCESS,80227.33,"The invoice of ₹80,227.33 INR is overdue with 3 previous attempt(s). The customer has a solid historical recovery rate of 87.5%, indicating willingness to pay once notified. Sending a formal payment reminder notice is the most effective approach to prompt settlement."
5c1ec667-3037-42b7-86db-7d7bfac039b5,payment_failure,2026-07-31T03:33:28.927996+00:00,184607.84,cust_high_v_8520,insufficient_funds,2,1.56,"{""total_past_payments"": 17, ""past_successful_payments"": 15, ""past_recovery_rate"": 0.8824}",17,15,0.8824,high_value_link_responder,0,0.9468,PAYMENT_LINK,APPROVED,PAYMENT_LINK,FAILED,0.0,"This is a high-value transaction of ₹184,607.84 INR that requires customer-initiated 2FA authentication. Automated gateway retries frequently fail for transactions of this scale due to bank security policies. Sending a secure payment link directly to the customer provides a seamless authentication flow and yields optimal recovery."
dfbce04a-e142-407e-b75d-e7ee5c88e220,subscription_failure,2026-08-18T11:03:59.302275+00:00,140090.59,cust_high_v_5631,card_declined,3,2.92,"{""total_past_payments"": 16, ""past_successful_payments"": 12, ""past_recovery_rate"": 0.75}",16,12,0.75,high_value_link_responder,1,0.5821,PAYMENT_LINK,APPROVED,PAYMENT_LINK,SUCCESS,140090.59,"This is a high-value transaction of ₹140,090.59 INR that requires customer-initiated 2FA authentication. Automated gateway retries frequently fail for transactions of this scale due to bank security policies. Sending a secure payment link directly to the customer provides a seamless authentication flow and yields optimal recovery."
265ceb8f-fe7f-4b70-a13d-88105dd93d30,checkout_abandonment,2026-07-22T21:06:40.649766+00:00,7848.87,cust_checko_3456,abandoned,2,0.93,"{""total_past_payments"": 10, ""past_successful_payments"": 3, ""past_recovery_rate"": 0.3}",10,3,0.3,checkout_abandoner,1,0.6609,REMINDER,BLOCKED: max_daily_contact_attempts_per_customer,STOP,NO_ACTION,0.0,"The customer abandoned checkout for an order worth ₹7,848.87 INR. Since no transaction was submitted to the payment gateway, automated retries are inapplicable. We recommend sending a targeted checkout reminder notice with an instant payment link."
c9c88c93-5360-47dd-9f7e-efbe2794a904,checkout_abandonment,2026-08-09T09:46:49.152327+00:00,4141.22,cust_checko_5843,abandoned,1,2.22,"{""total_past_payments"": 10, ""past_successful_payments"": 4, ""past_recovery_rate"": 0.4}",10,4,0.4,checkout_abandoner,1,0.4719,STOP,APPROVED,STOP,NO_ACTION,0.0,"The predicted recovery probability is extremely low (8.8%), indicating high likelihood of permanent failure. Given 1 prior failed attempt(s) and poor past payment performance, continuing automated attempts would incur unnecessary fees and annoy the customer. We recommend halting all recovery efforts for this invoice."
72737816-81e9-4ab4-ad82-9c53c9dfdc1f,payment_failure,2026-08-20T11:18:05.412687+00:00,184315.52,cust_high_v_4643,card_declined,3,2.54,"{""total_past_payments"": 15, ""past_successful_payments"": 12, ""past_recovery_rate"": 0.8}",15,12,0.8,high_value_link_responder,1,0.8103,PAYMENT_LINK,APPROVED,PAYMENT_LINK,SUCCESS,184315.52,"This is a high-value transaction of ₹184,315.52 INR that requires customer-initiated 2FA authentication. Automated gateway retries frequently fail for transactions of this scale due to bank security policies. Sending a secure payment link directly to the customer provides a seamless authentication flow and yields optimal recovery."
f579fb80-42b9-4e6f-9fe3-877e315df3db,payment_failure,2026-08-12T12:35:27.277600+00:00,25298.8,cust_slow_b_8713,overdue,3,26.91,"{""total_past_payments"": 9, ""past_successful_payments"": 7, ""past_recovery_rate"": 0.7778}",9,7,0.7778,slow_but_reliable_payer,1,0.8956,PAYMENT_LINK,APPROVED,PAYMENT_LINK,SUCCESS,25298.8,"This is a high-value transaction of ₹25,298.80 INR that requires customer-initiated 2FA authentication. Automated gateway retries frequently fail for transactions of this scale due to bank security policies. Sending a secure payment link directly to the customer provides a seamless authentication flow and yields optimal recovery."
3f3ef24a-16c8-41ec-95a7-a12aeec0ead4,payment_failure,2026-07-29T15:25:48.251326+00:00,3154.49,cust_reliab_6031,insufficient_funds,2,1.34,"{""total_past_payments"": 24, ""past_successful_payments"": 22, ""past_recovery_rate"": 0.9167}",24,22,0.9167,reliable_temporary_glitch,1,0.8438,RETRY,APPROVED,RETRY,SUCCESS,3154.49,The failure reason 'insufficient_funds' appears transient with an estimated recovery probability of 73.5%. The customer maintains a healthy historical success rate of 91.7% across 24 past payments. An automated payment gateway retry within standard cooldown limits is recommended.
a66c22b2-93ec-4b01-92c8-0107147e8ecb,subscription_failure,2026-08-17T23:55:42.699758+00:00,618.68,cust_chroni_7253,expired_card,3,3.83,"{""total_past_payments"": 8, ""past_successful_payments"": 2, ""past_recovery_rate"": 0.25}",8,2,0.25,chronic_failer,0,0.1891,STOP,APPROVED,STOP,NO_ACTION,0.0,"The predicted recovery probability is extremely low (1.6%), indicating high likelihood of permanent failure. Given 3 prior failed attempt(s) and poor past payment performance, continuing automated attempts would incur unnecessary fees and annoy the customer. We recommend halting all recovery efforts for this invoice."
7f66890f-6870-4b71-98c1-1a721fa75a5d,checkout_abandonment,2026-08-17T00:10:14.527984+00:00,11911.62,cust_checko_8496,abandoned,2,1.35,"{""total_past_payments"": 9, ""past_successful_payments"": 6, ""past_recovery_rate"": 0.6667}",9,6,0.6667,checkout_abandoner,1,0.0833,STOP,APPROVED,STOP,NO_ACTION,0.0,"The predicted recovery probability is extremely low (8.5%), indicating high likelihood of permanent failure. Given 2 prior failed attempt(s) and poor past payment performance, continuing automated attempts would incur unnecessary fees and annoy the customer. We recommend halting all recovery efforts for this invoice."
91216bda-2dbc-4a32-b844-1ee06608f676,payment_failure,2026-07-22T22:21:00.427191+00:00,95518.17,cust_high_v_3762,card_declined,1,0.51,"{""total_past_payments"": 13, ""past_successful_payments"": 9, ""past_recovery_rate"": 0.6923}",13,9,0.6923,high_value_link_responder,1,0.2325,PAYMENT_LINK,APPROVED,PAYMENT_LINK,SUCCESS,95518.17,"This is a high-value transaction of ₹95,518.17 INR that requires customer-initiated 2FA authentication. Automated gateway retries frequently fail for transactions of this scale due to bank security policies. Sending a secure payment link directly to the customer provides a seamless authentication flow and yields optimal recovery."
dfce7824-0deb-4623-a5fc-483f463bfd73,payment_failure,2026-07-29T03:18:33.906486+00:00,54116.34,cust_high_v_8821,insufficient_funds,2,2.08,"{""total_past_payments"": 17, ""past_successful_payments"": 12, ""past_recovery_rate"": 0.7059}",17,12,0.7059,high_value_link_responder,1,0.8293,PAYMENT_LINK,APPROVED,PAYMENT_LINK,SUCCESS,54116.34,"This is a high-value transaction of ₹54,116.34 INR that requires customer-initiated 2FA authentication. Automated gateway retries frequently fail for transactions of this scale due to bank security policies. Sending a secure payment link directly to the customer provides a seamless authentication flow and yields optimal recovery."
bbb9d434-20c4-4722-ad73-1583eb410af2,overdue_invoice,2026-08-11T20:44:15.830308+00:00,84990.58,cust_slow_b_5076,overdue,1,5.45,"{""total_past_payments"": 4, ""past_successful_payments"": 3, ""past_recovery_rate"": 0.75}",4,3,0.75,slow_but_reliable_payer,1,0.7092,REMINDER,APPROVED,REMINDER,SUCCESS,84990.58,"The invoice of ₹84,990.58 INR is overdue with 1 previous attempt(s). The customer has a solid historical recovery rate of 75.0%, indicating willingness to pay once notified. Sending a formal payment reminder notice is the most effective approach to prompt settlement."
fcdfe7e5-6ac8-41f5-bc1f-993551418c1e,subscription_failure,2026-08-18T10:46:52.558352+00:00,7798.38,cust_reliab_5764,network_error,2,0.42,"{""total_past_payments"": 12, ""past_successful_payments"": 11, ""past_recovery_rate"": 0.9167}",12,11,0.9167,reliable_temporary_glitch,1,0.9212,RETRY,APPROVED,RETRY,SUCCESS,7798.38,The failure reason 'network_error' appears transient with an estimated recovery probability of 99.0%. The customer maintains a healthy historical success rate of 91.7% across 12 past payments. An automated payment gateway retry within standard cooldown limits is recommended.
e493a5c6-cf07-4eec-a496-0864ef57869b,payment_failure,2026-08-17T12:24:10.070352+00:00,249131.26,cust_high_v_7609,network_error,2,1.4,"{""total_past_payments"": 11, ""past_successful_payments"": 7, ""past_recovery_rate"": 0.6364}",11,7,0.6364,high_value_link_responder,1,0.8005,PAYMENT_LINK,APPROVED,PAYMENT_LINK,SUCCESS,249131.26,"This is a high-value transaction of ₹249,131.26 INR that requires customer-initiated 2FA authentication. Automated gateway retries frequently fail for transactions of this scale due to bank security policies. Sending a secure payment link directly to the customer provides a seamless authentication flow and yields optimal recovery."
f3e675e4-a4e7-465c-9a33-82aa82e1807b,payment_failure,2026-08-15T04:40:27.199270+00:00,29930.49,cust_high_v_1612,insufficient_funds,3,0.92,"{""total_past_payments"": 16, ""past_successful_payments"": 13, ""past_recovery_rate"": 0.8125}",16,13,0.8125,high_value_link_responder,0,0.8209,PAYMENT_LINK,APPROVED,PAYMENT_LINK,FAILED,0.0,"This is a high-value transaction of ₹29,930.49 INR that requires customer-initiated 2FA authentication. Automated gateway retries frequently fail for transactions of this scale due to bank security policies. Sending a secure payment link directly to the customer provides a seamless authentication flow and yields optimal recovery."
126f7a83-8885-4516-b75e-944cadba04ae,checkout_abandonment,2026-08-20T02:11:58.979424+00:00,1698.71,cust_checko_7230,abandoned,1,0.34,"{""total_past_payments"": 1, ""past_successful_payments"": 0, ""past_recovery_rate"": 0.0}",1,0,0.0,checkout_abandoner,1,0.1628,STOP,APPROVED,STOP,NO_ACTION,0.0,"The predicted recovery probability is extremely low (14.1%), indicating high likelihood of permanent failure. Given 1 prior failed attempt(s) and poor past payment performance, continuing automated attempts would incur unnecessary fees and annoy the customer. We recommend halting all recovery efforts for this invoice."
86786bc4-ac86-471b-b1d0-8f0a7343b6be,payment_failure,2026-08-15T08:46:29.451888+00:00,10443.23,cust_reliab_5423,insufficient_funds,1,0.67,"{""total_past_payments"": 16, ""past_successful_payments"": 15, ""past_recovery_rate"": 0.9375}",16,15,0.9375,reliable_temporary_glitch,1,0.7758,RETRY,APPROVED,RETRY,SUCCESS,10443.23,The failure reason 'insufficient_funds' appears transient with an estimated recovery probability of 90.3%. The customer maintains a healthy historical success rate of 93.8% across 16 past payments. An automated payment gateway retry within standard cooldown limits is recommended.
cee4ca42-691d-42ec-a0e9-499e335fee4f,checkout_abandonment,2026-08-02T23:59:19.173777+00:00,3715.26,cust_checko_5308,abandoned,1,1.59,"{""total_past_payments"": 9, ""past_successful_payments"": 3, ""past_recovery_rate"": 0.3333}",9,3,0.3333,checkout_abandoner,0,0.6467,STOP,APPROVED,STOP,NO_ACTION,0.0,"The predicted recovery probability is extremely low (13.6%), indicating high likelihood of permanent failure. Given 1 prior failed attempt(s) and poor past payment performance, continuing automated attempts would incur unnecessary fees and annoy the customer. We recommend halting all recovery efforts for this invoice."
afabe63c-ced3-4e7b-bd73-0758edc0cdd6,subscription_failure,2026-08-09T05:42:24.123759+00:00,2825.42,cust_reliab_1044,network_error,2,1.83,"{""total_past_payments"": 40, ""past_successful_payments"": 36, ""past_recovery_rate"": 0.9}",40,36,0.9,reliable_temporary_glitch,1,0.9927,RETRY,APPROVED,RETRY,SUCCESS,2825.42,The failure reason 'network_error' appears transient with an estimated recovery probability of 97.8%. The customer maintains a healthy historical success rate of 90.0% across 40 past payments. An automated payment gateway retry within standard cooldown limits is recommended.
ad46c952-7c20-452d-ae66-d6f65feaacc9,payment_failure,2026-07-24T01:07:48.200519+00:00,11803.13,cust_reliab_4787,network_error,1,1.47,"{""total_past_payments"": 16, ""past_successful_payments"": 16, ""past_recovery_rate"": 1.0}",16,16,1.0,reliable_temporary_glitch,1,0.9655,RETRY,APPROVED,RETRY,SUCCESS,11803.13,The failure reason 'network_error' appears transient with an estimated recovery probability of 85.1%. The customer maintains a healthy historical success rate of 100.0% across 16 past payments. An automated payment gateway retry within standard cooldown limits is recommended.
acaf70dc-38aa-4bcc-9dca-a9ea0b013558,subscription_failure,2026-08-20T00:40:24.405753+00:00,207965.14,cust_high_v_6123,card_declined,1,2.63,"{""total_past_payments"": 16, ""past_successful_payments"": 13, ""past_recovery_rate"": 0.8125}",16,13,0.8125,high_value_link_responder,0,0.807,PAYMENT_LINK,APPROVED,PAYMENT_LINK,FAILED,0.0,"This is a high-value transaction of ₹207,965.14 INR that requires customer-initiated 2FA authentication. Automated gateway retries frequently fail for transactions of this scale due to bank security policies. Sending a secure payment link directly to the customer provides a seamless authentication flow and yields optimal recovery."
45093def-c61d-44a8-bf9e-873ebe58e4f6,payment_failure,2026-08-17T09:05:13.877899+00:00,68247.88,cust_slow_b_5395,overdue,2,13.94,"{""total_past_payments"": 18, ""past_successful_payments"": 17, ""past_recovery_rate"": 0.9444}",18,17,0.9444,slow_but_reliable_payer,0,0.7267,PAYMENT_LINK,APPROVED,PAYMENT_LINK,FAILED,0.0,"This is a high-value transaction of ₹68,247.88 INR that requires customer-initiated 2FA authentication. Automated gateway retries frequently fail for transactions of this scale due to bank security policies. Sending a secure payment link directly to the customer provides a seamless authentication flow and yields optimal recovery."
ce20885f-4feb-49da-ab71-89e0d8f73ff7,payment_failure,2026-08-16T01:03:54.735886+00:00,3326.06,cust_chroni_8835,insufficient_funds,6,2.63,"{""total_past_payments"": 14, ""past_successful_payments"": 4, ""past_recovery_rate"": 0.2857}",14,4,0.2857,chronic_failer,0,0.1263,STOP,APPROVED,STOP,NO_ACTION,0.0,"The predicted recovery probability is extremely low (11.8%), indicating high likelihood of permanent failure. Given 6 prior failed attempt(s) and poor past payment performance, continuing automated attempts would incur unnecessary fees and annoy the customer. We recommend halting all recovery efforts for this invoice."
465114d2-0ed4-4e53-bf1c-c70edb59d492,payment_failure,2026-08-19T18:30:20.815756+00:00,14165.77,cust_reliab_8178,insufficient_funds,1,0.3,"{""total_past_payments"": 47, ""past_successful_payments"": 43, ""past_recovery_rate"": 0.9149}",47,43,0.9149,reliable_temporary_glitch,1,0.6433,RETRY,APPROVED,RETRY,SUCCESS,14165.77,The failure reason 'insufficient_funds' appears transient with an estimated recovery probability of 81.6%. The customer maintains a healthy historical success rate of 91.5% across 47 past payments. An automated payment gateway retry within standard cooldown limits is recommended.
6be4ac35-b6c4-4e39-ade1-80c5cafc9f41,checkout_abandonment,2026-08-20T15:59:00.606277+00:00,8355.56,cust_checko_7738,abandoned,1,1.55,"{""total_past_payments"": 7, ""past_successful_payments"": 2, ""past_recovery_rate"": 0.2857}",7,2,0.2857,checkout_abandoner,0,0.5556,REMINDER,APPROVED,REMINDER,FAILED,0.0,"The customer abandoned checkout for an order worth ₹8,355.56 INR. Since no transaction was submitted to the payment gateway, automated retries are inapplicable. We recommend sending a targeted checkout reminder notice with an instant payment link."
d9147df2-8153-4fff-b641-f4693376c026,payment_failure,2026-08-05T18:51:44.245330+00:00,6000.27,cust_chroni_2560,insufficient_funds,4,6.87,"{""total_past_payments"": 12, ""past_successful_payments"": 2, ""past_recovery_rate"": 0.1667}",12,2,0.1667,chronic_failer,0,0.1916,STOP,APPROVED,STOP,NO_ACTION,0.0,"The predicted recovery probability is extremely low (14.4%), indicating high likelihood of permanent failure. Given 4 prior failed attempt(s) and poor past payment performance, continuing automated attempts would incur unnecessary fees and annoy the customer. We recommend halting all recovery efforts for this invoice."
95377123-d9ab-4eb7-ba69-1b0fe607ff7f,subscription_failure,2026-08-01T14:51:34.284302+00:00,169316.0,cust_high_v_1894,network_error,1,2.6,"{""total_past_payments"": 22, ""past_successful_payments"": 19, ""past_recovery_rate"": 0.8636}",22,19,0.8636,high_value_link_responder,1,0.5039,PAYMENT_LINK,APPROVED,PAYMENT_LINK,SUCCESS,169316.0,"This is a high-value transaction of ₹169,316.00 INR that requires customer-initiated 2FA authentication. Automated gateway retries frequently fail for transactions of this scale due to bank security policies. Sending a secure payment link directly to the customer provides a seamless authentication flow and yields optimal recovery."
569f48fd-5720-4d39-a0b3-304101f24739,overdue_invoice,2026-08-16T13:38:25.433790+00:00,77628.7,cust_slow_b_4648,overdue,2,11.02,"{""total_past_payments"": 12, ""past_successful_payments"": 9, ""past_recovery_rate"": 0.75}",12,9,0.75,slow_but_reliable_payer,1,0.8941,REMINDER,APPROVED,REMINDER,SUCCESS,77628.7,"The invoice of ₹77,628.70 INR is overdue with 2 previous attempt(s). The customer has a solid historical recovery rate of 75.0%, indicating willingness to pay once notified. Sending a formal payment reminder notice is the most effective approach to prompt settlement."
0e8fefed-0bcd-4a54-815c-4485083ebff9,payment_failure,2026-08-19T03:58:23.369158+00:00,124942.5,cust_high_v_2944,insufficient_funds,3,1.62,"{""total_past_payments"": 20, ""past_successful_payments"": 15, ""past_recovery_rate"": 0.75}",20,15,0.75,high_value_link_responder,1,0.7369,PAYMENT_LINK,APPROVED,PAYMENT_LINK,SUCCESS,124942.5,"This is a high-value transaction of ₹124,942.50 INR that requires customer-initiated 2FA authentication. Automated gateway retries frequently fail for transactions of this scale due to bank security policies. Sending a secure payment link directly to the customer provides a seamless authentication flow and yields optimal recovery."
8a6fe27d-8e80-407f-bbcb-f30af9c26661,payment_failure,2026-08-05T01:22:48.210475+00:00,210829.47,cust_high_v_9328,card_declined,3,2.91,"{""total_past_payments"": 25, ""past_successful_payments"": 17, ""past_recovery_rate"": 0.68}",25,17,0.68,high_value_link_responder,1,0.173,PAYMENT_LINK,APPROVED,PAYMENT_LINK,SUCCESS,210829.47,"This is a high-value transaction of ₹210,829.47 INR that requires customer-initiated 2FA authentication. Automated gateway retries frequently fail for transactions of this scale due to bank security policies. Sending a secure payment link directly to the customer provides a seamless authentication flow and yields optimal recovery."
46a3473e-7082-4937-99ff-623368682cba,payment_failure,2026-08-11T07:18:58.185808+00:00,210694.97,cust_high_v_8751,network_error,1,2.61,"{""total_past_payments"": 15, ""past_successful_payments"": 12, ""past_recovery_rate"": 0.8}",15,12,0.8,high_value_link_responder,1,0.8729,PAYMENT_LINK,APPROVED,PAYMENT_LINK,SUCCESS,210694.97,"This is a high-value transaction of ₹210,694.97 INR that requires customer-initiated 2FA authentication. Automated gateway retries frequently fail for transactions of this scale due to bank security policies. Sending a secure payment link directly to the customer provides a seamless authentication flow and yields optimal recovery."
a9b3b320-f37a-4e84-a5e0-10ff25c2782e,checkout_abandonment,2026-08-21T11:08:57.784694+00:00,4551.86,cust_checko_1750,abandoned,2,1.73,"{""total_past_payments"": 5, ""past_successful_payments"": 3, ""past_recovery_rate"": 0.6}",5,3,0.6,checkout_abandoner,0,0.2581,REMINDER,APPROVED,REMINDER,FAILED,0.0,"The customer abandoned checkout for an order worth ₹4,551.86 INR. Since no transaction was submitted to the payment gateway, automated retries are inapplicable. We recommend sending a targeted checkout reminder notice with an instant payment link."
251bc425-6cd3-451e-bcbc-523c40e21a97,payment_failure,2026-07-30T06:07:24.045526+00:00,3391.84,cust_chroni_7437,insufficient_funds,5,4.67,"{""total_past_payments"": 8, ""past_successful_payments"": 1, ""past_recovery_rate"": 0.125}",8,1,0.125,chronic_failer,0,0.0183,STOP,APPROVED,STOP,NO_ACTION,0.0,"The predicted recovery probability is extremely low (0.1%), indicating high likelihood of permanent failure. Given 5 prior failed attempt(s) and poor past payment performance, continuing automated attempts would incur unnecessary fees and annoy the customer. We recommend halting all recovery efforts for this invoice."
297dc72c-81ce-437f-adf3-f9d398372b9f,overdue_invoice,2026-08-20T03:15:03.335318+00:00,66991.64,cust_slow_b_9260,overdue,3,19.72,"{""total_past_payments"": 18, ""past_successful_payments"": 15, ""past_recovery_rate"": 0.8333}",18,15,0.8333,slow_but_reliable_payer,1,0.6307,REMINDER,APPROVED,REMINDER,SUCCESS,66991.64,"The invoice of ₹66,991.64 INR is overdue with 3 previous attempt(s). The customer has a solid historical recovery rate of 83.3%, indicating willingness to pay once notified. Sending a formal payment reminder notice is the most effective approach to prompt settlement."
cb7ffec4-b3ad-4540-b1bf-52d1ed40d201,payment_failure,2026-08-20T01:45:34.671596+00:00,7495.4,cust_chroni_3845,expired_card,6,6.55,"{""total_past_payments"": 7, ""past_successful_payments"": 2, ""past_recovery_rate"": 0.2857}",7,2,0.2857,chronic_failer,0,0.0277,STOP,APPROVED,STOP,NO_ACTION,0.0,"The predicted recovery probability is extremely low (0.6%), indicating high likelihood of permanent failure. Given 6 prior failed attempt(s) and poor past payment performance, continuing automated attempts would incur unnecessary fees and annoy the customer. We recommend halting all recovery efforts for this invoice."
46531ee2-301c-42dc-9dea-229d0bc103e5,subscription_failure,2026-08-06T09:46:18.844037+00:00,3200.37,cust_chroni_8419,insufficient_funds,4,2.64,"{""total_past_payments"": 12, ""past_successful_payments"": 4, ""past_recovery_rate"": 0.3333}",12,4,0.3333,chronic_failer,0,0.0321,STOP,APPROVED,STOP,NO_ACTION,0.0,"The predicted recovery probability is extremely low (6.2%), indicating high likelihood of permanent failure. Given 4 prior failed attempt(s) and poor past payment performance, continuing automated attempts would incur unnecessary fees and annoy the customer. We recommend halting all recovery efforts for this invoice."
33a81561-0dfa-4ab3-9b22-c425d2804f0b,overdue_invoice,2026-07-25T22:29:47.944188+00:00,56106.52,cust_slow_b_4560,overdue,3,18.7,"{""total_past_payments"": 14, ""past_successful_payments"": 12, ""past_recovery_rate"": 0.8571}",14,12,0.8571,slow_but_reliable_payer,1,0.9252,REMINDER,APPROVED,REMINDER,SUCCESS,56106.52,"The invoice of ₹56,106.52 INR is overdue with 3 previous attempt(s). The customer has a solid historical recovery rate of 85.7%, indicating willingness to pay once notified. Sending a formal payment reminder notice is the most effective approach to prompt settlement."
725dd645-124a-4559-9e66-63cc6ecab990,payment_failure,2026-07-23T02:10:10.667173+00:00,5270.67,cust_chroni_6771,expired_card,4,4.02,"{""total_past_payments"": 12, ""past_successful_payments"": 3, ""past_recovery_rate"": 0.25}",12,3,0.25,chronic_failer,0,0.0835,STOP,APPROVED,STOP,NO_ACTION,0.0,"The predicted recovery probability is extremely low (3.5%), indicating high likelihood of permanent failure. Given 4 prior failed attempt(s) and poor past payment performance, continuing automated attempts would incur unnecessary fees and annoy the customer. We recommend halting all recovery efforts for this invoice."
8e71d71d-7dad-44ef-b175-1ad0b72a967c,subscription_failure,2026-07-31T05:26:31.820602+00:00,5459.1,cust_chroni_9564,insufficient_funds,5,6.26,"{""total_past_payments"": 15, ""past_successful_payments"": 4, ""past_recovery_rate"": 0.2667}",15,4,0.2667,chronic_failer,1,0.5014,STOP,APPROVED,STOP,NO_ACTION,0.0,"The predicted recovery probability is extremely low (13.1%), indicating high likelihood of permanent failure. Given 5 prior failed attempt(s) and poor past payment performance, continuing automated attempts would incur unnecessary fees and annoy the customer. We recommend halting all recovery efforts for this invoice."
3f886edd-cd14-49aa-ab84-f25816f5525e,overdue_invoice,2026-07-28T23:08:52.830222+00:00,98517.92,cust_slow_b_5835,overdue,3,11.26,"{""total_past_payments"": 5, ""past_successful_payments"": 4, ""past_recovery_rate"": 0.8}",5,4,0.8,slow_but_reliable_payer,1,0.868,REMINDER,APPROVED,REMINDER,SUCCESS,98517.92,"The invoice of ₹98,517.92 INR is overdue with 3 previous attempt(s). The customer has a solid historical recovery rate of 80.0%, indicating willingness to pay once notified. Sending a formal payment reminder notice is the most effective approach to prompt settlement."
a8481d99-621f-4874-b20e-706f9ab5c55e,payment_failure,2026-08-07T22:51:47.317708+00:00,9433.58,cust_reliab_9370,network_error,1,1.51,"{""total_past_payments"": 45, ""past_successful_payments"": 41, ""past_recovery_rate"": 0.9111}",45,41,0.9111,reliable_temporary_glitch,1,0.9794,RETRY,APPROVED,RETRY,SUCCESS,9433.58,The failure reason 'network_error' appears transient with an estimated recovery probability of 99.7%. The customer maintains a healthy historical success rate of 91.1% across 45 past payments. An automated payment gateway retry within standard cooldown limits is recommended.
a10f9a72-4cc9-4056-a9aa-97895f154b40,payment_failure,2026-08-09T21:41:30.624161+00:00,240257.94,cust_high_v_5117,insufficient_funds,3,1.28,"{""total_past_payments"": 22, ""past_successful_payments"": 14, ""past_recovery_rate"": 0.6364}",22,14,0.6364,high_value_link_responder,1,0.8376,PAYMENT_LINK,APPROVED,PAYMENT_LINK,SUCCESS,240257.94,"This is a high-value transaction of ₹240,257.94 INR that requires customer-initiated 2FA authentication. Automated gateway retries frequently fail for transactions of this scale due to bank security policies. Sending a secure payment link directly to the customer provides a seamless authentication flow and yields optimal recovery."
ae7e4815-d114-4bd5-a5ae-3cb709aca970,checkout_abandonment,2026-08-08T05:43:30.764127+00:00,3055.09,cust_checko_4218,abandoned,2,2.31,"{""total_past_payments"": 8, ""past_successful_payments"": 5, ""past_recovery_rate"": 0.625}",8,5,0.625,checkout_abandoner,1,0.3146,STOP,APPROVED,STOP,NO_ACTION,0.0,"The predicted recovery probability is extremely low (6.7%), indicating high likelihood of permanent failure. Given 2 prior failed attempt(s) and poor past payment performance, continuing automated attempts would incur unnecessary fees and annoy the customer. We recommend halting all recovery efforts for this invoice."
f4999aae-f826-4d2a-9d43-8fe7b1b0c6ea,checkout_abandonment,2026-08-15T22:06:28.974121+00:00,2457.33,cust_checko_5329,abandoned,1,1.26,"{""total_past_payments"": 6, ""past_successful_payments"": 2, ""past_recovery_rate"": 0.3333}",6,2,0.3333,checkout_abandoner,1,0.2444,STOP,APPROVED,STOP,NO_ACTION,0.0,"The predicted recovery probability is extremely low (10.5%), indicating high likelihood of permanent failure. Given 1 prior failed attempt(s) and poor past payment performance, continuing automated attempts would incur unnecessary fees and annoy the customer. We recommend halting all recovery efforts for this invoice."
41c256a2-dfa4-43d3-9cf7-e60c64fbd17d,payment_failure,2026-08-11T14:43:33.525040+00:00,10790.49,cust_reliab_5934,network_error,1,0.18,"{""total_past_payments"": 30, ""past_successful_payments"": 28, ""past_recovery_rate"": 0.9333}",30,28,0.9333,reliable_temporary_glitch,1,0.9023,RETRY,APPROVED,RETRY,SUCCESS,10790.49,The failure reason 'network_error' appears transient with an estimated recovery probability of 82.4%. The customer maintains a healthy historical success rate of 93.3% across 30 past payments. An automated payment gateway retry within standard cooldown limits is recommended.
d8459115-4657-43b7-9d03-e6e7f237fb8b,subscription_failure,2026-08-14T22:21:30.729478+00:00,1634.18,cust_chroni_9798,card_declined,3,5.72,"{""total_past_payments"": 7, ""past_successful_payments"": 1, ""past_recovery_rate"": 0.1429}",7,1,0.1429,chronic_failer,0,0.0274,STOP,APPROVED,STOP,NO_ACTION,0.0,"The predicted recovery probability is extremely low (0.6%), indicating high likelihood of permanent failure. Given 3 prior failed attempt(s) and poor past payment performance, continuing automated attempts would incur unnecessary fees and annoy the customer. We recommend halting all recovery efforts for this invoice."
7aa0f232-df73-4ac7-9244-68919e516666,payment_failure,2026-08-01T15:07:49.310539+00:00,2782.32,cust_chroni_1144,insufficient_funds,5,2.31,"{""total_past_payments"": 18, ""past_successful_payments"": 3, ""past_recovery_rate"": 0.1667}",18,3,0.1667,chronic_failer,0,0.0576,STOP,APPROVED,STOP,NO_ACTION,0.0,"The predicted recovery probability is extremely low (1.1%), indicating high likelihood of permanent failure. Given 5 prior failed attempt(s) and poor past payment performance, continuing automated attempts would incur unnecessary fees and annoy the customer. We recommend halting all recovery efforts for this invoice."
50958de8-f4b6-4e2e-ae90-66b73b7787a7,checkout_abandonment,2026-08-14T05:10:32.264736+00:00,910.58,cust_checko_9851,abandoned,2,1.27,"{""total_past_payments"": 1, ""past_successful_payments"": 0, ""past_recovery_rate"": 0.0}",1,0,0.0,checkout_abandoner,0,0.7834,REMINDER,APPROVED,REMINDER,FAILED,0.0,"The customer abandoned checkout for an order worth ₹910.58 INR. Since no transaction was submitted to the payment gateway, automated retries are inapplicable. We recommend sending a targeted checkout reminder notice with an instant payment link."
53c8d056-e0de-42c2-8f64-d7969372bbe1,checkout_abandonment,2026-07-29T09:58:30.990104+00:00,6390.27,cust_checko_4154,abandoned,2,1.56,"{""total_past_payments"": 4, ""past_successful_payments"": 3, ""past_recovery_rate"": 0.75}",4,3,0.75,checkout_abandoner,1,0.4644,REMINDER,APPROVED,REMINDER,SUCCESS,6390.27,"The customer abandoned checkout for an order worth ₹6,390.27 INR. Since no transaction was submitted to the payment gateway, automated retries are inapplicable. We recommend sending a targeted checkout reminder notice with an instant payment link."
e78e081f-c67a-46c5-8bf7-49e5ac1d658a,checkout_abandonment,2026-08-05T12:49:22.782442+00:00,7691.08,cust_checko_7950,abandoned,1,2.08,"{""total_past_payments"": 3, ""past_successful_payments"": 2, ""past_recovery_rate"": 0.6667}",3,2,0.6667,checkout_abandoner,0,0.1184,STOP,APPROVED,STOP,NO_ACTION,0.0,"The predicted recovery probability is extremely low (11.3%), indicating high likelihood of permanent failure. Given 1 prior failed attempt(s) and poor past payment performance, continuing automated attempts would incur unnecessary fees and annoy the customer. We recommend halting all recovery efforts for this invoice."
c8907909-08a3-44fd-8a7f-58d5c7ef757f,payment_failure,2026-07-26T04:06:44.568910+00:00,5982.73,cust_chroni_3519,insufficient_funds,6,4.88,"{""total_past_payments"": 4, ""past_successful_payments"": 1, ""past_recovery_rate"": 0.25}",4,1,0.25,chronic_failer,1,0.015,STOP,APPROVED,STOP,NO_ACTION,0.0,"The predicted recovery probability is extremely low (0.4%), indicating high likelihood of permanent failure. Given 6 prior failed attempt(s) and poor past payment performance, continuing automated attempts would incur unnecessary fees and annoy the customer. We recommend halting all recovery efforts for this invoice."
a1570399-eb5e-48ef-8b4a-205ae894539e,payment_failure,2026-08-13T23:21:26.734936+00:00,1521.41,cust_reliab_7626,network_error,1,1.83,"{""total_past_payments"": 36, ""past_successful_payments"": 33, ""past_recovery_rate"": 0.9167}",36,33,0.9167,reliable_temporary_glitch,1,0.8253,RETRY,APPROVED,RETRY,SUCCESS,1521.41,The failure reason 'network_error' appears transient with an estimated recovery probability of 70.1%. The customer maintains a healthy historical success rate of 91.7% across 36 past payments. An automated payment gateway retry within standard cooldown limits is recommended.
8b41c222-ce2a-4ba6-ad30-9f9104a96e66,checkout_abandonment,2026-08-05T11:39:01.586314+00:00,7858.43,cust_checko_2189,abandoned,1,2.32,"{""total_past_payments"": 9, ""past_successful_payments"": 2, ""past_recovery_rate"": 0.2222}",9,2,0.2222,checkout_abandoner,1,0.5883,REMINDER,APPROVED,REMINDER,SUCCESS,7858.43,"The customer abandoned checkout for an order worth ₹7,858.43 INR. Since no transaction was submitted to the payment gateway, automated retries are inapplicable. We recommend sending a targeted checkout reminder notice with an instant payment link."
6d0d1ccb-739d-44b7-bc87-0f7e1fb84634,overdue_invoice,2026-08-13T02:02:19.057913+00:00,93402.18,cust_slow_b_3561,overdue,2,14.88,"{""total_past_payments"": 25, ""past_successful_payments"": 18, ""past_recovery_rate"": 0.72}",25,18,0.72,slow_but_reliable_payer,1,0.9172,REMINDER,APPROVED,REMINDER,SUCCESS,93402.18,"The invoice of ₹93,402.18 INR is overdue with 2 previous attempt(s). The customer has a solid historical recovery rate of 72.0%, indicating willingness to pay once notified. Sending a formal payment reminder notice is the most effective approach to prompt settlement."
ad38d83d-509b-45c0-b576-033b2b182aaf,overdue_invoice,2026-07-28T14:32:32.157070+00:00,59115.2,cust_slow_b_7113,overdue,3,8.6,"{""total_past_payments"": 25, ""past_successful_payments"": 23, ""past_recovery_rate"": 0.92}",25,23,0.92,slow_but_reliable_payer,0,0.4453,REMINDER,APPROVED,REMINDER,FAILED,0.0,"The invoice of ₹59,115.20 INR is overdue with 3 previous attempt(s). The customer has a solid historical recovery rate of 92.0%, indicating willingness to pay once notified. Sending a formal payment reminder notice is the most effective approach to prompt settlement."
f934e4e5-6cf8-4b58-b5cc-022e2bebf029,checkout_abandonment,2026-08-04T08:22:25.675448+00:00,5001.64,cust_checko_9397,abandoned,1,1.05,"{""total_past_payments"": 5, ""past_successful_payments"": 2, ""past_recovery_rate"": 0.4}",5,2,0.4,checkout_abandoner,1,0.8457,REMINDER,APPROVED,REMINDER,SUCCESS,5001.64,"The customer abandoned checkout for an order worth ₹5,001.64 INR. Since no transaction was submitted to the payment gateway, automated retries are inapplicable. We recommend sending a targeted checkout reminder notice with an instant payment link."
97e0da94-cb04-4f04-b1f5-d93ce47078d2,overdue_invoice,2026-08-13T22:45:25.585349+00:00,20316.03,cust_slow_b_9992,overdue,3,24.99,"{""total_past_payments"": 5, ""past_successful_payments"": 5, ""past_recovery_rate"": 1.0}",5,5,1.0,slow_but_reliable_payer,1,0.8188,REMINDER,APPROVED,REMINDER,SUCCESS,20316.03,"The invoice of ₹20,316.03 INR is overdue with 3 previous attempt(s). The customer has a solid historical recovery rate of 100.0%, indicating willingness to pay once notified. Sending a formal payment reminder notice is the most effective approach to prompt settlement."
89bc7d4b-7fee-403e-aac9-c84540cd8063,payment_failure,2026-07-30T18:18:24.918544+00:00,7564.26,cust_reliab_2143,network_error,2,0.78,"{""total_past_payments"": 25, ""past_successful_payments"": 22, ""past_recovery_rate"": 0.88}",25,22,0.88,reliable_temporary_glitch,0,0.9792,RETRY,APPROVED,RETRY,FAILED,0.0,The failure reason 'network_error' appears transient with an estimated recovery probability of 98.2%. The customer maintains a healthy historical success rate of 88.0% across 25 past payments. An automated payment gateway retry within standard cooldown limits is recommended.
582ee4cd-3928-4ccd-9b78-8f0137cfdeae,checkout_abandonment,2026-08-03T00:57:52.694329+00:00,3980.55,cust_checko_8017,abandoned,1,1.78,"{""total_past_payments"": 5, ""past_successful_payments"": 3, ""past_recovery_rate"": 0.6}",5,3,0.6,checkout_abandoner,0,0.0341,STOP,APPROVED,STOP,NO_ACTION,0.0,"The predicted recovery probability is extremely low (6.1%), indicating high likelihood of permanent failure. Given 1 prior failed attempt(s) and poor past payment performance, continuing automated attempts would incur unnecessary fees and annoy the customer. We recommend halting all recovery efforts for this invoice."
d47540bb-2ba3-41f3-aad8-8c5c756dc9a4,subscription_failure,2026-08-13T05:31:18.141190+00:00,3003.99,cust_chroni_6004,expired_card,5,6.27,"{""total_past_payments"": 16, ""past_successful_payments"": 3, ""past_recovery_rate"": 0.1875}",16,3,0.1875,chronic_failer,0,0.2098,STOP,APPROVED,STOP,NO_ACTION,0.0,"The predicted recovery probability is extremely low (3.1%), indicating high likelihood of permanent failure. Given 5 prior failed attempt(s) and poor past payment performance, continuing automated attempts would incur unnecessary fees and annoy the customer. We recommend halting all recovery efforts for this invoice."
11e812a0-7580-4af2-b0b3-5f2a0875051a,overdue_invoice,2026-08-19T01:42:36.461095+00:00,35255.43,cust_slow_b_2252,overdue,1,27.28,"{""total_past_payments"": 10, ""past_successful_payments"": 8, ""past_recovery_rate"": 0.8}",10,8,0.8,slow_but_reliable_payer,0,0.7349,REMINDER,APPROVED,REMINDER,FAILED,0.0,"The invoice of ₹35,255.43 INR is overdue with 1 previous attempt(s). The customer has a solid historical recovery rate of 80.0%, indicating willingness to pay once notified. Sending a formal payment reminder notice is the most effective approach to prompt settlement."
a7fd63d9-1254-40fa-a046-de588475fede,checkout_abandonment,2026-08-04T03:55:21.432972+00:00,9334.26,cust_checko_9842,abandoned,1,2.74,"{""total_past_payments"": 8, ""past_successful_payments"": 3, ""past_recovery_rate"": 0.375}",8,3,0.375,checkout_abandoner,0,0.287,REMINDER,APPROVED,REMINDER,FAILED,0.0,"The customer abandoned checkout for an order worth ₹9,334.26 INR. Since no transaction was submitted to the payment gateway, automated retries are inapplicable. We recommend sending a targeted checkout reminder notice with an instant payment link."
f22fc2ef-abc1-467c-8468-e392eb957de7,subscription_failure,2026-08-14T19:57:01.442946+00:00,11696.1,cust_reliab_7500,network_error,2,0.35,"{""total_past_payments"": 42, ""past_successful_payments"": 39, ""past_recovery_rate"": 0.9286}",42,39,0.9286,reliable_temporary_glitch,1,0.9596,RETRY,APPROVED,RETRY,SUCCESS,11696.1,The failure reason 'network_error' appears transient with an estimated recovery probability of 86.8%. The customer maintains a healthy historical success rate of 92.9% across 42 past payments. An automated payment gateway retry within standard cooldown limits is recommended.
8e8a80bd-f5a2-463c-9393-e422a30f6409,subscription_failure,2026-08-01T00:08:05.259065+00:00,11479.49,cust_reliab_3395,card_declined,1,0.95,"{""total_past_payments"": 21, ""past_successful_payments"": 20, ""past_recovery_rate"": 0.9524}",21,20,0.9524,reliable_temporary_glitch,1,0.2715,RETRY,APPROVED,RETRY,SUCCESS,11479.49,The failure reason 'card_declined' appears transient with an estimated recovery probability of 40.7%. The customer maintains a healthy historical success rate of 95.2% across 21 past payments. An automated payment gateway retry within standard cooldown limits is recommended.
a90b8f7a-823b-46fe-92bc-91b051563df3,payment_failure,2026-08-14T23:10:53.121666+00:00,7570.81,cust_reliab_4387,network_error,1,0.6,"{""total_past_payments"": 24, ""past_successful_payments"": 21, ""past_recovery_rate"": 0.875}",24,21,0.875,reliable_temporary_glitch,1,0.7154,RETRY,APPROVED,RETRY,SUCCESS,7570.81,The failure reason 'network_error' appears transient with an estimated recovery probability of 93.7%. The customer maintains a healthy historical success rate of 87.5% across 24 past payments. An automated payment gateway retry within standard cooldown limits is recommended.
142ba8fe-f7fe-48ce-9c60-8b0f27d3fbc7,subscription_failure,2026-08-20T07:59:59.294875+00:00,170918.07,cust_high_v_5480,insufficient_funds,1,2.26,"{""total_past_payments"": 21, ""past_successful_payments"": 17, ""past_recovery_rate"": 0.8095}",21,17,0.8095,high_value_link_responder,0,0.6184,PAYMENT_LINK,APPROVED,PAYMENT_LINK,FAILED,0.0,"This is a high-value transaction of ₹170,918.07 INR that requires customer-initiated 2FA authentication. Automated gateway retries frequently fail for transactions of this scale due to bank security policies. Sending a secure payment link directly to the customer provides a seamless authentication flow and yields optimal recovery."
6c29a051-dda4-4839-907d-38814062ccfb,payment_failure,2026-08-16T07:33:33.549385+00:00,5298.67,cust_chroni_7165,expired_card,5,4.53,"{""total_past_payments"": 4, ""past_successful_payments"": 1, ""past_recovery_rate"": 0.25}",4,1,0.25,chronic_failer,0,0.0409,STOP,APPROVED,STOP,NO_ACTION,0.0,"The predicted recovery probability is extremely low (0.4%), indicating high likelihood of permanent failure. Given 5 prior failed attempt(s) and poor past payment performance, continuing automated attempts would incur unnecessary fees and annoy the customer. We recommend halting all recovery efforts for this invoice."
97c8b2d7-c35a-4bb8-811a-ee88ce3dfbd4,overdue_invoice,2026-07-28T18:01:04.154320+00:00,89845.47,cust_slow_b_4768,overdue,1,17.55,"{""total_past_payments"": 8, ""past_successful_payments"": 6, ""past_recovery_rate"": 0.75}",8,6,0.75,slow_but_reliable_payer,1,0.3716,REMINDER,APPROVED,REMINDER,SUCCESS,89845.47,"The invoice of ₹89,845.47 INR is overdue with 1 previous attempt(s). The customer has a solid historical recovery rate of 75.0%, indicating willingness to pay once notified. Sending a formal payment reminder notice is the most effective approach to prompt settlement."
330464f3-ca48-4b2d-b04a-7cef15b162c1,overdue_invoice,2026-08-15T22:09:32.761930+00:00,42600.06,cust_slow_b_6410,overdue,3,25.42,"{""total_past_payments"": 25, ""past_successful_payments"": 19, ""past_recovery_rate"": 0.76}",25,19,0.76,slow_but_reliable_payer,1,0.8447,REMINDER,APPROVED,REMINDER,SUCCESS,42600.06,"The invoice of ₹42,600.06 INR is overdue with 3 previous attempt(s). The customer has a solid historical recovery rate of 76.0%, indicating willingness to pay once notified. Sending a formal payment reminder notice is the most effective approach to prompt settlement."
7b7dee67-a13e-467c-82c6-310ad3444ed7,payment_failure,2026-07-27T12:42:30.202977+00:00,375.08,cust_chroni_9399,card_declined,3,1.77,"{""total_past_payments"": 20, ""past_successful_payments"": 2, ""past_recovery_rate"": 0.1}",20,2,0.1,chronic_failer,1,0.1045,STOP,APPROVED,STOP,NO_ACTION,0.0,"The predicted recovery probability is extremely low (4.9%), indicating high likelihood of permanent failure. Given 3 prior failed attempt(s) and poor past payment performance, continuing automated attempts would incur unnecessary fees and annoy the customer. We recommend halting all recovery efforts for this invoice."
0a4b3956-9924-4417-9942-6a08359f6867,overdue_invoice,2026-08-13T18:47:03.271164+00:00,26203.38,cust_slow_b_5644,overdue,2,19.98,"{""total_past_payments"": 22, ""past_successful_payments"": 19, ""past_recovery_rate"": 0.8636}",22,19,0.8636,slow_but_reliable_payer,1,0.9057,REMINDER,APPROVED,REMINDER,SUCCESS,26203.38,"The invoice of ₹26,203.38 INR is overdue with 2 previous attempt(s). The customer has a solid historical recovery rate of 86.4%, indicating willingness to pay once notified. Sending a formal payment reminder notice is the most effective approach to prompt settlement."
95fd5fa2-9890-4c2e-8ade-86b38a1e068f,payment_failure,2026-08-14T22:47:21.265636+00:00,3403.98,cust_chroni_9369,expired_card,4,5.77,"{""total_past_payments"": 7, ""past_successful_payments"": 2, ""past_recovery_rate"": 0.2857}",7,2,0.2857,chronic_failer,0,0.0365,STOP,APPROVED,STOP,NO_ACTION,0.0,"The predicted recovery probability is extremely low (3.1%), indicating high likelihood of permanent failure. Given 4 prior failed attempt(s) and poor past payment performance, continuing automated attempts would incur unnecessary fees and annoy the customer. We recommend halting all recovery efforts for this invoice."
54edad56-c9e4-4858-bb72-a5d41f49dc74,subscription_failure,2026-08-07T22:13:57.657449+00:00,157884.1,cust_high_v_4315,card_declined,1,1.45,"{""total_past_payments"": 9, ""past_successful_payments"": 6, ""past_recovery_rate"": 0.6667}",9,6,0.6667,high_value_link_responder,0,0.8659,PAYMENT_LINK,APPROVED,PAYMENT_LINK,FAILED,0.0,"This is a high-value transaction of ₹157,884.10 INR that requires customer-initiated 2FA authentication. Automated gateway retries frequently fail for transactions of this scale due to bank security policies. Sending a secure payment link directly to the customer provides a seamless authentication flow and yields optimal recovery."
5670d6da-0b1f-431c-a5b6-21e72008e2e3,checkout_abandonment,2026-08-16T04:59:13.971908+00:00,10863.57,cust_checko_2925,abandoned,1,2.66,"{""total_past_payments"": 8, ""past_successful_payments"": 4, ""past_recovery_rate"": 0.5}",8,4,0.5,checkout_abandoner,1,0.265,REMINDER,APPROVED,REMINDER,SUCCESS,10863.57,"The customer abandoned checkout for an order worth ₹10,863.57 INR. Since no transaction was submitted to the payment gateway, automated retries are inapplicable. We recommend sending a targeted checkout reminder notice with an instant payment link."
aa7c31cc-94ce-4026-9262-e98cb677bb4f,checkout_abandonment,2026-08-05T08:26:42.997097+00:00,463.86,cust_checko_9680,abandoned,2,1.66,"{""total_past_payments"": 5, ""past_successful_payments"": 3, ""past_recovery_rate"": 0.6}",5,3,0.6,checkout_abandoner,0,0.4117,REMINDER,APPROVED,REMINDER,FAILED,0.0,"The customer abandoned checkout for an order worth ₹463.86 INR. Since no transaction was submitted to the payment gateway, automated retries are inapplicable. We recommend sending a targeted checkout reminder notice with an instant payment link."
373a7a92-a6ac-416d-a033-09b7055715dd,subscription_failure,2026-07-28T09:24:14.540859+00:00,13663.95,cust_reliab_4809,network_error,1,0.91,"{""total_past_payments"": 26, ""past_successful_payments"": 24, ""past_recovery_rate"": 0.9231}",26,24,0.9231,reliable_temporary_glitch,0,0.1602,RETRY,APPROVED,RETRY,FAILED,0.0,The failure reason 'network_error' appears transient with an estimated recovery probability of 36.4%. The customer maintains a healthy historical success rate of 92.3% across 26 past payments. An automated payment gateway retry within standard cooldown limits is recommended.
b3e89310-eb82-4d96-8464-e17ffb47fda8,payment_failure,2026-08-05T05:14:41.464797+00:00,83006.12,cust_high_v_9561,network_error,1,2.27,"{""total_past_payments"": 30, ""past_successful_payments"": 18, ""past_recovery_rate"": 0.6}",30,18,0.6,high_value_link_responder,0,0.734,PAYMENT_LINK,APPROVED,PAYMENT_LINK,FAILED,0.0,"This is a high-value transaction of ₹83,006.12 INR that requires customer-initiated 2FA authentication. Automated gateway retries frequently fail for transactions of this scale due to bank security policies. Sending a secure payment link directly to the customer provides a seamless authentication flow and yields optimal recovery."
37f9b3e7-54d2-484e-b7bf-95ff3c6d8ec2,subscription_failure,2026-08-10T15:53:48.978590+00:00,1407.27,cust_chroni_6990,card_declined,5,2.57,"{""total_past_payments"": 19, ""past_successful_payments"": 3, ""past_recovery_rate"": 0.1579}",19,3,0.1579,chronic_failer,0,0.3165,STOP,APPROVED,STOP,NO_ACTION,0.0,"The predicted recovery probability is extremely low (9.0%), indicating high likelihood of permanent failure. Given 5 prior failed attempt(s) and poor past payment performance, continuing automated attempts would incur unnecessary fees and annoy the customer. We recommend halting all recovery efforts for this invoice."
41a374ac-9117-429f-a84c-39641cfea030,subscription_failure,2026-08-15T10:04:18.303882+00:00,8505.52,cust_reliab_5157,network_error,2,0.44,"{""total_past_payments"": 45, ""past_successful_payments"": 42, ""past_recovery_rate"": 0.9333}",45,42,0.9333,reliable_temporary_glitch,1,0.9811,RETRY,APPROVED,RETRY,SUCCESS,8505.52,The failure reason 'network_error' appears transient with an estimated recovery probability of 67.2%. The customer maintains a healthy historical success rate of 93.3% across 45 past payments. An automated payment gateway retry within standard cooldown limits is recommended.
0d84ee1e-f595-444f-b6f5-6cdff17e93d0,overdue_invoice,2026-07-26T14:46:23.548714+00:00,20717.72,cust_slow_b_9328,overdue,1,16.16,"{""total_past_payments"": 9, ""past_successful_payments"": 7, ""past_recovery_rate"": 0.7778}",9,7,0.7778,slow_but_reliable_payer,1,0.383,REMINDER,APPROVED,REMINDER,SUCCESS,20717.72,"The invoice of ₹20,717.72 INR is overdue with 1 previous attempt(s). The customer has a solid historical recovery rate of 77.8%, indicating willingness to pay once notified. Sending a formal payment reminder notice is the most effective approach to prompt settlement."
29a7afdf-a12d-4033-b02d-4e417bc5c47c,overdue_invoice,2026-07-31T14:50:59.470292+00:00,73611.09,cust_slow_b_2492,overdue,1,14.73,"{""total_past_payments"": 24, ""past_successful_payments"": 17, ""past_recovery_rate"": 0.7083}",24,17,0.7083,slow_but_reliable_payer,1,0.5438,REMINDER,APPROVED,REMINDER,SUCCESS,73611.09,"The invoice of ₹73,611.09 INR is overdue with 1 previous attempt(s). The customer has a solid historical recovery rate of 70.8%, indicating willingness to pay once notified. Sending a formal payment reminder notice is the most effective approach to prompt settlement."
37c0e20f-9731-4aa8-988a-dddbd1d9ec7a,payment_failure,2026-08-10T09:43:47.627010+00:00,4950.43,cust_chroni_9536,card_declined,6,6.58,"{""total_past_payments"": 14, ""past_successful_payments"": 3, ""past_recovery_rate"": 0.2143}",14,3,0.2143,chronic_failer,0,0.0307,STOP,APPROVED,STOP,NO_ACTION,0.0,"The predicted recovery probability is extremely low (4.5%), indicating high likelihood of permanent failure. Given 6 prior failed attempt(s) and poor past payment performance, continuing automated attempts would incur unnecessary fees and annoy the customer. We recommend halting all recovery efforts for this invoice."
b31b9e1a-ebff-490b-ab6d-a698db287476,payment_failure,2026-07-29T07:43:59.165533+00:00,25774.4,cust_slow_b_9489,overdue,2,15.97,"{""total_past_payments"": 10, ""past_successful_payments"": 9, ""past_recovery_rate"": 0.9}",10,9,0.9,slow_but_reliable_payer,1,0.8296,PAYMENT_LINK,APPROVED,PAYMENT_LINK,SUCCESS,25774.4,"This is a high-value transaction of ₹25,774.40 INR that requires customer-initiated 2FA authentication. Automated gateway retries frequently fail for transactions of this scale due to bank security policies. Sending a secure payment link directly to the customer provides a seamless authentication flow and yields optimal recovery."
4fcf9b4c-faee-4906-9e3c-be8358ab50dd,payment_failure,2026-08-16T10:42:12.618145+00:00,33113.75,cust_high_v_5520,card_declined,1,2.14,"{""total_past_payments"": 10, ""past_successful_payments"": 6, ""past_recovery_rate"": 0.6}",10,6,0.6,high_value_link_responder,0,0.7132,PAYMENT_LINK,APPROVED,PAYMENT_LINK,FAILED,0.0,"This is a high-value transaction of ₹33,113.75 INR that requires customer-initiated 2FA authentication. Automated gateway retries frequently fail for transactions of this scale due to bank security policies. Sending a secure payment link directly to the customer provides a seamless authentication flow and yields optimal recovery."
7868ba5a-e9dc-4dce-8480-bc429b79e328,payment_failure,2026-08-03T22:45:12.485507+00:00,141492.11,cust_high_v_6703,card_declined,3,2.26,"{""total_past_payments"": 7, ""past_successful_payments"": 5, ""past_recovery_rate"": 0.7143}",7,5,0.7143,high_value_link_responder,1,0.4672,PAYMENT_LINK,APPROVED,PAYMENT_LINK,SUCCESS,141492.11,"This is a high-value transaction of ₹141,492.11 INR that requires customer-initiated 2FA authentication. Automated gateway retries frequently fail for transactions of this scale due to bank security policies. Sending a secure payment link directly to the customer provides a seamless authentication flow and yields optimal recovery."
1eda0f54-40ec-471b-9509-190e2f5b27a8,subscription_failure,2026-08-09T09:52:57.104259+00:00,567.45,cust_reliab_9243,network_error,1,0.87,"{""total_past_payments"": 16, ""past_successful_payments"": 15, ""past_recovery_rate"": 0.9375}",16,15,0.9375,reliable_temporary_glitch,1,0.6753,RETRY,APPROVED,RETRY,SUCCESS,567.45,The failure reason 'network_error' appears transient with an estimated recovery probability of 70.5%. The customer maintains a healthy historical success rate of 93.8% across 16 past payments. An automated payment gateway retry within standard cooldown limits is recommended.
9d3d251d-9136-4bb5-9778-ac4bcef040c6,subscription_failure,2026-07-23T19:54:01.639619+00:00,13203.64,cust_reliab_4985,insufficient_funds,2,1.42,"{""total_past_payments"": 34, ""past_successful_payments"": 32, ""past_recovery_rate"": 0.9412}",34,32,0.9412,reliable_temporary_glitch,1,0.897,RETRY,APPROVED,RETRY,SUCCESS,13203.64,The failure reason 'insufficient_funds' appears transient with an estimated recovery probability of 47.2%. The customer maintains a healthy historical success rate of 94.1% across 34 past payments. An automated payment gateway retry within standard cooldown limits is recommended.
b578a217-9ff0-4910-9bcb-ade8f54a5795,checkout_abandonment,2026-08-20T17:02:19.265747+00:00,1792.9,cust_checko_4767,abandoned,1,1.27,"{""total_past_payments"": 3, ""past_successful_payments"": 2, ""past_recovery_rate"": 0.6667}",3,2,0.6667,checkout_abandoner,0,0.2369,REMINDER,APPROVED,REMINDER,FAILED,0.0,"The customer abandoned checkout for an order worth ₹1,792.90 INR. Since no transaction was submitted to the payment gateway, automated retries are inapplicable. We recommend sending a targeted checkout reminder notice with an instant payment link."
a138472b-0689-405a-91d1-0d6143ed3086,checkout_abandonment,2026-08-05T11:03:42.529783+00:00,8544.45,cust_checko_6603,abandoned,2,0.9,"{""total_past_payments"": 1, ""past_successful_payments"": 0, ""past_recovery_rate"": 0.0}",1,0,0.0,checkout_abandoner,1,0.178,STOP,APPROVED,STOP,NO_ACTION,0.0,"The predicted recovery probability is extremely low (14.4%), indicating high likelihood of permanent failure. Given 2 prior failed attempt(s) and poor past payment performance, continuing automated attempts would incur unnecessary fees and annoy the customer. We recommend halting all recovery efforts for this invoice."
87ac4d37-8650-4a7e-bd6b-0eb27aa7bb5f,payment_failure,2026-08-13T10:59:47.845604+00:00,238101.57,cust_high_v_4271,insufficient_funds,3,2.83,"{""total_past_payments"": 11, ""past_successful_payments"": 8, ""past_recovery_rate"": 0.7273}",11,8,0.7273,high_value_link_responder,1,0.6538,PAYMENT_LINK,APPROVED,PAYMENT_LINK,SUCCESS,238101.57,"This is a high-value transaction of ₹238,101.57 INR that requires customer-initiated 2FA authentication. Automated gateway retries frequently fail for transactions of this scale due to bank security policies. Sending a secure payment link directly to the customer provides a seamless authentication flow and yields optimal recovery."
49ece4a1-f616-4c38-9aeb-a62b84b0401c,checkout_abandonment,2026-08-14T15:42:06.350492+00:00,10093.56,cust_checko_2285,abandoned,2,0.64,"{""total_past_payments"": 1, ""past_successful_payments"": 0, ""past_recovery_rate"": 0.0}",1,0,0.0,checkout_abandoner,0,0.6597,REMINDER,BLOCKED: max_daily_contact_attempts_per_customer,STOP,NO_ACTION,0.0,"The customer abandoned checkout for an order worth ₹10,093.56 INR. Since no transaction was submitted to the payment gateway, automated retries are inapplicable. We recommend sending a targeted checkout reminder notice with an instant payment link."
7358ed7d-5a4c-436e-b2c9-6585d788de4a,subscription_failure,2026-08-20T06:18:06.249289+00:00,133515.72,cust_high_v_9041,network_error,3,1.29,"{""total_past_payments"": 23, ""past_successful_payments"": 20, ""past_recovery_rate"": 0.8696}",23,20,0.8696,high_value_link_responder,1,0.9815,PAYMENT_LINK,APPROVED,PAYMENT_LINK,SUCCESS,133515.72,"This is a high-value transaction of ₹133,515.72 INR that requires customer-initiated 2FA authentication. Automated gateway retries frequently fail for transactions of this scale due to bank security policies. Sending a secure payment link directly to the customer provides a seamless authentication flow and yields optimal recovery."
1da1797a-5a3b-47a1-96c7-4de0974c9a64,subscription_failure,2026-08-09T14:15:28.615302+00:00,11377.46,cust_reliab_9859,network_error,1,0.2,"{""total_past_payments"": 37, ""past_successful_payments"": 34, ""past_recovery_rate"": 0.9189}",37,34,0.9189,reliable_temporary_glitch,1,0.9588,RETRY,APPROVED,RETRY,SUCCESS,11377.46,The failure reason 'network_error' appears transient with an estimated recovery probability of 94.9%. The customer maintains a healthy historical success rate of 91.9% across 37 past payments. An automated payment gateway retry within standard cooldown limits is recommended.
502ff6eb-dfa9-49af-a197-6e9e86529bb3,subscription_failure,2026-08-17T22:03:57.950167+00:00,8013.97,cust_reliab_7216,network_error,2,1.41,"{""total_past_payments"": 10, ""past_successful_payments"": 9, ""past_recovery_rate"": 0.9}",10,9,0.9,reliable_temporary_glitch,1,0.9355,RETRY,APPROVED,RETRY,SUCCESS,8013.97,The failure reason 'network_error' appears transient with an estimated recovery probability of 99.2%. The customer maintains a healthy historical success rate of 90.0% across 10 past payments. An automated payment gateway retry within standard cooldown limits is recommended.
d564f7e5-ac68-4fd6-a630-0632c051be5f,payment_failure,2026-08-13T17:44:47.880316+00:00,4478.79,cust_chroni_9171,expired_card,4,2.62,"{""total_past_payments"": 12, ""past_successful_payments"": 2, ""past_recovery_rate"": 0.1667}",12,2,0.1667,chronic_failer,0,0.0076,STOP,APPROVED,STOP,NO_ACTION,0.0,"The predicted recovery probability is extremely low (0.6%), indicating high likelihood of permanent failure. Given 4 prior failed attempt(s) and poor past payment performance, continuing automated attempts would incur unnecessary fees and annoy the customer. We recommend halting all recovery efforts for this invoice."
d6f0e367-6ca9-4e01-adef-510f4a6cd22d,checkout_abandonment,2026-08-08T00:12:22.727893+00:00,7049.78,cust_checko_8081,abandoned,1,2.48,"{""total_past_payments"": 4, ""past_successful_payments"": 2, ""past_recovery_rate"": 0.5}",4,2,0.5,checkout_abandoner,0,0.5737,REMINDER,APPROVED,REMINDER,FAILED,0.0,"The customer abandoned checkout for an order worth ₹7,049.78 INR. Since no transaction was submitted to the payment gateway, automated retries are inapplicable. We recommend sending a targeted checkout reminder notice with an instant payment link."
72782697-5918-4069-9a37-4674442fbfdd,overdue_invoice,2026-07-30T08:58:51.373563+00:00,52568.83,cust_slow_b_9470,overdue,1,9.42,"{""total_past_payments"": 19, ""past_successful_payments"": 14, ""past_recovery_rate"": 0.7368}",19,14,0.7368,slow_but_reliable_payer,1,0.7906,REMINDER,APPROVED,REMINDER,SUCCESS,52568.83,"The invoice of ₹52,568.83 INR is overdue with 1 previous attempt(s). The customer has a solid historical recovery rate of 73.7%, indicating willingness to pay once notified. Sending a formal payment reminder notice is the most effective approach to prompt settlement."
938c6ecb-6974-450b-925d-1f91137eab65,checkout_abandonment,2026-08-20T02:22:49.757635+00:00,1593.16,cust_checko_2577,abandoned,1,0.37,"{""total_past_payments"": 4, ""past_successful_payments"": 2, ""past_recovery_rate"": 0.5}",4,2,0.5,checkout_abandoner,0,0.0419,STOP,APPROVED,STOP,NO_ACTION,0.0,"The predicted recovery probability is extremely low (16.9%), indicating high likelihood of permanent failure. Given 1 prior failed attempt(s) and poor past payment performance, continuing automated attempts would incur unnecessary fees and annoy the customer. We recommend halting all recovery efforts for this invoice."
5b8dce1b-4d62-4d68-8a4d-23c1d9c09101,checkout_abandonment,2026-08-04T17:16:44.983586+00:00,11212.8,cust_checko_4259,abandoned,2,1.16,"{""total_past_payments"": 6, ""past_successful_payments"": 2, ""past_recovery_rate"": 0.3333}",6,2,0.3333,checkout_abandoner,0,0.4365,REMINDER,APPROVED,REMINDER,FAILED,0.0,"The customer abandoned checkout for an order worth ₹11,212.80 INR. Since no transaction was submitted to the payment gateway, automated retries are inapplicable. We recommend sending a targeted checkout reminder notice with an instant payment link."
2361e8e8-1279-4efe-a551-3a5ec96177b8,subscription_failure,2026-08-11T18:39:58.250755+00:00,4181.47,cust_chroni_8598,card_declined,6,6.34,"{""total_past_payments"": 14, ""past_successful_payments"": 3, ""past_recovery_rate"": 0.2143}",14,3,0.2143,chronic_failer,0,0.0082,STOP,APPROVED,STOP,NO_ACTION,0.0,"The predicted recovery probability is extremely low (9.0%), indicating high likelihood of permanent failure. Given 6 prior failed attempt(s) and poor past payment performance, continuing automated attempts would incur unnecessary fees and annoy the customer. We recommend halting all recovery efforts for this invoice."
774b7e15-587d-4ce5-bc44-54dd904b11ce,payment_failure,2026-07-28T07:10:29.436701+00:00,2831.63,cust_chroni_6629,card_declined,6,6.09,"{""total_past_payments"": 4, ""past_successful_payments"": 0, ""past_recovery_rate"": 0.0}",4,0,0.0,chronic_failer,0,0.011,STOP,APPROVED,STOP,NO_ACTION,0.0,"The predicted recovery probability is extremely low (0.9%), indicating high likelihood of permanent failure. Given 6 prior failed attempt(s) and poor past payment performance, continuing automated attempts would incur unnecessary fees and annoy the customer. We recommend halting all recovery efforts for this invoice."
ab4fe864-76ad-46d8-a06d-d5c88be64f67,payment_failure,2026-08-13T09:25:57.195142+00:00,6951.03,cust_reliab_7782,insufficient_funds,2,1.52,"{""total_past_payments"": 43, ""past_successful_payments"": 42, ""past_recovery_rate"": 0.9767}",43,42,0.9767,reliable_temporary_glitch,1,0.9726,RETRY,APPROVED,RETRY,SUCCESS,6951.03,The failure reason 'insufficient_funds' appears transient with an estimated recovery probability of 84.5%. The customer maintains a healthy historical success rate of 97.7% across 43 past payments. An automated payment gateway retry within standard cooldown limits is recommended.
0361d743-b5a9-457a-93e1-8199d61f2bc8,payment_failure,2026-08-14T11:47:58.591709+00:00,32648.23,cust_slow_b_7505,overdue,3,22.52,"{""total_past_payments"": 6, ""past_successful_payments"": 5, ""past_recovery_rate"": 0.8333}",6,5,0.8333,slow_but_reliable_payer,0,0.8369,PAYMENT_LINK,APPROVED,PAYMENT_LINK,FAILED,0.0,"This is a high-value transaction of ₹32,648.23 INR that requires customer-initiated 2FA authentication. Automated gateway retries frequently fail for transactions of this scale due to bank security policies. Sending a secure payment link directly to the customer provides a seamless authentication flow and yields optimal recovery."
4b6ac648-c501-4b0d-b250-38d025abcd19,checkout_abandonment,2026-08-09T14:52:55.820047+00:00,9285.71,cust_checko_7387,abandoned,1,0.49,"{""total_past_payments"": 9, ""past_successful_payments"": 2, ""past_recovery_rate"": 0.2222}",9,2,0.2222,checkout_abandoner,1,0.3833,REMINDER,APPROVED,REMINDER,SUCCESS,9285.71,"The customer abandoned checkout for an order worth ₹9,285.71 INR. Since no transaction was submitted to the payment gateway, automated retries are inapplicable. We recommend sending a targeted checkout reminder notice with an instant payment link."
2d431a20-0b28-422a-849b-b0e348a951e9,payment_failure,2026-08-02T17:39:54.339313+00:00,54537.35,cust_high_v_6328,card_declined,1,0.57,"{""total_past_payments"": 26, ""past_successful_payments"": 18, ""past_recovery_rate"": 0.6923}",26,18,0.6923,high_value_link_responder,0,0.873,PAYMENT_LINK,APPROVED,PAYMENT_LINK,FAILED,0.0,"This is a high-value transaction of ₹54,537.35 INR that requires customer-initiated 2FA authentication. Automated gateway retries frequently fail for transactions of this scale due to bank security policies. Sending a secure payment link directly to the customer provides a seamless authentication flow and yields optimal recovery."
22990b95-f07a-4fce-b0f7-2145e81e0575,payment_failure,2026-08-17T11:26:54.432356+00:00,95363.75,cust_slow_b_8126,overdue,3,9.43,"{""total_past_payments"": 23, ""past_successful_payments"": 19, ""past_recovery_rate"": 0.8261}",23,19,0.8261,slow_but_reliable_payer,1,0.9906,PAYMENT_LINK,APPROVED,PAYMENT_LINK,SUCCESS,95363.75,"This is a high-value transaction of ₹95,363.75 INR that requires customer-initiated 2FA authentication. Automated gateway retries frequently fail for transactions of this scale due to bank security policies. Sending a secure payment link directly to the customer provides a seamless authentication flow and yields optimal recovery."
5d1e60f7-e576-4aa9-bb1c-94452570afa5,payment_failure,2026-08-11T02:46:12.039852+00:00,8325.19,cust_reliab_3551,network_error,1,0.94,"{""total_past_payments"": 33, ""past_successful_payments"": 30, ""past_recovery_rate"": 0.9091}",33,30,0.9091,reliable_temporary_glitch,1,0.7296,RETRY,APPROVED,RETRY,SUCCESS,8325.19,The failure reason 'network_error' appears transient with an estimated recovery probability of 82.5%. The customer maintains a healthy historical success rate of 90.9% across 33 past payments. An automated payment gateway retry within standard cooldown limits is recommended.
aa5ff467-2291-4e61-9ca5-7e5207b4dece,checkout_abandonment,2026-08-07T10:54:31.173890+00:00,546.06,cust_checko_8052,abandoned,2,2.85,"{""total_past_payments"": 7, ""past_successful_payments"": 2, ""past_recovery_rate"": 0.2857}",7,2,0.2857,checkout_abandoner,0,0.0383,STOP,APPROVED,STOP,NO_ACTION,0.0,"The predicted recovery probability is extremely low (2.7%), indicating high likelihood of permanent failure. Given 2 prior failed attempt(s) and poor past payment performance, continuing automated attempts would incur unnecessary fees and annoy the customer. We recommend halting all recovery efforts for this invoice."
9772f3f5-06a2-4ef9-a67b-07c2eb418efe,checkout_abandonment,2026-08-05T02:01:06.262540+00:00,2627.99,cust_checko_7385,abandoned,2,1.31,"{""total_past_payments"": 2, ""past_successful_payments"": 1, ""past_recovery_rate"": 0.5}",2,1,0.5,checkout_abandoner,1,0.3524,REMINDER,APPROVED,REMINDER,SUCCESS,2627.99,"The customer abandoned checkout for an order worth ₹2,627.99 INR. Since no transaction was submitted to the payment gateway, automated retries are inapplicable. We recommend sending a targeted checkout reminder notice with an instant payment link."
670d1bae-70d3-49e5-b71f-276e47b06f9f,checkout_abandonment,2026-07-28T12:45:38.363653+00:00,7532.65,cust_checko_7765,abandoned,2,1.0,"{""total_past_payments"": 8, ""past_successful_payments"": 5, ""past_recovery_rate"": 0.625}",8,5,0.625,checkout_abandoner,1,0.221,STOP,APPROVED,STOP,NO_ACTION,0.0,"The predicted recovery probability is extremely low (14.5%), indicating high likelihood of permanent failure. Given 2 prior failed attempt(s) and poor past payment performance, continuing automated attempts would incur unnecessary fees and annoy the customer. We recommend halting all recovery efforts for this invoice."
4488a777-c977-4812-8a79-f52d62404d2b,checkout_abandonment,2026-08-18T05:16:28.613359+00:00,5709.21,cust_checko_6253,abandoned,2,0.96,"{""total_past_payments"": 9, ""past_successful_payments"": 4, ""past_recovery_rate"": 0.4444}",9,4,0.4444,checkout_abandoner,0,0.9334,REMINDER,BLOCKED: max_daily_contact_attempts_per_customer,STOP,NO_ACTION,0.0,"The customer abandoned checkout for an order worth ₹5,709.21 INR. Since no transaction was submitted to the payment gateway, automated retries are inapplicable. We recommend sending a targeted checkout reminder notice with an instant payment link."
d7e208cb-ed7e-4952-aa59-d09e56f3a472,checkout_abandonment,2026-08-13T10:54:38.489462+00:00,8710.51,cust_checko_4558,abandoned,1,0.85,"{""total_past_payments"": 2, ""past_successful_payments"": 0, ""past_recovery_rate"": 0.0}",2,0,0.0,checkout_abandoner,1,0.468,REMINDER,APPROVED,REMINDER,SUCCESS,8710.51,"The customer abandoned checkout for an order worth ₹8,710.51 INR. Since no transaction was submitted to the payment gateway, automated retries are inapplicable. We recommend sending a targeted checkout reminder notice with an instant payment link."
e44cb086-db75-42aa-bfc2-15bf1d9b9b88,payment_failure,2026-07-22T14:11:51.021458+00:00,7223.42,cust_reliab_7429,insufficient_funds,1,0.73,"{""total_past_payments"": 19, ""past_successful_payments"": 16, ""past_recovery_rate"": 0.8421}",19,16,0.8421,reliable_temporary_glitch,1,0.2787,RETRY,APPROVED,RETRY,SUCCESS,7223.42,The failure reason 'insufficient_funds' appears transient with an estimated recovery probability of 53.8%. The customer maintains a healthy historical success rate of 84.2% across 19 past payments. An automated payment gateway retry within standard cooldown limits is recommended.
f0ea9ea6-684c-4de2-bd6f-98957b3e2f2f,overdue_invoice,2026-07-27T16:23:22.967082+00:00,20976.54,cust_slow_b_1549,overdue,3,11.22,"{""total_past_payments"": 18, ""past_successful_payments"": 14, ""past_recovery_rate"": 0.7778}",18,14,0.7778,slow_but_reliable_payer,1,0.9923,REMINDER,APPROVED,REMINDER,SUCCESS,20976.54,"The invoice of ₹20,976.54 INR is overdue with 3 previous attempt(s). The customer has a solid historical recovery rate of 77.8%, indicating willingness to pay once notified. Sending a formal payment reminder notice is the most effective approach to prompt settlement."
dc695626-2a03-44df-b516-8b0647a361f7,subscription_failure,2026-08-01T13:12:19.839352+00:00,1825.89,cust_chroni_3598,card_declined,6,5.09,"{""total_past_payments"": 11, ""past_successful_payments"": 4, ""past_recovery_rate"": 0.3636}",11,4,0.3636,chronic_failer,0,0.0025,STOP,APPROVED,STOP,NO_ACTION,0.0,"The predicted recovery probability is extremely low (0.1%), indicating high likelihood of permanent failure. Given 6 prior failed attempt(s) and poor past payment performance, continuing automated attempts would incur unnecessary fees and annoy the customer. We recommend halting all recovery efforts for this invoice."
64a8033c-f17d-4eaf-9c5c-ab3f98d56d83,checkout_abandonment,2026-08-02T08:59:48.402733+00:00,2745.26,cust_checko_4866,abandoned,1,2.62,"{""total_past_payments"": 3, ""past_successful_payments"": 2, ""past_recovery_rate"": 0.6667}",3,2,0.6667,checkout_abandoner,0,0.3127,REMINDER,APPROVED,REMINDER,FAILED,0.0,"The customer abandoned checkout for an order worth ₹2,745.26 INR. Since no transaction was submitted to the payment gateway, automated retries are inapplicable. We recommend sending a targeted checkout reminder notice with an instant payment link."
9a2e2dd6-441c-455b-893f-56fb2eed87aa,checkout_abandonment,2026-08-13T05:56:20.960325+00:00,1831.95,cust_checko_8786,abandoned,1,0.23,"{""total_past_payments"": 0, ""past_successful_payments"": 0, ""past_recovery_rate"": 0.0}",0,0,0.0,checkout_abandoner,0,0.0446,REMINDER,APPROVED,REMINDER,FAILED,0.0,"The customer abandoned checkout for an order worth ₹1,831.95 INR. Since no transaction was submitted to the payment gateway, automated retries are inapplicable. We recommend sending a targeted checkout reminder notice with an instant payment link."
5a591405-1139-4069-8986-1b34b78d423f,checkout_abandonment,2026-07-31T22:51:03.757349+00:00,4358.78,cust_checko_9787,abandoned,1,0.37,"{""total_past_payments"": 10, ""past_successful_payments"": 3, ""past_recovery_rate"": 0.3}",10,3,0.3,checkout_abandoner,0,0.2385,REMINDER,APPROVED,REMINDER,FAILED,0.0,"The customer abandoned checkout for an order worth ₹4,358.78 INR. Since no transaction was submitted to the payment gateway, automated retries are inapplicable. We recommend sending a targeted checkout reminder notice with an instant payment link."
f8533ad1-8faa-4060-bdc5-4bf1fc4a8f8e,checkout_abandonment,2026-07-23T01:55:28.831152+00:00,9557.89,cust_checko_1349,abandoned,2,2.46,"{""total_past_payments"": 7, ""past_successful_payments"": 4, ""past_recovery_rate"": 0.5714}",7,4,0.5714,checkout_abandoner,1,0.0528,REMINDER,APPROVED,REMINDER,SUCCESS,9557.89,"The customer abandoned checkout for an order worth ₹9,557.89 INR. Since no transaction was submitted to the payment gateway, automated retries are inapplicable. We recommend sending a targeted checkout reminder notice with an instant payment link."
9d67f1d2-0173-48c1-8caa-3d7cb436959a,subscription_failure,2026-08-08T09:43:52.263181+00:00,2498.77,cust_chroni_6303,expired_card,6,2.14,"{""total_past_payments"": 7, ""past_successful_payments"": 1, ""past_recovery_rate"": 0.1429}",7,1,0.1429,chronic_failer,0,0.1959,STOP,APPROVED,STOP,NO_ACTION,0.0,"The predicted recovery probability is extremely low (10.9%), indicating high likelihood of permanent failure. Given 6 prior failed attempt(s) and poor past payment performance, continuing automated attempts would incur unnecessary fees and annoy the customer. We recommend halting all recovery efforts for this invoice."
726d5c32-27ba-4aad-a37a-ca649eb6196a,overdue_invoice,2026-07-25T02:18:35.660856+00:00,59906.83,cust_slow_b_5314,overdue,1,18.28,"{""total_past_payments"": 18, ""past_successful_payments"": 14, ""past_recovery_rate"": 0.7778}",18,14,0.7778,slow_but_reliable_payer,0,0.9098,REMINDER,APPROVED,REMINDER,FAILED,0.0,"The invoice of ₹59,906.83 INR is overdue with 1 previous attempt(s). The customer has a solid historical recovery rate of 77.8%, indicating willingness to pay once notified. Sending a formal payment reminder notice is the most effective approach to prompt settlement."
840dff12-8010-4be2-8b30-0db07995ffcc,payment_failure,2026-07-26T01:01:11.564389+00:00,9486.15,cust_reliab_2037,insufficient_funds,2,1.57,"{""total_past_payments"": 25, ""past_successful_payments"": 22, ""past_recovery_rate"": 0.88}",25,22,0.88,reliable_temporary_glitch,1,0.9029,RETRY,APPROVED,RETRY,SUCCESS,9486.15,The failure reason 'insufficient_funds' appears transient with an estimated recovery probability of 97.5%. The customer maintains a healthy historical success rate of 88.0% across 25 past payments. An automated payment gateway retry within standard cooldown limits is recommended.
2ed7d1a3-5de0-489f-a0bc-d6bea43ce1be,checkout_abandonment,2026-08-05T19:24:03.433239+00:00,6196.69,cust_checko_6276,abandoned,1,1.92,"{""total_past_payments"": 5, ""past_successful_payments"": 2, ""past_recovery_rate"": 0.4}",5,2,0.4,checkout_abandoner,1,0.2912,REMINDER,APPROVED,REMINDER,SUCCESS,6196.69,"The customer abandoned checkout for an order worth ₹6,196.69 INR. Since no transaction was submitted to the payment gateway, automated retries are inapplicable. We recommend sending a targeted checkout reminder notice with an instant payment link."
ef5cb31e-b5c4-40f5-8db3-37080f441580,checkout_abandonment,2026-07-26T07:48:58.994514+00:00,2784.01,cust_checko_7366,abandoned,2,0.74,"{""total_past_payments"": 0, ""past_successful_payments"": 0, ""past_recovery_rate"": 0.0}",0,0,0.0,checkout_abandoner,0,0.5196,REMINDER,BLOCKED: max_daily_contact_attempts_per_customer,STOP,NO_ACTION,0.0,"The customer abandoned checkout for an order worth ₹2,784.01 INR. Since no transaction was submitted to the payment gateway, automated retries are inapplicable. We recommend sending a targeted checkout reminder notice with an instant payment link."
76055d4a-8531-4f9c-ba76-548f74755287,subscription_failure,2026-08-13T20:27:19.603383+00:00,3057.56,cust_chroni_2310,expired_card,3,1.08,"{""total_past_payments"": 8, ""past_successful_payments"": 2, ""past_recovery_rate"": 0.25}",8,2,0.25,chronic_failer,0,0.0809,STOP,APPROVED,STOP,NO_ACTION,0.0,"The predicted recovery probability is extremely low (8.1%), indicating high likelihood of permanent failure. Given 3 prior failed attempt(s) and poor past payment performance, continuing automated attempts would incur unnecessary fees and annoy the customer. We recommend halting all recovery efforts for this invoice."
813ab5e2-4793-4a84-8653-2530b2849b4e,checkout_abandonment,2026-07-27T20:52:19.543852+00:00,9623.58,cust_checko_2153,abandoned,1,2.51,"{""total_past_payments"": 4, ""past_successful_payments"": 2, ""past_recovery_rate"": 0.5}",4,2,0.5,checkout_abandoner,0,0.8166,REMINDER,APPROVED,REMINDER,FAILED,0.0,"The customer abandoned checkout for an order worth ₹9,623.58 INR. Since no transaction was submitted to the payment gateway, automated retries are inapplicable. We recommend sending a targeted checkout reminder notice with an instant payment link."
0a38bc7c-df1b-4170-922f-9187c8c13b73,payment_failure,2026-08-05T22:42:06.445912+00:00,47775.65,cust_high_v_5075,card_declined,1,1.83,"{""total_past_payments"": 11, ""past_successful_payments"": 7, ""past_recovery_rate"": 0.6364}",11,7,0.6364,high_value_link_responder,1,0.827,PAYMENT_LINK,APPROVED,PAYMENT_LINK,SUCCESS,47775.65,"This is a high-value transaction of ₹47,775.65 INR that requires customer-initiated 2FA authentication. Automated gateway retries frequently fail for transactions of this scale due to bank security policies. Sending a secure payment link directly to the customer provides a seamless authentication flow and yields optimal recovery."
eef6ba15-1cc4-41d5-a583-28a7f8217415,subscription_failure,2026-07-29T13:00:25.649346+00:00,4697.2,cust_chroni_3733,expired_card,6,5.22,"{""total_past_payments"": 15, ""past_successful_payments"": 5, ""past_recovery_rate"": 0.3333}",15,5,0.3333,chronic_failer,0,0.0335,STOP,APPROVED,STOP,NO_ACTION,0.0,"The predicted recovery probability is extremely low (12.8%), indicating high likelihood of permanent failure. Given 6 prior failed attempt(s) and poor past payment performance, continuing automated attempts would incur unnecessary fees and annoy the customer. We recommend halting all recovery efforts for this invoice."
2ef902a5-0073-4245-8fe5-e4379f97dd89,overdue_invoice,2026-08-01T19:18:29.638428+00:00,58051.04,cust_slow_b_6319,overdue,3,16.08,"{""total_past_payments"": 15, ""past_successful_payments"": 14, ""past_recovery_rate"": 0.9333}",15,14,0.9333,slow_but_reliable_payer,1,0.9699,REMINDER,APPROVED,REMINDER,SUCCESS,58051.04,"The invoice of ₹58,051.04 INR is overdue with 3 previous attempt(s). The customer has a solid historical recovery rate of 93.3%, indicating willingness to pay once notified. Sending a formal payment reminder notice is the most effective approach to prompt settlement."
0d2b1cc3-2fdb-4543-8f8e-fba51fd47684,subscription_failure,2026-08-14T07:24:39.408532+00:00,4455.88,cust_chroni_8412,card_declined,6,5.59,"{""total_past_payments"": 10, ""past_successful_payments"": 2, ""past_recovery_rate"": 0.2}",10,2,0.2,chronic_failer,0,0.0161,STOP,APPROVED,STOP,NO_ACTION,0.0,"The predicted recovery probability is extremely low (0.8%), indicating high likelihood of permanent failure. Given 6 prior failed attempt(s) and poor past payment performance, continuing automated attempts would incur unnecessary fees and annoy the customer. We recommend halting all recovery efforts for this invoice."
8a1435b3-9d6f-40d2-8118-63b6c2342802,payment_failure,2026-07-23T01:00:09.100752+00:00,9138.56,cust_reliab_4635,insufficient_funds,1,1.99,"{""total_past_payments"": 29, ""past_successful_payments"": 25, ""past_recovery_rate"": 0.8621}",29,25,0.8621,reliable_temporary_glitch,1,0.9823,RETRY,APPROVED,RETRY,SUCCESS,9138.56,The failure reason 'insufficient_funds' appears transient with an estimated recovery probability of 94.8%. The customer maintains a healthy historical success rate of 86.2% across 29 past payments. An automated payment gateway retry within standard cooldown limits is recommended.
b3b30645-e2a0-4314-bc7e-04fc7a3dbc95,subscription_failure,2026-07-24T22:58:13.754993+00:00,7913.44,cust_reliab_3267,insufficient_funds,1,0.28,"{""total_past_payments"": 39, ""past_successful_payments"": 35, ""past_recovery_rate"": 0.8974}",39,35,0.8974,reliable_temporary_glitch,1,0.7536,RETRY,APPROVED,RETRY,SUCCESS,7913.44,The failure reason 'insufficient_funds' appears transient with an estimated recovery probability of 89.4%. The customer maintains a healthy historical success rate of 89.7% across 39 past payments. An automated payment gateway retry within standard cooldown limits is recommended.
d8508568-894c-4c46-b5d1-e9a4a911fb5d,subscription_failure,2026-08-13T20:14:08.244790+00:00,2542.36,cust_chroni_6319,card_declined,6,4.41,"{""total_past_payments"": 8, ""past_successful_payments"": 2, ""past_recovery_rate"": 0.25}",8,2,0.25,chronic_failer,0,0.0269,STOP,APPROVED,STOP,NO_ACTION,0.0,"The predicted recovery probability is extremely low (0.3%), indicating high likelihood of permanent failure. Given 6 prior failed attempt(s) and poor past payment performance, continuing automated attempts would incur unnecessary fees and annoy the customer. We recommend halting all recovery efforts for this invoice."
d83b8406-586a-4290-89be-2e3a53d98474,checkout_abandonment,2026-07-25T07:13:08.849621+00:00,7324.92,cust_checko_1916,abandoned,2,0.3,"{""total_past_payments"": 9, ""past_successful_payments"": 4, ""past_recovery_rate"": 0.4444}",9,4,0.4444,checkout_abandoner,0,0.4688,REMINDER,BLOCKED: max_daily_contact_attempts_per_customer,STOP,NO_ACTION,0.0,"The customer abandoned checkout for an order worth ₹7,324.92 INR. Since no transaction was submitted to the payment gateway, automated retries are inapplicable. We recommend sending a targeted checkout reminder notice with an instant payment link."
a267f453-d374-4e59-911e-8da37217a131,checkout_abandonment,2026-08-08T12:01:55.277226+00:00,11194.34,cust_checko_1187,abandoned,1,2.64,"{""total_past_payments"": 3, ""past_successful_payments"": 2, ""past_recovery_rate"": 0.6667}",3,2,0.6667,checkout_abandoner,1,0.0323,STOP,APPROVED,STOP,NO_ACTION,0.0,"The predicted recovery probability is extremely low (13.1%), indicating high likelihood of permanent failure. Given 1 prior failed attempt(s) and poor past payment performance, continuing automated attempts would incur unnecessary fees and annoy the customer. We recommend halting all recovery efforts for this invoice."
784f7d40-bf01-4bff-8491-e32bb6a5d254,subscription_failure,2026-08-04T13:59:38.052849+00:00,2749.29,cust_chroni_9269,card_declined,4,1.92,"{""total_past_payments"": 14, ""past_successful_payments"": 5, ""past_recovery_rate"": 0.3571}",14,5,0.3571,chronic_failer,0,0.1216,ESCALATE,APPROVED,ESCALATE,PENDING,0.0,"Automated recovery has failed after 4 attempts for this transaction of ₹2,749.29 INR. With ML recovery probability estimated at 53.8%, automated retries have diminishing returns. Escalating to a human customer success representative is recommended for personalized outreach."
d5ecb730-2a73-4d6e-9528-911a2d07ad82,overdue_invoice,2026-08-17T02:09:44.131579+00:00,40255.14,cust_slow_b_5301,overdue,2,19.29,"{""total_past_payments"": 5, ""past_successful_payments"": 4, ""past_recovery_rate"": 0.8}",5,4,0.8,slow_but_reliable_payer,0,0.5952,REMINDER,APPROVED,REMINDER,FAILED,0.0,"The invoice of ₹40,255.14 INR is overdue with 2 previous attempt(s). The customer has a solid historical recovery rate of 80.0%, indicating willingness to pay once notified. Sending a formal payment reminder notice is the most effective approach to prompt settlement."
81803114-0ac0-4ac1-bf8e-23ae172d22bb,payment_failure,2026-08-04T18:02:16.582494+00:00,4005.32,cust_chroni_2173,card_declined,4,4.37,"{""total_past_payments"": 18, ""past_successful_payments"": 2, ""past_recovery_rate"": 0.1111}",18,2,0.1111,chronic_failer,0,0.0023,STOP,APPROVED,STOP,NO_ACTION,0.0,"The predicted recovery probability is extremely low (1.4%), indicating high likelihood of permanent failure. Given 4 prior failed attempt(s) and poor past payment performance, continuing automated attempts would incur unnecessary fees and annoy the customer. We recommend halting all recovery efforts for this invoice."
25a17ff2-6871-4f4e-9fdc-a70a2530d401,checkout_abandonment,2026-08-04T05:59:53.003162+00:00,1749.72,cust_checko_6644,abandoned,2,1.39,"{""total_past_payments"": 5, ""past_successful_payments"": 1, ""past_recovery_rate"": 0.2}",5,1,0.2,checkout_abandoner,1,0.3595,STOP,APPROVED,STOP,NO_ACTION,0.0,"The predicted recovery probability is extremely low (6.5%), indicating high likelihood of permanent failure. Given 2 prior failed attempt(s) and poor past payment performance, continuing automated attempts would incur unnecessary fees and annoy the customer. We recommend halting all recovery efforts for this invoice."
e6577025-b254-48a0-bc71-05b27cc8fe14,subscription_failure,2026-07-22T19:48:59.673661+00:00,124497.27,cust_high_v_7124,network_error,1,1.6,"{""total_past_payments"": 12, ""past_successful_payments"": 8, ""past_recovery_rate"": 0.6667}",12,8,0.6667,high_value_link_responder,1,0.8743,PAYMENT_LINK,APPROVED,PAYMENT_LINK,SUCCESS,124497.27,"This is a high-value transaction of ₹124,497.27 INR that requires customer-initiated 2FA authentication. Automated gateway retries frequently fail for transactions of this scale due to bank security policies. Sending a secure payment link directly to the customer provides a seamless authentication flow and yields optimal recovery."
42b5befb-b134-47e5-9e27-f2718df0fe13,checkout_abandonment,2026-07-30T08:13:56.689050+00:00,3257.21,cust_checko_2823,abandoned,1,2.63,"{""total_past_payments"": 4, ""past_successful_payments"": 1, ""past_recovery_rate"": 0.25}",4,1,0.25,checkout_abandoner,1,0.102,REMINDER,APPROVED,REMINDER,SUCCESS,3257.21,"The customer abandoned checkout for an order worth ₹3,257.21 INR. Since no transaction was submitted to the payment gateway, automated retries are inapplicable. We recommend sending a targeted checkout reminder notice with an instant payment link."
add2b532-f2a2-4c3c-afb4-a8127729b2d0,subscription_failure,2026-08-05T03:18:20.711509+00:00,11380.15,cust_reliab_1301,network_error,2,1.28,"{""total_past_payments"": 19, ""past_successful_payments"": 18, ""past_recovery_rate"": 0.9474}",19,18,0.9474,reliable_temporary_glitch,1,0.9659,RETRY,APPROVED,RETRY,SUCCESS,11380.15,The failure reason 'network_error' appears transient with an estimated recovery probability of 51.7%. The customer maintains a healthy historical success rate of 94.7% across 19 past payments. An automated payment gateway retry within standard cooldown limits is recommended.
3b4841fb-2332-4600-8cb8-f8ffe2d4c1f1,checkout_abandonment,2026-08-13T20:48:09.429022+00:00,1144.27,cust_checko_8617,abandoned,1,2.41,"{""total_past_payments"": 9, ""past_successful_payments"": 3, ""past_recovery_rate"": 0.3333}",9,3,0.3333,checkout_abandoner,1,0.0824,STOP,APPROVED,STOP,NO_ACTION,0.0,"The predicted recovery probability is extremely low (5.4%), indicating high likelihood of permanent failure. Given 1 prior failed attempt(s) and poor past payment performance, continuing automated attempts would incur unnecessary fees and annoy the customer. We recommend halting all recovery efforts for this invoice."
c5f6311b-5767-4ed2-86ab-c755bc6a3917,payment_failure,2026-08-01T17:27:32.106463+00:00,13032.09,cust_reliab_7237,insufficient_funds,1,0.66,"{""total_past_payments"": 34, ""past_successful_payments"": 30, ""past_recovery_rate"": 0.8824}",34,30,0.8824,reliable_temporary_glitch,1,0.465,RETRY,APPROVED,RETRY,SUCCESS,13032.09,The failure reason 'insufficient_funds' appears transient with an estimated recovery probability of 94.3%. The customer maintains a healthy historical success rate of 88.2% across 34 past payments. An automated payment gateway retry within standard cooldown limits is recommended.
a67a5eae-112c-4abc-8a0e-1de6f23e7075,checkout_abandonment,2026-08-06T23:46:27.976585+00:00,7346.58,cust_checko_1352,abandoned,1,0.72,"{""total_past_payments"": 8, ""past_successful_payments"": 5, ""past_recovery_rate"": 0.625}",8,5,0.625,checkout_abandoner,1,0.3766,REMINDER,APPROVED,REMINDER,SUCCESS,7346.58,"The customer abandoned checkout for an order worth ₹7,346.58 INR. Since no transaction was submitted to the payment gateway, automated retries are inapplicable. We recommend sending a targeted checkout reminder notice with an instant payment link."
f5de4185-8610-4c8b-b315-b951a880265f,payment_failure,2026-08-20T23:30:11.466000+00:00,5537.63,cust_chroni_9212,expired_card,5,4.75,"{""total_past_payments"": 9, ""past_successful_payments"": 3, ""past_recovery_rate"": 0.3333}",9,3,0.3333,chronic_failer,0,0.034,STOP,APPROVED,STOP,NO_ACTION,0.0,"The predicted recovery probability is extremely low (1.5%), indicating high likelihood of permanent failure. Given 5 prior failed attempt(s) and poor past payment performance, continuing automated attempts would incur unnecessary fees and annoy the customer. We recommend halting all recovery efforts for this invoice."
8b1aad60-83e8-44c3-97dc-ef384e44f731,payment_failure,2026-08-09T21:58:06.105795+00:00,14999.3,cust_reliab_6599,network_error,1,1.89,"{""total_past_payments"": 27, ""past_successful_payments"": 24, ""past_recovery_rate"": 0.8889}",27,24,0.8889,reliable_temporary_glitch,1,0.2178,RETRY,APPROVED,RETRY,SUCCESS,14999.3,The failure reason 'network_error' appears transient with an estimated recovery probability of 68.2%. The customer maintains a healthy historical success rate of 88.9% across 27 past payments. An automated payment gateway retry within standard cooldown limits is recommended.
c14e6344-1839-45b5-8cc7-e2bb6bce83b3,payment_failure,2026-08-03T03:46:06.038596+00:00,165743.04,cust_high_v_6118,insufficient_funds,1,1.54,"{""total_past_payments"": 23, ""past_successful_payments"": 15, ""past_recovery_rate"": 0.6522}",23,15,0.6522,high_value_link_responder,0,0.9761,PAYMENT_LINK,APPROVED,PAYMENT_LINK,FAILED,0.0,"This is a high-value transaction of ₹165,743.04 INR that requires customer-initiated 2FA authentication. Automated gateway retries frequently fail for transactions of this scale due to bank security policies. Sending a secure payment link directly to the customer provides a seamless authentication flow and yields optimal recovery."
c813d28a-ddbf-43c6-b9f6-59d1fa7c24b1,overdue_invoice,2026-08-15T07:51:57.418244+00:00,22471.89,cust_slow_b_6062,overdue,3,22.1,"{""total_past_payments"": 10, ""past_successful_payments"": 9, ""past_recovery_rate"": 0.9}",10,9,0.9,slow_but_reliable_payer,0,0.9858,REMINDER,APPROVED,REMINDER,FAILED,0.0,"The invoice of ₹22,471.89 INR is overdue with 3 previous attempt(s). The customer has a solid historical recovery rate of 90.0%, indicating willingness to pay once notified. Sending a formal payment reminder notice is the most effective approach to prompt settlement."
b92c9313-0e9e-4615-b2d8-f9b339f27030,payment_failure,2026-07-29T10:17:42.679990+00:00,5318.61,cust_chroni_2939,insufficient_funds,4,2.9,"{""total_past_payments"": 19, ""past_successful_payments"": 4, ""past_recovery_rate"": 0.2105}",19,4,0.2105,chronic_failer,0,0.0428,STOP,APPROVED,STOP,NO_ACTION,0.0,"The predicted recovery probability is extremely low (12.3%), indicating high likelihood of permanent failure. Given 4 prior failed attempt(s) and poor past payment performance, continuing automated attempts would incur unnecessary fees and annoy the customer. We recommend halting all recovery efforts for this invoice."
59ba3305-c062-4abf-8e0c-b7879a1480be,overdue_invoice,2026-08-20T15:30:11.440352+00:00,38681.87,cust_slow_b_5485,overdue,2,29.03,"{""total_past_payments"": 13, ""past_successful_payments"": 11, ""past_recovery_rate"": 0.8462}",13,11,0.8462,slow_but_reliable_payer,1,0.7242,REMINDER,APPROVED,REMINDER,SUCCESS,38681.87,"The invoice of ₹38,681.87 INR is overdue with 2 previous attempt(s). The customer has a solid historical recovery rate of 84.6%, indicating willingness to pay once notified. Sending a formal payment reminder notice is the most effective approach to prompt settlement."
69356555-b799-4218-9bfd-4a687a5ab7cd,payment_failure,2026-08-03T00:31:46.931907+00:00,161261.02,cust_high_v_1427,insufficient_funds,3,1.08,"{""total_past_payments"": 12, ""past_successful_payments"": 8, ""past_recovery_rate"": 0.6667}",12,8,0.6667,high_value_link_responder,1,0.9022,PAYMENT_LINK,APPROVED,PAYMENT_LINK,SUCCESS,161261.02,"This is a high-value transaction of ₹161,261.02 INR that requires customer-initiated 2FA authentication. Automated gateway retries frequently fail for transactions of this scale due to bank security policies. Sending a secure payment link directly to the customer provides a seamless authentication flow and yields optimal recovery."
a86bfe63-b0ce-4902-bf96-99a5d257057f,subscription_failure,2026-08-06T11:03:26.943518+00:00,4916.75,cust_chroni_3253,expired_card,5,2.1,"{""total_past_payments"": 14, ""past_successful_payments"": 3, ""past_recovery_rate"": 0.2143}",14,3,0.2143,chronic_failer,0,0.3755,ESCALATE,APPROVED,ESCALATE,PENDING,0.0,"Automated recovery has failed after 5 attempts for this transaction of ₹4,916.75 INR. With ML recovery probability estimated at 36.5%, automated retries have diminishing returns. Escalating to a human customer success representative is recommended for personalized outreach."
a1d8de5a-23d8-42e6-a4f1-6a92a3b54729,subscription_failure,2026-07-24T00:35:18.948063+00:00,75074.7,cust_high_v_3901,insufficient_funds,3,2.97,"{""total_past_payments"": 29, ""past_successful_payments"": 19, ""past_recovery_rate"": 0.6552}",29,19,0.6552,high_value_link_responder,0,0.5008,PAYMENT_LINK,APPROVED,PAYMENT_LINK,FAILED,0.0,"This is a high-value transaction of ₹75,074.70 INR that requires customer-initiated 2FA authentication. Automated gateway retries frequently fail for transactions of this scale due to bank security policies. Sending a secure payment link directly to the customer provides a seamless authentication flow and yields optimal recovery."
42034916-4428-4cee-a96c-01337e6f7302,subscription_failure,2026-08-06T19:58:20.281263+00:00,2734.19,cust_chroni_1685,insufficient_funds,6,6.33,"{""total_past_payments"": 15, ""past_successful_payments"": 3, ""past_recovery_rate"": 0.2}",15,3,0.2,chronic_failer,0,0.0983,ESCALATE,APPROVED,ESCALATE,PENDING,0.0,"Automated recovery has failed after 6 attempts for this transaction of ₹2,734.19 INR. With ML recovery probability estimated at 20.5%, automated retries have diminishing returns. Escalating to a human customer success representative is recommended for personalized outreach."
c5af52b6-8433-41ed-9c8f-4b60c6940618,overdue_invoice,2026-08-04T08:56:18.176916+00:00,58254.34,cust_slow_b_8399,insufficient_funds,3,26.89,"{""total_past_payments"": 5, ""past_successful_payments"": 4, ""past_recovery_rate"": 0.8}",5,4,0.8,slow_but_reliable_payer,1,0.861,REMINDER,APPROVED,REMINDER,SUCCESS,58254.34,"The invoice of ₹58,254.34 INR is overdue with 3 previous attempt(s). The customer has a solid historical recovery rate of 80.0%, indicating willingness to pay once notified. Sending a formal payment reminder notice is the most effective approach to prompt settlement."
8eb0631e-3e61-4d72-922e-eaf89cdb3fef,subscription_failure,2026-08-14T03:48:41.758666+00:00,8299.1,cust_reliab_1807,insufficient_funds,1,1.16,"{""total_past_payments"": 43, ""past_successful_payments"": 41, ""past_recovery_rate"": 0.9535}",43,41,0.9535,reliable_temporary_glitch,0,0.6024,RETRY,APPROVED,RETRY,FAILED,0.0,The failure reason 'insufficient_funds' appears transient with an estimated recovery probability of 63.5%. The customer maintains a healthy historical success rate of 95.3% across 43 past payments. An automated payment gateway retry within standard cooldown limits is recommended.
14e09b5b-5042-485e-914b-0ced46d2ae5f,checkout_abandonment,2026-08-16T12:51:39.002619+00:00,3850.55,cust_checko_8400,abandoned,1,2.13,"{""total_past_payments"": 2, ""past_successful_payments"": 1, ""past_recovery_rate"": 0.5}",2,1,0.5,checkout_abandoner,1,0.2588,REMINDER,APPROVED,REMINDER,SUCCESS,3850.55,"The customer abandoned checkout for an order worth ₹3,850.55 INR. Since no transaction was submitted to the payment gateway, automated retries are inapplicable. We recommend sending a targeted checkout reminder notice with an instant payment link."
2aeb4817-4ac0-404e-8ff6-f1e8595f68df,payment_failure,2026-08-03T23:12:31.782122+00:00,226223.8,cust_high_v_1408,card_declined,3,0.84,"{""total_past_payments"": 18, ""past_successful_payments"": 13, ""past_recovery_rate"": 0.7222}",18,13,0.7222,high_value_link_responder,0,0.2018,PAYMENT_LINK,APPROVED,PAYMENT_LINK,FAILED,0.0,"This is a high-value transaction of ₹226,223.80 INR that requires customer-initiated 2FA authentication. Automated gateway retries frequently fail for transactions of this scale due to bank security policies. Sending a secure payment link directly to the customer provides a seamless authentication flow and yields optimal recovery."
7c7df3c4-952f-4204-91ad-f295001390ad,overdue_invoice,2026-08-14T00:40:18.967987+00:00,72254.57,cust_slow_b_8362,overdue,3,24.91,"{""total_past_payments"": 7, ""past_successful_payments"": 5, ""past_recovery_rate"": 0.7143}",7,5,0.7143,slow_but_reliable_payer,1,0.216,REMINDER,APPROVED,REMINDER,SUCCESS,72254.57,"The invoice of ₹72,254.57 INR is overdue with 3 previous attempt(s). The customer has a solid historical recovery rate of 71.4%, indicating willingness to pay once notified. Sending a formal payment reminder notice is the most effective approach to prompt settlement."
5b6138c6-f008-46bf-b1d4-177bc043425a,overdue_invoice,2026-07-30T17:22:55.291706+00:00,97767.23,cust_slow_b_1719,overdue,3,28.74,"{""total_past_payments"": 16, ""past_successful_payments"": 13, ""past_recovery_rate"": 0.8125}",16,13,0.8125,slow_but_reliable_payer,1,0.8231,REMINDER,APPROVED,REMINDER,SUCCESS,97767.23,"The invoice of ₹97,767.23 INR is overdue with 3 previous attempt(s). The customer has a solid historical recovery rate of 81.2%, indicating willingness to pay once notified. Sending a formal payment reminder notice is the most effective approach to prompt settlement."
7222ebc8-deee-4882-b6e9-84cb060447b2,overdue_invoice,2026-07-26T11:10:54.625103+00:00,26098.01,cust_slow_b_8311,overdue,3,6.28,"{""total_past_payments"": 13, ""past_successful_payments"": 10, ""past_recovery_rate"": 0.7692}",13,10,0.7692,slow_but_reliable_payer,1,0.8952,REMINDER,APPROVED,REMINDER,SUCCESS,26098.01,"The invoice of ₹26,098.01 INR is overdue with 3 previous attempt(s). The customer has a solid historical recovery rate of 76.9%, indicating willingness to pay once notified. Sending a formal payment reminder notice is the most effective approach to prompt settlement."
d0c6ecc0-3584-474d-a762-4076ec5dfc79,payment_failure,2026-07-23T17:13:07.658548+00:00,227.56,cust_chroni_9904,insufficient_funds,5,1.07,"{""total_past_payments"": 17, ""past_successful_payments"": 5, ""past_recovery_rate"": 0.2941}",17,5,0.2941,chronic_failer,0,0.0742,STOP,APPROVED,STOP,NO_ACTION,0.0,"The predicted recovery probability is extremely low (6.4%), indicating high likelihood of permanent failure. Given 5 prior failed attempt(s) and poor past payment performance, continuing automated attempts would incur unnecessary fees and annoy the customer. We recommend halting all recovery efforts for this invoice."
7619576f-a2f4-4dc4-a6e5-838bf11607df,payment_failure,2026-08-07T22:02:22.124089+00:00,6907.19,cust_reliab_4401,insufficient_funds,1,0.56,"{""total_past_payments"": 45, ""past_successful_payments"": 40, ""past_recovery_rate"": 0.8889}",45,40,0.8889,reliable_temporary_glitch,1,0.9414,RETRY,APPROVED,RETRY,SUCCESS,6907.19,The failure reason 'insufficient_funds' appears transient with an estimated recovery probability of 99.2%. The customer maintains a healthy historical success rate of 88.9% across 45 past payments. An automated payment gateway retry within standard cooldown limits is recommended.
e5edbc25-1d3f-4e1d-aabe-0f845a5d22f4,overdue_invoice,2026-08-20T10:17:31.307943+00:00,86844.64,cust_slow_b_2436,overdue,3,19.45,"{""total_past_payments"": 23, ""past_successful_payments"": 18, ""past_recovery_rate"": 0.7826}",23,18,0.7826,slow_but_reliable_payer,1,0.985,REMINDER,APPROVED,REMINDER,SUCCESS,86844.64,"The invoice of ₹86,844.64 INR is overdue with 3 previous attempt(s). The customer has a solid historical recovery rate of 78.3%, indicating willingness to pay once notified. Sending a formal payment reminder notice is the most effective approach to prompt settlement."
1f2f4f5e-af8b-45eb-be73-880917ffdc01,subscription_failure,2026-07-31T18:50:28.976209+00:00,4840.76,cust_chroni_1587,expired_card,4,6.8,"{""total_past_payments"": 20, ""past_successful_payments"": 3, ""past_recovery_rate"": 0.15}",20,3,0.15,chronic_failer,1,0.0416,STOP,APPROVED,STOP,NO_ACTION,0.0,"The predicted recovery probability is extremely low (3.7%), indicating high likelihood of permanent failure. Given 4 prior failed attempt(s) and poor past payment performance, continuing automated attempts would incur unnecessary fees and annoy the customer. We recommend halting all recovery efforts for this invoice."
d1b9958d-ec39-4e39-b704-26b1a08ef2f6,payment_failure,2026-08-10T03:53:41.474958+00:00,727.8,cust_chroni_3204,card_declined,6,6.06,"{""total_past_payments"": 4, ""past_successful_payments"": 1, ""past_recovery_rate"": 0.25}",4,1,0.25,chronic_failer,0,0.0482,STOP,APPROVED,STOP,NO_ACTION,0.0,"The predicted recovery probability is extremely low (1.1%), indicating high likelihood of permanent failure. Given 6 prior failed attempt(s) and poor past payment performance, continuing automated attempts would incur unnecessary fees and annoy the customer. We recommend halting all recovery efforts for this invoice."
79b3b2f9-5687-4acb-b0fa-01a7065f9203,checkout_abandonment,2026-08-15T06:12:52.133348+00:00,1122.03,cust_checko_5705,abandoned,1,1.55,"{""total_past_payments"": 9, ""past_successful_payments"": 6, ""past_recovery_rate"": 0.6667}",9,6,0.6667,checkout_abandoner,1,0.4915,REMINDER,APPROVED,REMINDER,SUCCESS,1122.03,"The customer abandoned checkout for an order worth ₹1,122.03 INR. Since no transaction was submitted to the payment gateway, automated retries are inapplicable. We recommend sending a targeted checkout reminder notice with an instant payment link."
48e48d5c-0d32-4961-8a3f-dd8b85c0eb01,overdue_invoice,2026-08-04T06:37:42.424373+00:00,66091.97,cust_slow_b_9154,overdue,1,20.36,"{""total_past_payments"": 19, ""past_successful_payments"": 16, ""past_recovery_rate"": 0.8421}",19,16,0.8421,slow_but_reliable_payer,1,0.4811,REMINDER,APPROVED,REMINDER,SUCCESS,66091.97,"The invoice of ₹66,091.97 INR is overdue with 1 previous attempt(s). The customer has a solid historical recovery rate of 84.2%, indicating willingness to pay once notified. Sending a formal payment reminder notice is the most effective approach to prompt settlement."
88a660fd-e721-4691-9e77-2035410c28bd,subscription_failure,2026-08-21T11:35:34.536850+00:00,387.1,cust_chroni_7793,insufficient_funds,3,5.42,"{""total_past_payments"": 8, ""past_successful_payments"": 2, ""past_recovery_rate"": 0.25}",8,2,0.25,chronic_failer,0,0.0598,STOP,APPROVED,STOP,NO_ACTION,0.0,"The predicted recovery probability is extremely low (5.9%), indicating high likelihood of permanent failure. Given 3 prior failed attempt(s) and poor past payment performance, continuing automated attempts would incur unnecessary fees and annoy the customer. We recommend halting all recovery efforts for this invoice."
feda69e9-1921-43db-8ac8-cd418250f45b,payment_failure,2026-08-02T09:43:43.089325+00:00,288.12,cust_chroni_6042,expired_card,4,5.14,"{""total_past_payments"": 10, ""past_successful_payments"": 3, ""past_recovery_rate"": 0.3}",10,3,0.3,chronic_failer,0,0.0053,STOP,APPROVED,STOP,NO_ACTION,0.0,"The predicted recovery probability is extremely low (1.8%), indicating high likelihood of permanent failure. Given 4 prior failed attempt(s) and poor past payment performance, continuing automated attempts would incur unnecessary fees and annoy the customer. We recommend halting all recovery efforts for this invoice."
94b0ca71-f9e7-44ce-92e7-b8a9a2e795e0,payment_failure,2026-08-09T15:34:32.421074+00:00,153007.35,cust_high_v_6536,card_declined,1,2.58,"{""total_past_payments"": 11, ""past_successful_payments"": 8, ""past_recovery_rate"": 0.7273}",11,8,0.7273,high_value_link_responder,0,0.672,PAYMENT_LINK,APPROVED,PAYMENT_LINK,FAILED,0.0,"This is a high-value transaction of ₹153,007.35 INR that requires customer-initiated 2FA authentication. Automated gateway retries frequently fail for transactions of this scale due to bank security policies. Sending a secure payment link directly to the customer provides a seamless authentication flow and yields optimal recovery."
67ad1652-fa79-41bf-9070-a7fc3f2d4c85,payment_failure,2026-08-20T11:07:45.288020+00:00,55544.63,cust_high_v_8577,network_error,1,2.07,"{""total_past_payments"": 22, ""past_successful_payments"": 19, ""past_recovery_rate"": 0.8636}",22,19,0.8636,high_value_link_responder,0,0.9104,PAYMENT_LINK,APPROVED,PAYMENT_LINK,FAILED,0.0,"This is a high-value transaction of ₹55,544.63 INR that requires customer-initiated 2FA authentication. Automated gateway retries frequently fail for transactions of this scale due to bank security policies. Sending a secure payment link directly to the customer provides a seamless authentication flow and yields optimal recovery."
cca69ced-185d-4996-ac4b-e020b7b6e71b,subscription_failure,2026-07-30T18:45:25.186251+00:00,2660.92,cust_chroni_6793,card_declined,3,2.25,"{""total_past_payments"": 12, ""past_successful_payments"": 3, ""past_recovery_rate"": 0.25}",12,3,0.25,chronic_failer,0,0.3658,ESCALATE,APPROVED,ESCALATE,PENDING,0.0,"Automated recovery has failed after 3 attempts for this transaction of ₹2,660.92 INR. With ML recovery probability estimated at 37.0%, automated retries have diminishing returns. Escalating to a human customer success representative is recommended for personalized outreach."
33e2aaaf-4160-479a-8d8e-f6f5e449b3e9,payment_failure,2026-08-11T08:32:29.206991+00:00,5940.99,cust_reliab_2914,insufficient_funds,1,1.18,"{""total_past_payments"": 34, ""past_successful_payments"": 30, ""past_recovery_rate"": 0.8824}",34,30,0.8824,reliable_temporary_glitch,1,0.8932,RETRY,APPROVED,RETRY,SUCCESS,5940.99,The failure reason 'insufficient_funds' appears transient with an estimated recovery probability of 90.0%. The customer maintains a healthy historical success rate of 88.2% across 34 past payments. An automated payment gateway retry within standard cooldown limits is recommended.
f3c2fbe7-37cd-491e-ba85-09e966e334b7,payment_failure,2026-08-09T02:44:42.354437+00:00,136837.25,cust_high_v_5953,card_declined,1,1.43,"{""total_past_payments"": 14, ""past_successful_payments"": 9, ""past_recovery_rate"": 0.6429}",14,9,0.6429,high_value_link_responder,1,0.9132,PAYMENT_LINK,APPROVED,PAYMENT_LINK,SUCCESS,136837.25,"This is a high-value transaction of ₹136,837.25 INR that requires customer-initiated 2FA authentication. Automated gateway retries frequently fail for transactions of this scale due to bank security policies. Sending a secure payment link directly to the customer provides a seamless authentication flow and yields optimal recovery."
c95f936c-8c84-4922-ac11-fc8201bbaebb,checkout_abandonment,2026-08-15T11:13:13.186147+00:00,1519.58,cust_checko_6572,abandoned,1,2.44,"{""total_past_payments"": 8, ""past_successful_payments"": 2, ""past_recovery_rate"": 0.25}",8,2,0.25,checkout_abandoner,0,0.0815,STOP,APPROVED,STOP,NO_ACTION,0.0,"The predicted recovery probability is extremely low (18.5%), indicating high likelihood of permanent failure. Given 1 prior failed attempt(s) and poor past payment performance, continuing automated attempts would incur unnecessary fees and annoy the customer. We recommend halting all recovery efforts for this invoice."
f84e7175-561b-4bfa-b367-b23766594aea,overdue_invoice,2026-07-26T09:02:09.304094+00:00,83992.47,cust_slow_b_1598,overdue,3,21.92,"{""total_past_payments"": 8, ""past_successful_payments"": 6, ""past_recovery_rate"": 0.75}",8,6,0.75,slow_but_reliable_payer,1,0.5888,REMINDER,APPROVED,REMINDER,SUCCESS,83992.47,"The invoice of ₹83,992.47 INR is overdue with 3 previous attempt(s). The customer has a solid historical recovery rate of 75.0%, indicating willingness to pay once notified. Sending a formal payment reminder notice is the most effective approach to prompt settlement."
1aa19811-2dcf-430b-a289-f7d57a0828d8,checkout_abandonment,2026-08-21T09:46:19.493302+00:00,11218.5,cust_checko_2689,abandoned,1,1.13,"{""total_past_payments"": 0, ""past_successful_payments"": 0, ""past_recovery_rate"": 0.0}",0,0,0.0,checkout_abandoner,1,0.1311,STOP,APPROVED,STOP,NO_ACTION,0.0,"The predicted recovery probability is extremely low (2.7%), indicating high likelihood of permanent failure. Given 1 prior failed attempt(s) and poor past payment performance, continuing automated attempts would incur unnecessary fees and annoy the customer. We recommend halting all recovery efforts for this invoice."
604841bf-d29d-4963-be1e-b33e42abe851,overdue_invoice,2026-07-25T18:23:36.839526+00:00,38879.23,cust_slow_b_8227,overdue,1,12.16,"{""total_past_payments"": 21, ""past_successful_payments"": 16, ""past_recovery_rate"": 0.7619}",21,16,0.7619,slow_but_reliable_payer,1,0.8262,REMINDER,APPROVED,REMINDER,SUCCESS,38879.23,"The invoice of ₹38,879.23 INR is overdue with 1 previous attempt(s). The customer has a solid historical recovery rate of 76.2%, indicating willingness to pay once notified. Sending a formal payment reminder notice is the most effective approach to prompt settlement."
0d8b30b4-3b98-442f-b43a-441cecfb9fb4,payment_failure,2026-08-18T02:19:10.933381+00:00,7674.72,cust_chroni_5440,card_declined,3,2.24,"{""total_past_payments"": 13, ""past_successful_payments"": 3, ""past_recovery_rate"": 0.2308}",13,3,0.2308,chronic_failer,0,0.0053,STOP,APPROVED,STOP,NO_ACTION,0.0,"The predicted recovery probability is extremely low (3.5%), indicating high likelihood of permanent failure. Given 3 prior failed attempt(s) and poor past payment performance, continuing automated attempts would incur unnecessary fees and annoy the customer. We recommend halting all recovery efforts for this invoice."
0672fb5a-0605-4d20-8463-a3a8b5338a4b,payment_failure,2026-08-03T03:10:54.880303+00:00,101216.25,cust_high_v_1826,card_declined,2,0.63,"{""total_past_payments"": 5, ""past_successful_payments"": 4, ""past_recovery_rate"": 0.8}",5,4,0.8,high_value_link_responder,1,0.6588,PAYMENT_LINK,APPROVED,PAYMENT_LINK,SUCCESS,101216.25,"This is a high-value transaction of ₹101,216.25 INR that requires customer-initiated 2FA authentication. Automated gateway retries frequently fail for transactions of this scale due to bank security policies. Sending a secure payment link directly to the customer provides a seamless authentication flow and yields optimal recovery."
a2e513ca-a2b1-4534-8784-66387b086968,payment_failure,2026-08-16T03:51:48.355878+00:00,9143.76,cust_reliab_4246,network_error,2,1.27,"{""total_past_payments"": 29, ""past_successful_payments"": 26, ""past_recovery_rate"": 0.8966}",29,26,0.8966,reliable_temporary_glitch,1,0.9148,RETRY,APPROVED,RETRY,SUCCESS,9143.76,The failure reason 'network_error' appears transient with an estimated recovery probability of 99.7%. The customer maintains a healthy historical success rate of 89.7% across 29 past payments. An automated payment gateway retry within standard cooldown limits is recommended.
a4224054-08c5-4ae1-a300-6e8e0ea49574,subscription_failure,2026-08-07T13:25:49.893382+00:00,1228.0,cust_chroni_8625,expired_card,6,1.58,"{""total_past_payments"": 11, ""past_successful_payments"": 3, ""past_recovery_rate"": 0.2727}",11,3,0.2727,chronic_failer,0,0.3135,ESCALATE,APPROVED,ESCALATE,PENDING,0.0,"Automated recovery has failed after 6 attempts for this transaction of ₹1,228.00 INR. With ML recovery probability estimated at 51.1%, automated retries have diminishing returns. Escalating to a human customer success representative is recommended for personalized outreach."
75e3e6de-cecf-4554-a2d3-70a7ccc739d8,subscription_failure,2026-07-25T15:49:35.641027+00:00,83061.87,cust_high_v_6412,card_declined,2,1.48,"{""total_past_payments"": 27, ""past_successful_payments"": 24, ""past_recovery_rate"": 0.8889}",27,24,0.8889,high_value_link_responder,1,0.7167,PAYMENT_LINK,APPROVED,PAYMENT_LINK,SUCCESS,83061.87,"This is a high-value transaction of ₹83,061.87 INR that requires customer-initiated 2FA authentication. Automated gateway retries frequently fail for transactions of this scale due to bank security policies. Sending a secure payment link directly to the customer provides a seamless authentication flow and yields optimal recovery."
8bd3f657-ed21-4dc0-9ad8-779c1882bcce,payment_failure,2026-08-10T23:41:37.667191+00:00,128779.38,cust_high_v_3087,network_error,1,1.21,"{""total_past_payments"": 16, ""past_successful_payments"": 13, ""past_recovery_rate"": 0.8125}",16,13,0.8125,high_value_link_responder,1,0.3881,PAYMENT_LINK,APPROVED,PAYMENT_LINK,SUCCESS,128779.38,"This is a high-value transaction of ₹128,779.38 INR that requires customer-initiated 2FA authentication. Automated gateway retries frequently fail for transactions of this scale due to bank security policies. Sending a secure payment link directly to the customer provides a seamless authentication flow and yields optimal recovery."
eaa8c86a-fdab-46bd-b6dc-dc308968f05b,overdue_invoice,2026-08-18T07:42:16.758303+00:00,60053.49,cust_slow_b_7773,overdue,1,24.81,"{""total_past_payments"": 21, ""past_successful_payments"": 17, ""past_recovery_rate"": 0.8095}",21,17,0.8095,slow_but_reliable_payer,1,0.6796,REMINDER,APPROVED,REMINDER,SUCCESS,60053.49,"The invoice of ₹60,053.49 INR is overdue with 1 previous attempt(s). The customer has a solid historical recovery rate of 81.0%, indicating willingness to pay once notified. Sending a formal payment reminder notice is the most effective approach to prompt settlement."
f65a8519-a65b-48eb-bb50-cb3a66bfcb23,payment_failure,2026-08-15T06:47:59.000470+00:00,181163.47,cust_high_v_6606,card_declined,2,2.46,"{""total_past_payments"": 18, ""past_successful_payments"": 14, ""past_recovery_rate"": 0.7778}",18,14,0.7778,high_value_link_responder,1,0.597,PAYMENT_LINK,APPROVED,PAYMENT_LINK,SUCCESS,181163.47,"This is a high-value transaction of ₹181,163.47 INR that requires customer-initiated 2FA authentication. Automated gateway retries frequently fail for transactions of this scale due to bank security policies. Sending a secure payment link directly to the customer provides a seamless authentication flow and yields optimal recovery."
87cfc6e9-2d3f-4a50-9478-c4d9cafcd8bf,payment_failure,2026-08-19T04:38:49.982913+00:00,234444.23,cust_high_v_8584,network_error,3,2.59,"{""total_past_payments"": 8, ""past_successful_payments"": 6, ""past_recovery_rate"": 0.75}",8,6,0.75,high_value_link_responder,1,0.8976,PAYMENT_LINK,APPROVED,PAYMENT_LINK,SUCCESS,234444.23,"This is a high-value transaction of ₹234,444.23 INR that requires customer-initiated 2FA authentication. Automated gateway retries frequently fail for transactions of this scale due to bank security policies. Sending a secure payment link directly to the customer provides a seamless authentication flow and yields optimal recovery."
17804e36-2a62-415f-87ae-79904d09b799,payment_failure,2026-08-03T13:59:04.475736+00:00,5546.97,cust_chroni_3276,card_declined,6,2.96,"{""total_past_payments"": 3, ""past_successful_payments"": 0, ""past_recovery_rate"": 0.0}",3,0,0.0,chronic_failer,0,0.0039,STOP,APPROVED,STOP,NO_ACTION,0.0,"The predicted recovery probability is extremely low (1.4%), indicating high likelihood of permanent failure. Given 6 prior failed attempt(s) and poor past payment performance, continuing automated attempts would incur unnecessary fees and annoy the customer. We recommend halting all recovery efforts for this invoice."
fbd16996-e7d4-4dd8-a270-00db6604cb2e,subscription_failure,2026-08-21T12:35:54.463976+00:00,58013.2,cust_high_v_8326,network_error,1,1.63,"{""total_past_payments"": 14, ""past_successful_payments"": 10, ""past_recovery_rate"": 0.7143}",14,10,0.7143,high_value_link_responder,1,0.8446,PAYMENT_LINK,APPROVED,PAYMENT_LINK,SUCCESS,58013.2,"This is a high-value transaction of ₹58,013.20 INR that requires customer-initiated 2FA authentication. Automated gateway retries frequently fail for transactions of this scale due to bank security policies. Sending a secure payment link directly to the customer provides a seamless authentication flow and yields optimal recovery."
9ba39c01-98e5-440c-8502-fd34dd53d07c,checkout_abandonment,2026-08-12T09:27:18.329607+00:00,11345.5,cust_checko_1133,abandoned,2,2.21,"{""total_past_payments"": 5, ""past_successful_payments"": 3, ""past_recovery_rate"": 0.6}",5,3,0.6,checkout_abandoner,0,0.2615,STOP,APPROVED,STOP,NO_ACTION,0.0,"The predicted recovery probability is extremely low (12.2%), indicating high likelihood of permanent failure. Given 2 prior failed attempt(s) and poor past payment performance, continuing automated attempts would incur unnecessary fees and annoy the customer. We recommend halting all recovery efforts for this invoice."
d20182a3-34b7-48af-bb59-4232744a7b23,overdue_invoice,2026-07-26T22:55:38.849310+00:00,15616.95,cust_slow_b_6885,overdue,3,29.2,"{""total_past_payments"": 4, ""past_successful_payments"": 4, ""past_recovery_rate"": 1.0}",4,4,1.0,slow_but_reliable_payer,1,0.8348,REMINDER,APPROVED,REMINDER,SUCCESS,15616.95,"The invoice of ₹15,616.95 INR is overdue with 3 previous attempt(s). The customer has a solid historical recovery rate of 100.0%, indicating willingness to pay once notified. Sending a formal payment reminder notice is the most effective approach to prompt settlement."
2200e496-743a-4058-8c41-fcc34d6938e4,payment_failure,2026-08-02T18:34:36.799991+00:00,10820.72,cust_reliab_3841,insufficient_funds,2,0.82,"{""total_past_payments"": 44, ""past_successful_payments"": 39, ""past_recovery_rate"": 0.8864}",44,39,0.8864,reliable_temporary_glitch,1,0.8744,RETRY,APPROVED,RETRY,SUCCESS,10820.72,The failure reason 'insufficient_funds' appears transient with an estimated recovery probability of 58.6%. The customer maintains a healthy historical success rate of 88.6% across 44 past payments. An automated payment gateway retry within standard cooldown limits is recommended.
70155a68-c5d9-46c3-ab49-b3146f7b2e04,payment_failure,2026-07-24T19:06:14.819545+00:00,12679.46,cust_reliab_2175,network_error,1,0.65,"{""total_past_payments"": 18, ""past_successful_payments"": 16, ""past_recovery_rate"": 0.8889}",18,16,0.8889,reliable_temporary_glitch,0,0.9574,RETRY,APPROVED,RETRY,FAILED,0.0,The failure reason 'network_error' appears transient with an estimated recovery probability of 99.2%. The customer maintains a healthy historical success rate of 88.9% across 18 past payments. An automated payment gateway retry within standard cooldown limits is recommended.
e2b569ce-99e3-408c-b2c3-4fb2d6ec45ef,payment_failure,2026-08-17T10:58:21.542013+00:00,55874.56,cust_high_v_7974,insufficient_funds,2,2.65,"{""total_past_payments"": 30, ""past_successful_payments"": 24, ""past_recovery_rate"": 0.8}",30,24,0.8,high_value_link_responder,1,0.2802,PAYMENT_LINK,APPROVED,PAYMENT_LINK,SUCCESS,55874.56,"This is a high-value transaction of ₹55,874.56 INR that requires customer-initiated 2FA authentication. Automated gateway retries frequently fail for transactions of this scale due to bank security policies. Sending a secure payment link directly to the customer provides a seamless authentication flow and yields optimal recovery."
c00ed797-e22b-4cdf-947a-94889d4f3d24,overdue_invoice,2026-07-27T22:16:47.141091+00:00,44624.32,cust_slow_b_9161,overdue,1,9.64,"{""total_past_payments"": 23, ""past_successful_payments"": 16, ""past_recovery_rate"": 0.6957}",23,16,0.6957,slow_but_reliable_payer,1,0.9431,REMINDER,APPROVED,REMINDER,SUCCESS,44624.32,"The invoice of ₹44,624.32 INR is overdue with 1 previous attempt(s). The customer has a solid historical recovery rate of 69.6%, indicating willingness to pay once notified. Sending a formal payment reminder notice is the most effective approach to prompt settlement."
4018975e-854b-40cd-af4e-02df313e42cb,payment_failure,2026-08-10T12:30:45.969027+00:00,7830.22,cust_chroni_2311,expired_card,6,5.23,"{""total_past_payments"": 5, ""past_successful_payments"": 1, ""past_recovery_rate"": 0.2}",5,1,0.2,chronic_failer,0,0.0429,STOP,APPROVED,STOP,NO_ACTION,0.0,"The predicted recovery probability is extremely low (2.1%), indicating high likelihood of permanent failure. Given 6 prior failed attempt(s) and poor past payment performance, continuing automated attempts would incur unnecessary fees and annoy the customer. We recommend halting all recovery efforts for this invoice."
8cf0cf50-1817-4f29-a38d-07052c9f7b00,checkout_abandonment,2026-07-23T00:29:23.839678+00:00,9445.95,cust_checko_2449,abandoned,2,1.65,"{""total_past_payments"": 8, ""past_successful_payments"": 5, ""past_recovery_rate"": 0.625}",8,5,0.625,checkout_abandoner,0,0.0909,STOP,APPROVED,STOP,NO_ACTION,0.0,"The predicted recovery probability is extremely low (19.7%), indicating high likelihood of permanent failure. Given 2 prior failed attempt(s) and poor past payment performance, continuing automated attempts would incur unnecessary fees and annoy the customer. We recommend halting all recovery efforts for this invoice."
f6143422-2865-43f1-9e71-4120b212278f,overdue_invoice,2026-08-05T08:30:33.099840+00:00,62166.56,cust_slow_b_1176,overdue,3,6.32,"{""total_past_payments"": 14, ""past_successful_payments"": 12, ""past_recovery_rate"": 0.8571}",14,12,0.8571,slow_but_reliable_payer,1,0.9,REMINDER,APPROVED,REMINDER,SUCCESS,62166.56,"The invoice of ₹62,166.56 INR is overdue with 3 previous attempt(s). The customer has a solid historical recovery rate of 85.7%, indicating willingness to pay once notified. Sending a formal payment reminder notice is the most effective approach to prompt settlement."
8174efbf-dbff-4aa6-b760-b5363d49079f,overdue_invoice,2026-07-30T12:23:04.967521+00:00,47891.45,cust_slow_b_5981,overdue,2,12.23,"{""total_past_payments"": 5, ""past_successful_payments"": 4, ""past_recovery_rate"": 0.8}",5,4,0.8,slow_but_reliable_payer,1,0.5186,REMINDER,APPROVED,REMINDER,SUCCESS,47891.45,"The invoice of ₹47,891.45 INR is overdue with 2 previous attempt(s). The customer has a solid historical recovery rate of 80.0%, indicating willingness to pay once notified. Sending a formal payment reminder notice is the most effective approach to prompt settlement."
c35435ed-0bdc-4fe3-8ddf-39c5c7ca91f8,payment_failure,2026-08-19T23:33:53.533128+00:00,7924.85,cust_chroni_2259,card_declined,3,2.72,"{""total_past_payments"": 4, ""past_successful_payments"": 0, ""past_recovery_rate"": 0.0}",4,0,0.0,chronic_failer,0,0.0241,STOP,APPROVED,STOP,NO_ACTION,0.0,"The predicted recovery probability is extremely low (3.8%), indicating high likelihood of permanent failure. Given 3 prior failed attempt(s) and poor past payment performance, continuing automated attempts would incur unnecessary fees and annoy the customer. We recommend halting all recovery efforts for this invoice."
146abd78-1a7f-44d0-9468-8304cae43f0b,payment_failure,2026-08-13T02:25:53.028113+00:00,12938.95,cust_reliab_3476,network_error,1,1.51,"{""total_past_payments"": 48, ""past_successful_payments"": 42, ""past_recovery_rate"": 0.875}",48,42,0.875,reliable_temporary_glitch,1,0.9204,RETRY,APPROVED,RETRY,SUCCESS,12938.95,The failure reason 'network_error' appears transient with an estimated recovery probability of 93.1%. The customer maintains a healthy historical success rate of 87.5% across 48 past payments. An automated payment gateway retry within standard cooldown limits is recommended.
4f122e07-4d06-4411-b2c6-764877737177,subscription_failure,2026-08-16T02:32:54.851798+00:00,8147.14,cust_reliab_3525,network_error,1,0.75,"{""total_past_payments"": 15, ""past_successful_payments"": 15, ""past_recovery_rate"": 1.0}",15,15,1.0,reliable_temporary_glitch,0,0.968,RETRY,APPROVED,RETRY,FAILED,0.0,The failure reason 'network_error' appears transient with an estimated recovery probability of 93.8%. The customer maintains a healthy historical success rate of 100.0% across 15 past payments. An automated payment gateway retry within standard cooldown limits is recommended.
ee8bae85-41b9-490d-a81d-e2dd847c5501,subscription_failure,2026-08-10T00:51:03.428806+00:00,5353.2,cust_chroni_5331,card_declined,4,2.27,"{""total_past_payments"": 13, ""past_successful_payments"": 1, ""past_recovery_rate"": 0.0769}",13,1,0.0769,chronic_failer,0,0.2421,ESCALATE,APPROVED,ESCALATE,PENDING,0.0,"Automated recovery has failed after 4 attempts for this transaction of ₹5,353.20 INR. With ML recovery probability estimated at 36.6%, automated retries have diminishing returns. Escalating to a human customer success representative is recommended for personalized outreach."
9398090a-2f87-4d0b-8a5d-30aa9597e357,payment_failure,2026-07-30T03:30:10.060880+00:00,194296.27,cust_high_v_8775,card_declined,3,1.08,"{""total_past_payments"": 26, ""past_successful_payments"": 21, ""past_recovery_rate"": 0.8077}",26,21,0.8077,high_value_link_responder,1,0.9164,PAYMENT_LINK,APPROVED,PAYMENT_LINK,SUCCESS,194296.27,"This is a high-value transaction of ₹194,296.27 INR that requires customer-initiated 2FA authentication. Automated gateway retries frequently fail for transactions of this scale due to bank security policies. Sending a secure payment link directly to the customer provides a seamless authentication flow and yields optimal recovery."
d221d434-1b4b-4856-9d75-3d8075dfdcca,checkout_abandonment,2026-08-12T20:48:02.834606+00:00,9658.92,cust_checko_1672,abandoned,2,2.1,"{""total_past_payments"": 8, ""past_successful_payments"": 4, ""past_recovery_rate"": 0.5}",8,4,0.5,checkout_abandoner,1,0.2875,REMINDER,APPROVED,REMINDER,SUCCESS,9658.92,"The customer abandoned checkout for an order worth ₹9,658.92 INR. Since no transaction was submitted to the payment gateway, automated retries are inapplicable. We recommend sending a targeted checkout reminder notice with an instant payment link."
7dd9ac63-ceb6-4abe-bdc3-36d6451f8374,subscription_failure,2026-08-01T23:14:37.398902+00:00,4452.56,cust_reliab_7408,insufficient_funds,2,0.61,"{""total_past_payments"": 16, ""past_successful_payments"": 14, ""past_recovery_rate"": 0.875}",16,14,0.875,reliable_temporary_glitch,1,0.8148,RETRY,APPROVED,RETRY,SUCCESS,4452.56,The failure reason 'insufficient_funds' appears transient with an estimated recovery probability of 92.8%. The customer maintains a healthy historical success rate of 87.5% across 16 past payments. An automated payment gateway retry within standard cooldown limits is recommended.
a37bf0ce-99b7-4cba-bba9-cdc5d55b5ba0,payment_failure,2026-08-01T08:58:13.774554+00:00,198361.89,cust_high_v_6132,card_declined,3,1.34,"{""total_past_payments"": 27, ""past_successful_payments"": 24, ""past_recovery_rate"": 0.8889}",27,24,0.8889,high_value_link_responder,0,0.979,PAYMENT_LINK,APPROVED,PAYMENT_LINK,FAILED,0.0,"This is a high-value transaction of ₹198,361.89 INR that requires customer-initiated 2FA authentication. Automated gateway retries frequently fail for transactions of this scale due to bank security policies. Sending a secure payment link directly to the customer provides a seamless authentication flow and yields optimal recovery."
52c966eb-7344-4152-b574-d32f6b0eac01,overdue_invoice,2026-08-18T09:55:04.592413+00:00,50134.8,cust_slow_b_1388,overdue,1,23.13,"{""total_past_payments"": 12, ""past_successful_payments"": 9, ""past_recovery_rate"": 0.75}",12,9,0.75,slow_but_reliable_payer,1,0.8052,REMINDER,APPROVED,REMINDER,SUCCESS,50134.8,"The invoice of ₹50,134.80 INR is overdue with 1 previous attempt(s). The customer has a solid historical recovery rate of 75.0%, indicating willingness to pay once notified. Sending a formal payment reminder notice is the most effective approach to prompt settlement."
9c9f581c-51a6-4d01-9ce2-1b6e1ce43467,payment_failure,2026-07-25T17:04:29.903483+00:00,3643.96,cust_reliab_3128,insufficient_funds,1,1.45,"{""total_past_payments"": 17, ""past_successful_payments"": 15, ""past_recovery_rate"": 0.8824}",17,15,0.8824,reliable_temporary_glitch,1,0.8536,RETRY,APPROVED,RETRY,SUCCESS,3643.96,The failure reason 'insufficient_funds' appears transient with an estimated recovery probability of 82.3%. The customer maintains a healthy historical success rate of 88.2% across 17 past payments. An automated payment gateway retry within standard cooldown limits is recommended.
fe27070b-93fb-4128-9ad0-5aff6f77630a,overdue_invoice,2026-08-18T04:55:21.809865+00:00,26583.67,cust_slow_b_5528,overdue,2,16.67,"{""total_past_payments"": 6, ""past_successful_payments"": 5, ""past_recovery_rate"": 0.8333}",6,5,0.8333,slow_but_reliable_payer,0,0.5994,REMINDER,APPROVED,REMINDER,FAILED,0.0,"The invoice of ₹26,583.67 INR is overdue with 2 previous attempt(s). The customer has a solid historical recovery rate of 83.3%, indicating willingness to pay once notified. Sending a formal payment reminder notice is the most effective approach to prompt settlement."
7109638c-09c4-48e7-baca-28860cfab65a,payment_failure,2026-07-29T10:14:42.245823+00:00,82900.73,cust_high_v_6450,network_error,1,1.19,"{""total_past_payments"": 6, ""past_successful_payments"": 4, ""past_recovery_rate"": 0.6667}",6,4,0.6667,high_value_link_responder,0,0.745,PAYMENT_LINK,APPROVED,PAYMENT_LINK,FAILED,0.0,"This is a high-value transaction of ₹82,900.73 INR that requires customer-initiated 2FA authentication. Automated gateway retries frequently fail for transactions of this scale due to bank security policies. Sending a secure payment link directly to the customer provides a seamless authentication flow and yields optimal recovery."
14ce0707-3949-431d-848e-0576508f829d,payment_failure,2026-07-23T03:32:50.502041+00:00,1765.22,cust_chroni_9857,card_declined,6,2.07,"{""total_past_payments"": 17, ""past_successful_payments"": 1, ""past_recovery_rate"": 0.0588}",17,1,0.0588,chronic_failer,0,0.151,STOP,APPROVED,STOP,NO_ACTION,0.0,"The predicted recovery probability is extremely low (2.9%), indicating high likelihood of permanent failure. Given 6 prior failed attempt(s) and poor past payment performance, continuing automated attempts would incur unnecessary fees and annoy the customer. We recommend halting all recovery efforts for this invoice."
9330e3ac-0e4c-4aaa-ba39-98a46bf7089d,overdue_invoice,2026-07-25T03:39:09.168984+00:00,74386.03,cust_slow_b_5105,overdue,1,5.87,"{""total_past_payments"": 6, ""past_successful_payments"": 5, ""past_recovery_rate"": 0.8333}",6,5,0.8333,slow_but_reliable_payer,1,0.6163,REMINDER,APPROVED,REMINDER,SUCCESS,74386.03,"The invoice of ₹74,386.03 INR is overdue with 1 previous attempt(s). The customer has a solid historical recovery rate of 83.3%, indicating willingness to pay once notified. Sending a formal payment reminder notice is the most effective approach to prompt settlement."
38059c96-c489-407f-8df2-b63f97fba363,subscription_failure,2026-08-20T09:29:22.314516+00:00,6162.02,cust_reliab_9444,network_error,1,1.43,"{""total_past_payments"": 35, ""past_successful_payments"": 33, ""past_recovery_rate"": 0.9429}",35,33,0.9429,reliable_temporary_glitch,1,0.8899,RETRY,APPROVED,RETRY,SUCCESS,6162.02,The failure reason 'network_error' appears transient with an estimated recovery probability of 91.3%. The customer maintains a healthy historical success rate of 94.3% across 35 past payments. An automated payment gateway retry within standard cooldown limits is recommended.
bd9242f3-ac28-45eb-8c58-0fd8003a48db,overdue_invoice,2026-08-09T09:54:50.422182+00:00,75499.07,cust_slow_b_8898,overdue,1,18.5,"{""total_past_payments"": 4, ""past_successful_payments"": 3, ""past_recovery_rate"": 0.75}",4,3,0.75,slow_but_reliable_payer,0,0.767,REMINDER,APPROVED,REMINDER,FAILED,0.0,"The invoice of ₹75,499.07 INR is overdue with 1 previous attempt(s). The customer has a solid historical recovery rate of 75.0%, indicating willingness to pay once notified. Sending a formal payment reminder notice is the most effective approach to prompt settlement."
ef13db92-a46d-44c5-81e7-4d987c383c21,overdue_invoice,2026-08-19T20:59:27.681718+00:00,99731.42,cust_slow_b_6571,overdue,3,7.27,"{""total_past_payments"": 21, ""past_successful_payments"": 19, ""past_recovery_rate"": 0.9048}",21,19,0.9048,slow_but_reliable_payer,1,0.6713,REMINDER,APPROVED,REMINDER,SUCCESS,99731.42,"The invoice of ₹99,731.42 INR is overdue with 3 previous attempt(s). The customer has a solid historical recovery rate of 90.5%, indicating willingness to pay once notified. Sending a formal payment reminder notice is the most effective approach to prompt settlement."
b454e4c6-e83e-4554-b47b-efa36928570c,payment_failure,2026-08-02T02:19:13.928492+00:00,3060.97,cust_reliab_7391,insufficient_funds,1,1.94,"{""total_past_payments"": 22, ""past_successful_payments"": 20, ""past_recovery_rate"": 0.9091}",22,20,0.9091,reliable_temporary_glitch,1,0.7854,RETRY,APPROVED,RETRY,SUCCESS,3060.97,The failure reason 'insufficient_funds' appears transient with an estimated recovery probability of 74.5%. The customer maintains a healthy historical success rate of 90.9% across 22 past payments. An automated payment gateway retry within standard cooldown limits is recommended.
9f37e8d0-5258-4e0b-8615-7b40042192d3,payment_failure,2026-07-30T11:17:51.992214+00:00,56487.16,cust_high_v_7369,network_error,1,0.56,"{""total_past_payments"": 23, ""past_successful_payments"": 15, ""past_recovery_rate"": 0.6522}",23,15,0.6522,high_value_link_responder,1,0.5295,PAYMENT_LINK,APPROVED,PAYMENT_LINK,SUCCESS,56487.16,"This is a high-value transaction of ₹56,487.16 INR that requires customer-initiated 2FA authentication. Automated gateway retries frequently fail for transactions of this scale due to bank security policies. Sending a secure payment link directly to the customer provides a seamless authentication flow and yields optimal recovery."
ab0ab300-ad4a-4ca1-9664-2ba6bc41c183,payment_failure,2026-08-05T12:17:39.673414+00:00,12596.63,cust_reliab_1918,network_error,2,1.94,"{""total_past_payments"": 11, ""past_successful_payments"": 9, ""past_recovery_rate"": 0.8182}",11,9,0.8182,reliable_temporary_glitch,1,0.4877,RETRY,APPROVED,RETRY,SUCCESS,12596.63,The failure reason 'network_error' appears transient with an estimated recovery probability of 79.5%. The customer maintains a healthy historical success rate of 81.8% across 11 past payments. An automated payment gateway retry within standard cooldown limits is recommended.
5be3dd46-bef6-4d58-b2ad-d4ea17e52df7,checkout_abandonment,2026-08-05T20:05:06.169581+00:00,11308.04,cust_checko_1604,abandoned,1,2.27,"{""total_past_payments"": 3, ""past_successful_payments"": 2, ""past_recovery_rate"": 0.6667}",3,2,0.6667,checkout_abandoner,0,0.4397,STOP,APPROVED,STOP,NO_ACTION,0.0,"The predicted recovery probability is extremely low (12.7%), indicating high likelihood of permanent failure. Given 1 prior failed attempt(s) and poor past payment performance, continuing automated attempts would incur unnecessary fees and annoy the customer. We recommend halting all recovery efforts for this invoice."
dcbe2460-5fba-4ee4-b64c-a145f2a83d34,payment_failure,2026-07-25T07:33:44.622415+00:00,164133.72,cust_high_v_1818,card_declined,1,2.25,"{""total_past_payments"": 9, ""past_successful_payments"": 5, ""past_recovery_rate"": 0.5556}",9,5,0.5556,high_value_link_responder,1,0.3552,STOP,APPROVED,STOP,NO_ACTION,0.0,"The predicted recovery probability is extremely low (7.0%), indicating high likelihood of permanent failure. Given 1 prior failed attempt(s) and poor past payment performance, continuing automated attempts would incur unnecessary fees and annoy the customer. We recommend halting all recovery efforts for this invoice."
9cc98c99-8320-43ef-a2f0-703e508f2ad0,payment_failure,2026-08-19T14:40:54.135713+00:00,12353.32,cust_reliab_4320,insufficient_funds,1,1.04,"{""total_past_payments"": 49, ""past_successful_payments"": 43, ""past_recovery_rate"": 0.8776}",49,43,0.8776,reliable_temporary_glitch,1,0.8829,RETRY,APPROVED,RETRY,SUCCESS,12353.32,The failure reason 'insufficient_funds' appears transient with an estimated recovery probability of 86.6%. The customer maintains a healthy historical success rate of 87.8% across 49 past payments. An automated payment gateway retry within standard cooldown limits is recommended.
8e47c44b-fdba-4492-ac49-c75f78ef4a78,subscription_failure,2026-08-01T04:17:05.080381+00:00,2729.03,cust_chroni_3841,insufficient_funds,4,2.93,"{""total_past_payments"": 8, ""past_successful_payments"": 2, ""past_recovery_rate"": 0.25}",8,2,0.25,chronic_failer,0,0.0332,STOP,APPROVED,STOP,NO_ACTION,0.0,"The predicted recovery probability is extremely low (2.8%), indicating high likelihood of permanent failure. Given 4 prior failed attempt(s) and poor past payment performance, continuing automated attempts would incur unnecessary fees and annoy the customer. We recommend halting all recovery efforts for this invoice."
c99a111b-febf-4838-bbb2-16e712b4ba1e,checkout_abandonment,2026-08-04T22:16:39.438755+00:00,5516.54,cust_checko_3584,abandoned,1,0.57,"{""total_past_payments"": 10, ""past_successful_payments"": 5, ""past_recovery_rate"": 0.5}",10,5,0.5,checkout_abandoner,1,0.6334,REMINDER,APPROVED,REMINDER,SUCCESS,5516.54,"The customer abandoned checkout for an order worth ₹5,516.54 INR. Since no transaction was submitted to the payment gateway, automated retries are inapplicable. We recommend sending a targeted checkout reminder notice with an instant payment link."
7c68adab-17e1-4f4a-ba39-65123f484758,payment_failure,2026-08-16T03:33:14.151530+00:00,45056.78,cust_high_v_8798,card_declined,3,1.98,"{""total_past_payments"": 14, ""past_successful_payments"": 10, ""past_recovery_rate"": 0.7143}",14,10,0.7143,high_value_link_responder,1,0.9417,PAYMENT_LINK,APPROVED,PAYMENT_LINK,SUCCESS,45056.78,"This is a high-value transaction of ₹45,056.78 INR that requires customer-initiated 2FA authentication. Automated gateway retries frequently fail for transactions of this scale due to bank security policies. Sending a secure payment link directly to the customer provides a seamless authentication flow and yields optimal recovery."
d8dc3641-b848-423e-b485-2d9ee0094298,checkout_abandonment,2026-07-24T09:18:24.004394+00:00,7501.71,cust_checko_2442,abandoned,1,1.87,"{""total_past_payments"": 7, ""past_successful_payments"": 4, ""past_recovery_rate"": 0.5714}",7,4,0.5714,checkout_abandoner,0,0.1112,STOP,APPROVED,STOP,NO_ACTION,0.0,"The predicted recovery probability is extremely low (8.5%), indicating high likelihood of permanent failure. Given 1 prior failed attempt(s) and poor past payment performance, continuing automated attempts would incur unnecessary fees and annoy the customer. We recommend halting all recovery efforts for this invoice."
9579edf7-2b40-4459-b86b-7a8eaf351e71,overdue_invoice,2026-08-21T09:26:26.727676+00:00,31207.51,cust_slow_b_9842,overdue,1,29.67,"{""total_past_payments"": 7, ""past_successful_payments"": 6, ""past_recovery_rate"": 0.8571}",7,6,0.8571,slow_but_reliable_payer,1,0.6133,REMINDER,APPROVED,REMINDER,SUCCESS,31207.51,"The invoice of ₹31,207.51 INR is overdue with 1 previous attempt(s). The customer has a solid historical recovery rate of 85.7%, indicating willingness to pay once notified. Sending a formal payment reminder notice is the most effective approach to prompt settlement."
6056f57d-1c17-4966-b429-913a61c0cf45,checkout_abandonment,2026-08-18T03:36:07.989520+00:00,2173.46,cust_checko_1706,abandoned,2,1.59,"{""total_past_payments"": 2, ""past_successful_payments"": 1, ""past_recovery_rate"": 0.5}",2,1,0.5,checkout_abandoner,1,0.5756,REMINDER,APPROVED,REMINDER,SUCCESS,2173.46,"The customer abandoned checkout for an order worth ₹2,173.46 INR. Since no transaction was submitted to the payment gateway, automated retries are inapplicable. We recommend sending a targeted checkout reminder notice with an instant payment link."
3129d167-40c7-44a4-86aa-2e5e7a1da091,payment_failure,2026-08-13T23:44:10.701663+00:00,163784.35,cust_high_v_9804,card_declined,2,0.61,"{""total_past_payments"": 28, ""past_successful_payments"": 17, ""past_recovery_rate"": 0.6071}",28,17,0.6071,high_value_link_responder,1,0.7863,PAYMENT_LINK,APPROVED,PAYMENT_LINK,SUCCESS,163784.35,"This is a high-value transaction of ₹163,784.35 INR that requires customer-initiated 2FA authentication. Automated gateway retries frequently fail for transactions of this scale due to bank security policies. Sending a secure payment link directly to the customer provides a seamless authentication flow and yields optimal recovery."
d695434a-8a61-4487-9d46-b7a645d1f338,checkout_abandonment,2026-07-30T21:19:15.489888+00:00,7295.76,cust_checko_4769,abandoned,2,1.37,"{""total_past_payments"": 10, ""past_successful_payments"": 6, ""past_recovery_rate"": 0.6}",10,6,0.6,checkout_abandoner,0,0.7505,REMINDER,APPROVED,REMINDER,FAILED,0.0,"The customer abandoned checkout for an order worth ₹7,295.76 INR. Since no transaction was submitted to the payment gateway, automated retries are inapplicable. We recommend sending a targeted checkout reminder notice with an instant payment link."
0c51d2be-2faf-49a1-abef-4c6781456796,checkout_abandonment,2026-07-30T09:33:09.806007+00:00,10497.19,cust_checko_8936,abandoned,2,2.7,"{""total_past_payments"": 1, ""past_successful_payments"": 0, ""past_recovery_rate"": 0.0}",1,0,0.0,checkout_abandoner,1,0.0119,STOP,APPROVED,STOP,NO_ACTION,0.0,"The predicted recovery probability is extremely low (17.6%), indicating high likelihood of permanent failure. Given 2 prior failed attempt(s) and poor past payment performance, continuing automated attempts would incur unnecessary fees and annoy the customer. We recommend halting all recovery efforts for this invoice."
a5bb265f-8ad2-464d-92ae-a034fe0cbdff,overdue_invoice,2026-08-10T07:49:18.942389+00:00,51196.62,cust_slow_b_3084,overdue,1,20.8,"{""total_past_payments"": 12, ""past_successful_payments"": 9, ""past_recovery_rate"": 0.75}",12,9,0.75,slow_but_reliable_payer,1,0.4555,REMINDER,APPROVED,REMINDER,SUCCESS,51196.62,"The invoice of ₹51,196.62 INR is overdue with 1 previous attempt(s). The customer has a solid historical recovery rate of 75.0%, indicating willingness to pay once notified. Sending a formal payment reminder notice is the most effective approach to prompt settlement."
633e453f-9459-452e-b4f1-10fc8b115a02,overdue_invoice,2026-08-18T04:43:57.045476+00:00,51898.09,cust_slow_b_5835,overdue,2,9.28,"{""total_past_payments"": 14, ""past_successful_payments"": 11, ""past_recovery_rate"": 0.7857}",14,11,0.7857,slow_but_reliable_payer,1,0.9509,REMINDER,APPROVED,REMINDER,SUCCESS,51898.09,"The invoice of ₹51,898.09 INR is overdue with 2 previous attempt(s). The customer has a solid historical recovery rate of 78.6%, indicating willingness to pay once notified. Sending a formal payment reminder notice is the most effective approach to prompt settlement."
326bfed0-3f15-461a-b18b-baebd768788a,payment_failure,2026-07-23T10:14:00.172487+00:00,217375.9,cust_high_v_4546,card_declined,1,1.53,"{""total_past_payments"": 21, ""past_successful_payments"": 16, ""past_recovery_rate"": 0.7619}",21,16,0.7619,high_value_link_responder,1,0.2974,PAYMENT_LINK,APPROVED,PAYMENT_LINK,SUCCESS,217375.9,"This is a high-value transaction of ₹217,375.90 INR that requires customer-initiated 2FA authentication. Automated gateway retries frequently fail for transactions of this scale due to bank security policies. Sending a secure payment link directly to the customer provides a seamless authentication flow and yields optimal recovery."
be835cd2-4cb0-4c9c-aba0-9e16c33ee760,checkout_abandonment,2026-07-30T15:07:06.254688+00:00,8952.87,cust_checko_3440,abandoned,1,0.89,"{""total_past_payments"": 6, ""past_successful_payments"": 3, ""past_recovery_rate"": 0.5}",6,3,0.5,checkout_abandoner,1,0.427,REMINDER,APPROVED,REMINDER,SUCCESS,8952.87,"The customer abandoned checkout for an order worth ₹8,952.87 INR. Since no transaction was submitted to the payment gateway, automated retries are inapplicable. We recommend sending a targeted checkout reminder notice with an instant payment link."
b9277ff9-0611-454d-83ed-3ad63ce34364,payment_failure,2026-07-30T12:37:41.700484+00:00,138448.67,cust_high_v_2605,insufficient_funds,2,1.83,"{""total_past_payments"": 20, ""past_successful_payments"": 17, ""past_recovery_rate"": 0.85}",20,17,0.85,high_value_link_responder,1,0.4203,PAYMENT_LINK,APPROVED,PAYMENT_LINK,SUCCESS,138448.67,"This is a high-value transaction of ₹138,448.67 INR that requires customer-initiated 2FA authentication. Automated gateway retries frequently fail for transactions of this scale due to bank security policies. Sending a secure payment link directly to the customer provides a seamless authentication flow and yields optimal recovery."
a6b894a5-d528-4773-af93-557c94f96c63,checkout_abandonment,2026-08-21T03:47:11.880790+00:00,8902.13,cust_checko_2486,abandoned,1,0.57,"{""total_past_payments"": 4, ""past_successful_payments"": 1, ""past_recovery_rate"": 0.25}",4,1,0.25,checkout_abandoner,1,0.6557,REMINDER,APPROVED,REMINDER,SUCCESS,8902.13,"The customer abandoned checkout for an order worth ₹8,902.13 INR. Since no transaction was submitted to the payment gateway, automated retries are inapplicable. We recommend sending a targeted checkout reminder notice with an instant payment link."
e5dc3e89-1528-466d-8996-a16da7715481,overdue_invoice,2026-08-04T00:29:45.267001+00:00,97877.87,cust_slow_b_7068,overdue,2,24.3,"{""total_past_payments"": 16, ""past_successful_payments"": 12, ""past_recovery_rate"": 0.75}",16,12,0.75,slow_but_reliable_payer,1,0.8135,REMINDER,APPROVED,REMINDER,SUCCESS,97877.87,"The invoice of ₹97,877.87 INR is overdue with 2 previous attempt(s). The customer has a solid historical recovery rate of 75.0%, indicating willingness to pay once notified. Sending a formal payment reminder notice is the most effective approach to prompt settlement."
1aae6b94-9767-40c0-b28e-f6f0ae68b8f0,subscription_failure,2026-08-02T17:04:17.652807+00:00,111597.84,cust_high_v_5420,card_declined,3,1.33,"{""total_past_payments"": 6, ""past_successful_payments"": 4, ""past_recovery_rate"": 0.6667}",6,4,0.6667,high_value_link_responder,1,0.7976,PAYMENT_LINK,APPROVED,PAYMENT_LINK,SUCCESS,111597.84,"This is a high-value transaction of ₹111,597.84 INR that requires customer-initiated 2FA authentication. Automated gateway retries frequently fail for transactions of this scale due to bank security policies. Sending a secure payment link directly to the customer provides a seamless authentication flow and yields optimal recovery."
26e4ceb1-712c-45c5-a39e-c73cdccf7d04,payment_failure,2026-08-02T22:00:12.365246+00:00,2818.42,cust_chroni_2818,expired_card,3,4.09,"{""total_past_payments"": 13, ""past_successful_payments"": 4, ""past_recovery_rate"": 0.3077}",13,4,0.3077,chronic_failer,0,0.0244,STOP,APPROVED,STOP,NO_ACTION,0.0,"The predicted recovery probability is extremely low (1.2%), indicating high likelihood of permanent failure. Given 3 prior failed attempt(s) and poor past payment performance, continuing automated attempts would incur unnecessary fees and annoy the customer. We recommend halting all recovery efforts for this invoice."
360301dc-4d82-497c-9358-8b2ea4087840,payment_failure,2026-08-10T12:53:57.949366+00:00,5255.75,cust_chroni_6487,card_declined,3,4.36,"{""total_past_payments"": 8, ""past_successful_payments"": 1, ""past_recovery_rate"": 0.125}",8,1,0.125,chronic_failer,0,0.004,STOP,APPROVED,STOP,NO_ACTION,0.0,"The predicted recovery probability is extremely low (0.3%), indicating high likelihood of permanent failure. Given 3 prior failed attempt(s) and poor past payment performance, continuing automated attempts would incur unnecessary fees and annoy the customer. We recommend halting all recovery efforts for this invoice."
50e1e1b0-c218-4ca1-b3ab-edad59b9de66,payment_failure,2026-07-23T18:10:35.403795+00:00,28881.46,cust_slow_b_5380,overdue,3,24.02,"{""total_past_payments"": 14, ""past_successful_payments"": 11, ""past_recovery_rate"": 0.7857}",14,11,0.7857,slow_but_reliable_payer,1,0.8188,PAYMENT_LINK,APPROVED,PAYMENT_LINK,SUCCESS,28881.46,"This is a high-value transaction of ₹28,881.46 INR that requires customer-initiated 2FA authentication. Automated gateway retries frequently fail for transactions of this scale due to bank security policies. Sending a secure payment link directly to the customer provides a seamless authentication flow and yields optimal recovery."
265f55f2-f27a-4b9d-89d2-21ab6f0c22e2,overdue_invoice,2026-08-10T08:18:18.960369+00:00,50716.96,cust_slow_b_9714,overdue,3,18.17,"{""total_past_payments"": 7, ""past_successful_payments"": 6, ""past_recovery_rate"": 0.8571}",7,6,0.8571,slow_but_reliable_payer,1,0.3271,REMINDER,APPROVED,REMINDER,SUCCESS,50716.96,"The invoice of ₹50,716.96 INR is overdue with 3 previous attempt(s). The customer has a solid historical recovery rate of 85.7%, indicating willingness to pay once notified. Sending a formal payment reminder notice is the most effective approach to prompt settlement."
a8cde599-d5f0-4380-8e43-6d4e5fa4a13f,payment_failure,2026-07-24T04:04:05.359305+00:00,206979.07,cust_high_v_7400,insufficient_funds,1,0.97,"{""total_past_payments"": 19, ""past_successful_payments"": 12, ""past_recovery_rate"": 0.6316}",19,12,0.6316,high_value_link_responder,0,0.4758,PAYMENT_LINK,APPROVED,PAYMENT_LINK,FAILED,0.0,"This is a high-value transaction of ₹206,979.07 INR that requires customer-initiated 2FA authentication. Automated gateway retries frequently fail for transactions of this scale due to bank security policies. Sending a secure payment link directly to the customer provides a seamless authentication flow and yields optimal recovery."
cef5d657-e02a-4206-90a6-3a99e48bf293,overdue_invoice,2026-08-18T05:59:18.400617+00:00,34834.85,cust_slow_b_9530,insufficient_funds,3,8.7,"{""total_past_payments"": 8, ""past_successful_payments"": 7, ""past_recovery_rate"": 0.875}",8,7,0.875,slow_but_reliable_payer,1,0.713,REMINDER,APPROVED,REMINDER,SUCCESS,34834.85,"The invoice of ₹34,834.85 INR is overdue with 3 previous attempt(s). The customer has a solid historical recovery rate of 87.5%, indicating willingness to pay once notified. Sending a formal payment reminder notice is the most effective approach to prompt settlement."
ce942ad0-9819-4bd2-9cf5-506e20906674,subscription_failure,2026-08-07T07:31:10.728025+00:00,3477.01,cust_chroni_4806,insufficient_funds,3,2.75,"{""total_past_payments"": 4, ""past_successful_payments"": 0, ""past_recovery_rate"": 0.0}",4,0,0.0,chronic_failer,0,0.0042,STOP,APPROVED,STOP,NO_ACTION,0.0,"The predicted recovery probability is extremely low (9.1%), indicating high likelihood of permanent failure. Given 3 prior failed attempt(s) and poor past payment performance, continuing automated attempts would incur unnecessary fees and annoy the customer. We recommend halting all recovery efforts for this invoice."
46b88539-0fab-4c19-aac5-b13712ddeee9,payment_failure,2026-08-04T04:03:49.937168+00:00,10008.53,cust_reliab_8295,network_error,2,1.02,"{""total_past_payments"": 43, ""past_successful_payments"": 42, ""past_recovery_rate"": 0.9767}",43,42,0.9767,reliable_temporary_glitch,0,0.9515,RETRY,APPROVED,RETRY,FAILED,0.0,The failure reason 'network_error' appears transient with an estimated recovery probability of 91.6%. The customer maintains a healthy historical success rate of 97.7% across 43 past payments. An automated payment gateway retry within standard cooldown limits is recommended.
a3e17e97-a9e2-4c40-a155-57e9852f3111,payment_failure,2026-08-14T17:26:53.491238+00:00,3100.84,cust_chroni_5659,expired_card,5,5.62,"{""total_past_payments"": 3, ""past_successful_payments"": 0, ""past_recovery_rate"": 0.0}",3,0,0.0,chronic_failer,0,0.0022,STOP,APPROVED,STOP,NO_ACTION,0.0,"The predicted recovery probability is extremely low (0.8%), indicating high likelihood of permanent failure. Given 5 prior failed attempt(s) and poor past payment performance, continuing automated attempts would incur unnecessary fees and annoy the customer. We recommend halting all recovery efforts for this invoice."
da0148c9-73e9-47f2-a835-f8e5344a11a0,payment_failure,2026-07-31T04:13:35.124094+00:00,2424.92,cust_chroni_2915,insufficient_funds,4,6.04,"{""total_past_payments"": 6, ""past_successful_payments"": 1, ""past_recovery_rate"": 0.1667}",6,1,0.1667,chronic_failer,1,0.0276,STOP,APPROVED,STOP,NO_ACTION,0.0,"The predicted recovery probability is extremely low (9.0%), indicating high likelihood of permanent failure. Given 4 prior failed attempt(s) and poor past payment performance, continuing automated attempts would incur unnecessary fees and annoy the customer. We recommend halting all recovery efforts for this invoice."
c769e9b8-6358-48df-a044-ce2a44f14221,payment_failure,2026-08-04T15:44:25.342463+00:00,470.57,cust_chroni_9845,card_declined,5,6.87,"{""total_past_payments"": 6, ""past_successful_payments"": 1, ""past_recovery_rate"": 0.1667}",6,1,0.1667,chronic_failer,0,0.0046,STOP,APPROVED,STOP,NO_ACTION,0.0,"The predicted recovery probability is extremely low (0.7%), indicating high likelihood of permanent failure. Given 5 prior failed attempt(s) and poor past payment performance, continuing automated attempts would incur unnecessary fees and annoy the customer. We recommend halting all recovery efforts for this invoice."
386fbc31-35c5-4084-a1ad-d3ccb7fa73ba,payment_failure,2026-08-20T18:47:06.143095+00:00,234490.51,cust_high_v_9948,card_declined,1,2.87,"{""total_past_payments"": 15, ""past_successful_payments"": 10, ""past_recovery_rate"": 0.6667}",15,10,0.6667,high_value_link_responder,0,0.2124,PAYMENT_LINK,APPROVED,PAYMENT_LINK,FAILED,0.0,"This is a high-value transaction of ₹234,490.51 INR that requires customer-initiated 2FA authentication. Automated gateway retries frequently fail for transactions of this scale due to bank security policies. Sending a secure payment link directly to the customer provides a seamless authentication flow and yields optimal recovery."
ce3fbeb1-a459-4eca-a062-e7c9db13b8b7,payment_failure,2026-07-24T05:02:39.584140+00:00,14720.0,cust_reliab_2840,network_error,1,1.62,"{""total_past_payments"": 38, ""past_successful_payments"": 34, ""past_recovery_rate"": 0.8947}",38,34,0.8947,reliable_temporary_glitch,1,0.9759,RETRY,APPROVED,RETRY,SUCCESS,14720.0,The failure reason 'network_error' appears transient with an estimated recovery probability of 85.6%. The customer maintains a healthy historical success rate of 89.5% across 38 past payments. An automated payment gateway retry within standard cooldown limits is recommended.
02c38858-8290-446e-bbd3-d824904aefeb,subscription_failure,2026-08-05T00:02:23.979989+00:00,2603.04,cust_chroni_2515,card_declined,6,4.71,"{""total_past_payments"": 9, ""past_successful_payments"": 2, ""past_recovery_rate"": 0.2222}",9,2,0.2222,chronic_failer,0,0.0056,STOP,APPROVED,STOP,NO_ACTION,0.0,"The predicted recovery probability is extremely low (0.8%), indicating high likelihood of permanent failure. Given 6 prior failed attempt(s) and poor past payment performance, continuing automated attempts would incur unnecessary fees and annoy the customer. We recommend halting all recovery efforts for this invoice."
6907591a-33ea-4c5a-9780-8c77b495f3f9,overdue_invoice,2026-07-29T12:25:21.721656+00:00,27614.41,cust_slow_b_2431,overdue,1,18.46,"{""total_past_payments"": 18, ""past_successful_payments"": 16, ""past_recovery_rate"": 0.8889}",18,16,0.8889,slow_but_reliable_payer,0,0.9676,REMINDER,APPROVED,REMINDER,FAILED,0.0,"The invoice of ₹27,614.41 INR is overdue with 1 previous attempt(s). The customer has a solid historical recovery rate of 88.9%, indicating willingness to pay once notified. Sending a formal payment reminder notice is the most effective approach to prompt settlement."
d78c673c-ef9b-4b75-ac67-746344008df0,overdue_invoice,2026-08-03T10:26:50.775841+00:00,56040.03,cust_slow_b_8006,overdue,1,27.71,"{""total_past_payments"": 15, ""past_successful_payments"": 12, ""past_recovery_rate"": 0.8}",15,12,0.8,slow_but_reliable_payer,1,0.8902,REMINDER,APPROVED,REMINDER,SUCCESS,56040.03,"The invoice of ₹56,040.03 INR is overdue with 1 previous attempt(s). The customer has a solid historical recovery rate of 80.0%, indicating willingness to pay once notified. Sending a formal payment reminder notice is the most effective approach to prompt settlement."
cc5435e3-f57e-4b91-8fe9-be72a40bc450,payment_failure,2026-07-26T07:14:02.175757+00:00,1770.18,cust_reliab_5728,card_declined,2,1.51,"{""total_past_payments"": 36, ""past_successful_payments"": 35, ""past_recovery_rate"": 0.9722}",36,35,0.9722,reliable_temporary_glitch,1,0.9306,RETRY,APPROVED,RETRY,SUCCESS,1770.18,The failure reason 'card_declined' appears transient with an estimated recovery probability of 74.9%. The customer maintains a healthy historical success rate of 97.2% across 36 past payments. An automated payment gateway retry within standard cooldown limits is recommended.
0a1e9985-2fd0-49e7-97e1-2172ae7b80f6,subscription_failure,2026-07-30T16:08:06.778739+00:00,118193.6,cust_high_v_8776,insufficient_funds,3,1.99,"{""total_past_payments"": 9, ""past_successful_payments"": 6, ""past_recovery_rate"": 0.6667}",9,6,0.6667,high_value_link_responder,1,0.8482,PAYMENT_LINK,APPROVED,PAYMENT_LINK,SUCCESS,118193.6,"This is a high-value transaction of ₹118,193.60 INR that requires customer-initiated 2FA authentication. Automated gateway retries frequently fail for transactions of this scale due to bank security policies. Sending a secure payment link directly to the customer provides a seamless authentication flow and yields optimal recovery."
1f0830f8-f5ba-4fbb-9826-8d577565514f,subscription_failure,2026-08-10T06:10:30.188676+00:00,26489.25,cust_high_v_8571,network_error,3,2.79,"{""total_past_payments"": 18, ""past_successful_payments"": 12, ""past_recovery_rate"": 0.6667}",18,12,0.6667,high_value_link_responder,0,0.7641,PAYMENT_LINK,APPROVED,PAYMENT_LINK,FAILED,0.0,"This is a high-value transaction of ₹26,489.25 INR that requires customer-initiated 2FA authentication. Automated gateway retries frequently fail for transactions of this scale due to bank security policies. Sending a secure payment link directly to the customer provides a seamless authentication flow and yields optimal recovery."
4f84032e-2772-4de1-941c-30c0c25718aa,subscription_failure,2026-08-15T22:48:23.639140+00:00,110898.14,cust_high_v_5979,card_declined,3,1.73,"{""total_past_payments"": 14, ""past_successful_payments"": 12, ""past_recovery_rate"": 0.8571}",14,12,0.8571,high_value_link_responder,1,0.8983,PAYMENT_LINK,APPROVED,PAYMENT_LINK,SUCCESS,110898.14,"This is a high-value transaction of ₹110,898.14 INR that requires customer-initiated 2FA authentication. Automated gateway retries frequently fail for transactions of this scale due to bank security policies. Sending a secure payment link directly to the customer provides a seamless authentication flow and yields optimal recovery."
bb9277b7-8f20-4579-ab60-2fe98459b14f,subscription_failure,2026-08-12T12:36:33.169371+00:00,5196.33,cust_chroni_9059,card_declined,6,1.75,"{""total_past_payments"": 11, ""past_successful_payments"": 2, ""past_recovery_rate"": 0.1818}",11,2,0.1818,chronic_failer,0,0.7473,ESCALATE,APPROVED,ESCALATE,PENDING,0.0,"Automated recovery has failed after 6 attempts for this transaction of ₹5,196.33 INR. With ML recovery probability estimated at 35.9%, automated retries have diminishing returns. Escalating to a human customer success representative is recommended for personalized outreach."
bb6ec4e8-090a-45e8-8c8c-7246716b2ece,payment_failure,2026-07-29T14:08:02.296628+00:00,135936.3,cust_high_v_8144,card_declined,1,2.0,"{""total_past_payments"": 16, ""past_successful_payments"": 12, ""past_recovery_rate"": 0.75}",16,12,0.75,high_value_link_responder,1,0.5519,PAYMENT_LINK,APPROVED,PAYMENT_LINK,SUCCESS,135936.3,"This is a high-value transaction of ₹135,936.30 INR that requires customer-initiated 2FA authentication. Automated gateway retries frequently fail for transactions of this scale due to bank security policies. Sending a secure payment link directly to the customer provides a seamless authentication flow and yields optimal recovery."
a5877ec0-cb07-46ee-85ca-8ce2a76c0987,checkout_abandonment,2026-08-06T03:42:45.221403+00:00,7094.3,cust_checko_3394,abandoned,2,0.66,"{""total_past_payments"": 0, ""past_successful_payments"": 0, ""past_recovery_rate"": 0.0}",0,0,0.0,checkout_abandoner,1,0.6294,REMINDER,BLOCKED: max_daily_contact_attempts_per_customer,STOP,NO_ACTION,0.0,"The customer abandoned checkout for an order worth ₹7,094.30 INR. Since no transaction was submitted to the payment gateway, automated retries are inapplicable. We recommend sending a targeted checkout reminder notice with an instant payment link."
5b859e10-25af-422b-8ae8-99475a07cbce,subscription_failure,2026-08-16T15:08:55.731005+00:00,86350.83,cust_high_v_5778,card_declined,2,2.09,"{""total_past_payments"": 16, ""past_successful_payments"": 10, ""past_recovery_rate"": 0.625}",16,10,0.625,high_value_link_responder,1,0.9299,PAYMENT_LINK,APPROVED,PAYMENT_LINK,SUCCESS,86350.83,"This is a high-value transaction of ₹86,350.83 INR that requires customer-initiated 2FA authentication. Automated gateway retries frequently fail for transactions of this scale due to bank security policies. Sending a secure payment link directly to the customer provides a seamless authentication flow and yields optimal recovery."
71858515-71e5-4ff2-b29a-d89bc0e7c14d,overdue_invoice,2026-08-18T16:41:05.847947+00:00,77736.57,cust_slow_b_5932,overdue,3,13.07,"{""total_past_payments"": 14, ""past_successful_payments"": 13, ""past_recovery_rate"": 0.9286}",14,13,0.9286,slow_but_reliable_payer,1,0.902,REMINDER,APPROVED,REMINDER,SUCCESS,77736.57,"The invoice of ₹77,736.57 INR is overdue with 3 previous attempt(s). The customer has a solid historical recovery rate of 92.9%, indicating willingness to pay once notified. Sending a formal payment reminder notice is the most effective approach to prompt settlement."
189f3cb6-4c72-4bc7-b102-7592b5339775,checkout_abandonment,2026-08-05T11:56:54.797127+00:00,4511.32,cust_checko_8944,abandoned,1,0.24,"{""total_past_payments"": 8, ""past_successful_payments"": 3, ""past_recovery_rate"": 0.375}",8,3,0.375,checkout_abandoner,1,0.1594,STOP,APPROVED,STOP,NO_ACTION,0.0,"The predicted recovery probability is extremely low (16.0%), indicating high likelihood of permanent failure. Given 1 prior failed attempt(s) and poor past payment performance, continuing automated attempts would incur unnecessary fees and annoy the customer. We recommend halting all recovery efforts for this invoice."
a39c72bf-0502-4d88-9abc-10b55c02c1cd,overdue_invoice,2026-07-27T13:59:53.620920+00:00,81559.61,cust_slow_b_2867,overdue,3,20.34,"{""total_past_payments"": 20, ""past_successful_payments"": 18, ""past_recovery_rate"": 0.9}",20,18,0.9,slow_but_reliable_payer,1,0.8215,REMINDER,APPROVED,REMINDER,SUCCESS,81559.61,"The invoice of ₹81,559.61 INR is overdue with 3 previous attempt(s). The customer has a solid historical recovery rate of 90.0%, indicating willingness to pay once notified. Sending a formal payment reminder notice is the most effective approach to prompt settlement."
80580342-4461-4129-aa70-3633d9ae1f34,subscription_failure,2026-08-17T14:14:38.524564+00:00,335.56,cust_chroni_8240,card_declined,5,2.87,"{""total_past_payments"": 13, ""past_successful_payments"": 1, ""past_recovery_rate"": 0.0769}",13,1,0.0769,chronic_failer,0,0.095,STOP,APPROVED,STOP,NO_ACTION,0.0,"The predicted recovery probability is extremely low (20.0%), indicating high likelihood of permanent failure. Given 5 prior failed attempt(s) and poor past payment performance, continuing automated attempts would incur unnecessary fees and annoy the customer. We recommend halting all recovery efforts for this invoice."
f20c861f-3278-47ec-8eb4-8e35d7857e38,payment_failure,2026-08-20T16:01:27.554458+00:00,12311.32,cust_reliab_6036,insufficient_funds,1,0.34,"{""total_past_payments"": 19, ""past_successful_payments"": 18, ""past_recovery_rate"": 0.9474}",19,18,0.9474,reliable_temporary_glitch,1,0.409,RETRY,APPROVED,RETRY,SUCCESS,12311.32,The failure reason 'insufficient_funds' appears transient with an estimated recovery probability of 98.1%. The customer maintains a healthy historical success rate of 94.7% across 19 past payments. An automated payment gateway retry within standard cooldown limits is recommended.
17c383ac-0e35-48ec-92f1-73410e49ffcb,payment_failure,2026-07-31T19:20:31.664737+00:00,6315.43,cust_chroni_1696,card_declined,3,1.11,"{""total_past_payments"": 17, ""past_successful_payments"": 5, ""past_recovery_rate"": 0.2941}",17,5,0.2941,chronic_failer,0,0.0189,ESCALATE,APPROVED,ESCALATE,PENDING,0.0,"Automated recovery has failed after 3 attempts for this transaction of ₹6,315.43 INR. With ML recovery probability estimated at 44.6%, automated retries have diminishing returns. Escalating to a human customer success representative is recommended for personalized outreach."
e02aec5a-1504-406b-b0a3-9e52d6322515,overdue_invoice,2026-07-25T06:35:24.333494+00:00,13895.33,cust_slow_b_4365,overdue,2,21.69,"{""total_past_payments"": 7, ""past_successful_payments"": 6, ""past_recovery_rate"": 0.8571}",7,6,0.8571,slow_but_reliable_payer,1,0.8175,REMINDER,APPROVED,REMINDER,SUCCESS,13895.33,"The invoice of ₹13,895.33 INR is overdue with 2 previous attempt(s). The customer has a solid historical recovery rate of 85.7%, indicating willingness to pay once notified. Sending a formal payment reminder notice is the most effective approach to prompt settlement."
ee54cb05-2a90-44f2-bc3b-aa9b7b12fe1f,checkout_abandonment,2026-08-20T15:39:52.645940+00:00,2131.18,cust_checko_9202,abandoned,2,2.86,"{""total_past_payments"": 5, ""past_successful_payments"": 2, ""past_recovery_rate"": 0.4}",5,2,0.4,checkout_abandoner,0,0.0777,STOP,APPROVED,STOP,NO_ACTION,0.0,"The predicted recovery probability is extremely low (7.3%), indicating high likelihood of permanent failure. Given 2 prior failed attempt(s) and poor past payment performance, continuing automated attempts would incur unnecessary fees and annoy the customer. We recommend halting all recovery efforts for this invoice."
1c1a20a5-8e7d-446e-a699-d7c154e46ff6,checkout_abandonment,2026-07-29T15:11:43.741523+00:00,6558.09,cust_checko_9800,abandoned,1,2.9,"{""total_past_payments"": 2, ""past_successful_payments"": 1, ""past_recovery_rate"": 0.5}",2,1,0.5,checkout_abandoner,1,0.0384,STOP,APPROVED,STOP,NO_ACTION,0.0,"The predicted recovery probability is extremely low (5.5%), indicating high likelihood of permanent failure. Given 1 prior failed attempt(s) and poor past payment performance, continuing automated attempts would incur unnecessary fees and annoy the customer. We recommend halting all recovery efforts for this invoice."
4c3f28ff-a9ca-4013-b7ee-ed4ba8c7449c,subscription_failure,2026-07-24T21:59:15.429650+00:00,216541.78,cust_high_v_2758,insufficient_funds,2,1.42,"{""total_past_payments"": 23, ""past_successful_payments"": 15, ""past_recovery_rate"": 0.6522}",23,15,0.6522,high_value_link_responder,1,0.6233,PAYMENT_LINK,APPROVED,PAYMENT_LINK,SUCCESS,216541.78,"This is a high-value transaction of ₹216,541.78 INR that requires customer-initiated 2FA authentication. Automated gateway retries frequently fail for transactions of this scale due to bank security policies. Sending a secure payment link directly to the customer provides a seamless authentication flow and yields optimal recovery."
e6da9593-f0bb-4761-bea1-3a6f448af1f2,overdue_invoice,2026-08-18T03:28:56.794280+00:00,98615.15,cust_slow_b_6918,overdue,1,16.65,"{""total_past_payments"": 20, ""past_successful_payments"": 15, ""past_recovery_rate"": 0.75}",20,15,0.75,slow_but_reliable_payer,1,0.9117,REMINDER,APPROVED,REMINDER,SUCCESS,98615.15,"The invoice of ₹98,615.15 INR is overdue with 1 previous attempt(s). The customer has a solid historical recovery rate of 75.0%, indicating willingness to pay once notified. Sending a formal payment reminder notice is the most effective approach to prompt settlement."
d7e94c51-36fc-419f-9739-7069341833de,payment_failure,2026-08-11T16:29:17.139183+00:00,51037.59,cust_high_v_8273,card_declined,2,1.64,"{""total_past_payments"": 28, ""past_successful_payments"": 19, ""past_recovery_rate"": 0.6786}",28,19,0.6786,high_value_link_responder,0,0.4194,PAYMENT_LINK,APPROVED,PAYMENT_LINK,FAILED,0.0,"This is a high-value transaction of ₹51,037.59 INR that requires customer-initiated 2FA authentication. Automated gateway retries frequently fail for transactions of this scale due to bank security policies. Sending a secure payment link directly to the customer provides a seamless authentication flow and yields optimal recovery."
aeb2463f-6a2c-40cc-895b-05aac094c568,overdue_invoice,2026-07-25T16:30:28.229904+00:00,82219.28,cust_slow_b_9055,insufficient_funds,3,14.19,"{""total_past_payments"": 4, ""past_successful_payments"": 4, ""past_recovery_rate"": 1.0}",4,4,1.0,slow_but_reliable_payer,1,0.8826,REMINDER,APPROVED,REMINDER,SUCCESS,82219.28,"The invoice of ₹82,219.28 INR is overdue with 3 previous attempt(s). The customer has a solid historical recovery rate of 100.0%, indicating willingness to pay once notified. Sending a formal payment reminder notice is the most effective approach to prompt settlement."
207ea39c-5738-4387-a865-631282b7655e,payment_failure,2026-08-01T05:38:15.896880+00:00,1129.9,cust_chroni_3764,expired_card,6,3.4,"{""total_past_payments"": 20, ""past_successful_payments"": 7, ""past_recovery_rate"": 0.35}",20,7,0.35,chronic_failer,0,0.1808,STOP,APPROVED,STOP,NO_ACTION,0.0,"The predicted recovery probability is extremely low (3.4%), indicating high likelihood of permanent failure. Given 6 prior failed attempt(s) and poor past payment performance, continuing automated attempts would incur unnecessary fees and annoy the customer. We recommend halting all recovery efforts for this invoice."
9b4d068a-ce08-4f1a-88f4-df3b4e1d9959,subscription_failure,2026-08-17T20:20:32.736329+00:00,6737.25,cust_chroni_7557,insufficient_funds,6,2.67,"{""total_past_payments"": 20, ""past_successful_payments"": 5, ""past_recovery_rate"": 0.25}",20,5,0.25,chronic_failer,0,0.0724,ESCALATE,APPROVED,ESCALATE,PENDING,0.0,"Automated recovery has failed after 6 attempts for this transaction of ₹6,737.25 INR. With ML recovery probability estimated at 23.7%, automated retries have diminishing returns. Escalating to a human customer success representative is recommended for personalized outreach."
deb870a2-1e79-44e6-ba07-08a53a374c40,payment_failure,2026-07-22T21:42:52.136108+00:00,140068.27,cust_high_v_9017,insufficient_funds,1,2.42,"{""total_past_payments"": 8, ""past_successful_payments"": 5, ""past_recovery_rate"": 0.625}",8,5,0.625,high_value_link_responder,1,0.9182,PAYMENT_LINK,APPROVED,PAYMENT_LINK,SUCCESS,140068.27,"This is a high-value transaction of ₹140,068.27 INR that requires customer-initiated 2FA authentication. Automated gateway retries frequently fail for transactions of this scale due to bank security policies. Sending a secure payment link directly to the customer provides a seamless authentication flow and yields optimal recovery."
516a6bd2-cb86-4e3d-89ef-76987d55ae1c,payment_failure,2026-08-19T11:36:23.554146+00:00,10332.56,cust_reliab_2578,network_error,1,0.83,"{""total_past_payments"": 30, ""past_successful_payments"": 26, ""past_recovery_rate"": 0.8667}",30,26,0.8667,reliable_temporary_glitch,1,0.6956,RETRY,APPROVED,RETRY,SUCCESS,10332.56,The failure reason 'network_error' appears transient with an estimated recovery probability of 89.9%. The customer maintains a healthy historical success rate of 86.7% across 30 past payments. An automated payment gateway retry within standard cooldown limits is recommended.
254be981-1ec6-4f6a-8d78-ef0883dd9357,subscription_failure,2026-08-06T18:21:22.240403+00:00,3834.97,cust_chroni_9887,expired_card,5,4.97,"{""total_past_payments"": 17, ""past_successful_payments"": 3, ""past_recovery_rate"": 0.1765}",17,3,0.1765,chronic_failer,0,0.0037,STOP,APPROVED,STOP,NO_ACTION,0.0,"The predicted recovery probability is extremely low (8.6%), indicating high likelihood of permanent failure. Given 5 prior failed attempt(s) and poor past payment performance, continuing automated attempts would incur unnecessary fees and annoy the customer. We recommend halting all recovery efforts for this invoice."
d141cd66-a951-4f0c-b445-73a51e813b68,payment_failure,2026-08-08T14:50:18.871642+00:00,92344.52,cust_slow_b_1589,overdue,2,16.25,"{""total_past_payments"": 16, ""past_successful_payments"": 13, ""past_recovery_rate"": 0.8125}",16,13,0.8125,slow_but_reliable_payer,1,0.9219,PAYMENT_LINK,APPROVED,PAYMENT_LINK,SUCCESS,92344.52,"This is a high-value transaction of ₹92,344.52 INR that requires customer-initiated 2FA authentication. Automated gateway retries frequently fail for transactions of this scale due to bank security policies. Sending a secure payment link directly to the customer provides a seamless authentication flow and yields optimal recovery."
c19ff359-3c37-4d7a-96ff-2d44325e1038,payment_failure,2026-08-12T10:32:20.745415+00:00,183863.32,cust_high_v_8986,insufficient_funds,2,1.58,"{""total_past_payments"": 14, ""past_successful_payments"": 11, ""past_recovery_rate"": 0.7857}",14,11,0.7857,high_value_link_responder,1,0.7144,PAYMENT_LINK,APPROVED,PAYMENT_LINK,SUCCESS,183863.32,"This is a high-value transaction of ₹183,863.32 INR that requires customer-initiated 2FA authentication. Automated gateway retries frequently fail for transactions of this scale due to bank security policies. Sending a secure payment link directly to the customer provides a seamless authentication flow and yields optimal recovery."
6871123c-165e-46a9-97a9-18d8ee5ed779,payment_failure,2026-08-07T10:27:43.035248+00:00,8652.7,cust_reliab_7189,network_error,1,1.06,"{""total_past_payments"": 35, ""past_successful_payments"": 31, ""past_recovery_rate"": 0.8857}",35,31,0.8857,reliable_temporary_glitch,1,0.5061,RETRY,APPROVED,RETRY,SUCCESS,8652.7,The failure reason 'network_error' appears transient with an estimated recovery probability of 79.0%. The customer maintains a healthy historical success rate of 88.6% across 35 past payments. An automated payment gateway retry within standard cooldown limits is recommended.
c12de131-97d9-45d0-a597-a21d82e10388,payment_failure,2026-08-11T21:59:00.900276+00:00,31333.07,cust_high_v_1440,insufficient_funds,1,0.82,"{""total_past_payments"": 16, ""past_successful_payments"": 11, ""past_recovery_rate"": 0.6875}",16,11,0.6875,high_value_link_responder,1,0.5083,PAYMENT_LINK,APPROVED,PAYMENT_LINK,SUCCESS,31333.07,"This is a high-value transaction of ₹31,333.07 INR that requires customer-initiated 2FA authentication. Automated gateway retries frequently fail for transactions of this scale due to bank security policies. Sending a secure payment link directly to the customer provides a seamless authentication flow and yields optimal recovery."
32acd72a-cbe1-4de0-a44f-e50af37c0b37,payment_failure,2026-08-09T04:08:30.745226+00:00,1318.51,cust_reliab_2073,card_declined,1,0.57,"{""total_past_payments"": 29, ""past_successful_payments"": 27, ""past_recovery_rate"": 0.931}",29,27,0.931,reliable_temporary_glitch,0,0.9853,RETRY,APPROVED,RETRY,FAILED,0.0,The failure reason 'card_declined' appears transient with an estimated recovery probability of 95.5%. The customer maintains a healthy historical success rate of 93.1% across 29 past payments. An automated payment gateway retry within standard cooldown limits is recommended.
14f3573b-9899-43f6-9793-788388d12fe7,overdue_invoice,2026-08-05T09:04:15.896379+00:00,13363.99,cust_slow_b_7900,overdue,3,26.58,"{""total_past_payments"": 22, ""past_successful_payments"": 18, ""past_recovery_rate"": 0.8182}",22,18,0.8182,slow_but_reliable_payer,1,0.7859,REMINDER,APPROVED,REMINDER,SUCCESS,13363.99,"The invoice of ₹13,363.99 INR is overdue with 3 previous attempt(s). The customer has a solid historical recovery rate of 81.8%, indicating willingness to pay once notified. Sending a formal payment reminder notice is the most effective approach to prompt settlement."
93bb9f10-da90-4465-b0b7-e64ae44659ab,subscription_failure,2026-08-09T19:42:52.626383+00:00,8801.81,cust_reliab_9237,network_error,2,0.29,"{""total_past_payments"": 23, ""past_successful_payments"": 21, ""past_recovery_rate"": 0.913}",23,21,0.913,reliable_temporary_glitch,1,0.9701,RETRY,APPROVED,RETRY,SUCCESS,8801.81,The failure reason 'network_error' appears transient with an estimated recovery probability of 99.9%. The customer maintains a healthy historical success rate of 91.3% across 23 past payments. An automated payment gateway retry within standard cooldown limits is recommended.
85bd4649-7257-40a7-9435-5164435cd263,subscription_failure,2026-08-12T13:04:34.108515+00:00,7761.54,cust_chroni_9779,card_declined,4,3.98,"{""total_past_payments"": 4, ""past_successful_payments"": 1, ""past_recovery_rate"": 0.25}",4,1,0.25,chronic_failer,0,0.0603,STOP,APPROVED,STOP,NO_ACTION,0.0,"The predicted recovery probability is extremely low (6.9%), indicating high likelihood of permanent failure. Given 4 prior failed attempt(s) and poor past payment performance, continuing automated attempts would incur unnecessary fees and annoy the customer. We recommend halting all recovery efforts for this invoice."
aa5d47ba-9cbb-4b55-ba01-a5e0b9f6e74e,payment_failure,2026-08-02T19:02:20.899260+00:00,240536.74,cust_high_v_5478,insufficient_funds,3,2.61,"{""total_past_payments"": 8, ""past_successful_payments"": 6, ""past_recovery_rate"": 0.75}",8,6,0.75,high_value_link_responder,1,0.911,PAYMENT_LINK,APPROVED,PAYMENT_LINK,SUCCESS,240536.74,"This is a high-value transaction of ₹240,536.74 INR that requires customer-initiated 2FA authentication. Automated gateway retries frequently fail for transactions of this scale due to bank security policies. Sending a secure payment link directly to the customer provides a seamless authentication flow and yields optimal recovery."
208d8d10-d0b2-4cfd-bf0a-c54b594d0b00,subscription_failure,2026-08-15T05:43:08.375854+00:00,12036.95,cust_reliab_9846,network_error,2,1.06,"{""total_past_payments"": 29, ""past_successful_payments"": 26, ""past_recovery_rate"": 0.8966}",29,26,0.8966,reliable_temporary_glitch,1,0.6645,RETRY,APPROVED,RETRY,SUCCESS,12036.95,The failure reason 'network_error' appears transient with an estimated recovery probability of 97.0%. The customer maintains a healthy historical success rate of 89.7% across 29 past payments. An automated payment gateway retry within standard cooldown limits is recommended.
7770fd16-cfb2-4b9d-bd7f-b2a3eb964d42,overdue_invoice,2026-08-05T02:29:10.304206+00:00,89280.69,cust_slow_b_4489,overdue,3,22.58,"{""total_past_payments"": 9, ""past_successful_payments"": 8, ""past_recovery_rate"": 0.8889}",9,8,0.8889,slow_but_reliable_payer,1,0.893,REMINDER,APPROVED,REMINDER,SUCCESS,89280.69,"The invoice of ₹89,280.69 INR is overdue with 3 previous attempt(s). The customer has a solid historical recovery rate of 88.9%, indicating willingness to pay once notified. Sending a formal payment reminder notice is the most effective approach to prompt settlement."
62d78e82-9417-49cf-9313-6f643b4a6f27,subscription_failure,2026-08-13T11:49:02.283458+00:00,9749.93,cust_reliab_4287,card_declined,2,1.88,"{""total_past_payments"": 50, ""past_successful_payments"": 43, ""past_recovery_rate"": 0.86}",50,43,0.86,reliable_temporary_glitch,1,0.9776,RETRY,APPROVED,RETRY,SUCCESS,9749.93,The failure reason 'card_declined' appears transient with an estimated recovery probability of 99.7%. The customer maintains a healthy historical success rate of 86.0% across 50 past payments. An automated payment gateway retry within standard cooldown limits is recommended.
31fc6fa1-ed4d-44e4-8d20-58a362d51afb,payment_failure,2026-08-08T11:15:04.546494+00:00,96696.97,cust_high_v_5702,card_declined,1,2.08,"{""total_past_payments"": 18, ""past_successful_payments"": 12, ""past_recovery_rate"": 0.6667}",18,12,0.6667,high_value_link_responder,1,0.7652,PAYMENT_LINK,APPROVED,PAYMENT_LINK,SUCCESS,96696.97,"This is a high-value transaction of ₹96,696.97 INR that requires customer-initiated 2FA authentication. Automated gateway retries frequently fail for transactions of this scale due to bank security policies. Sending a secure payment link directly to the customer provides a seamless authentication flow and yields optimal recovery."
35809cda-0de2-478a-9a92-ddc9cf899cae,payment_failure,2026-08-09T08:30:27.760582+00:00,2146.6,cust_reliab_8145,insufficient_funds,1,0.15,"{""total_past_payments"": 29, ""past_successful_payments"": 27, ""past_recovery_rate"": 0.931}",29,27,0.931,reliable_temporary_glitch,1,0.6267,RETRY,APPROVED,RETRY,SUCCESS,2146.6,The failure reason 'insufficient_funds' appears transient with an estimated recovery probability of 89.2%. The customer maintains a healthy historical success rate of 93.1% across 29 past payments. An automated payment gateway retry within standard cooldown limits is recommended.
83e545f4-3b33-4a2f-b639-8f3ee6633fbe,payment_failure,2026-07-28T20:10:08.049674+00:00,2366.62,cust_chroni_8960,card_declined,4,4.87,"{""total_past_payments"": 3, ""past_successful_payments"": 1, ""past_recovery_rate"": 0.3333}",3,1,0.3333,chronic_failer,0,0.1107,STOP,APPROVED,STOP,NO_ACTION,0.0,"The predicted recovery probability is extremely low (3.0%), indicating high likelihood of permanent failure. Given 4 prior failed attempt(s) and poor past payment performance, continuing automated attempts would incur unnecessary fees and annoy the customer. We recommend halting all recovery efforts for this invoice."
b0055a8a-b121-47a2-8a47-b544436bdb78,payment_failure,2026-08-12T02:43:11.100398+00:00,2524.24,cust_chroni_2479,insufficient_funds,3,6.4,"{""total_past_payments"": 15, ""past_successful_payments"": 5, ""past_recovery_rate"": 0.3333}",15,5,0.3333,chronic_failer,0,0.0947,STOP,APPROVED,STOP,NO_ACTION,0.0,"The predicted recovery probability is extremely low (8.4%), indicating high likelihood of permanent failure. Given 3 prior failed attempt(s) and poor past payment performance, continuing automated attempts would incur unnecessary fees and annoy the customer. We recommend halting all recovery efforts for this invoice."
42267765-c8b1-43d3-b306-61434dafd677,payment_failure,2026-08-06T12:33:08.089216+00:00,1141.01,cust_chroni_3003,expired_card,5,3.98,"{""total_past_payments"": 4, ""past_successful_payments"": 0, ""past_recovery_rate"": 0.0}",4,0,0.0,chronic_failer,0,0.101,STOP,APPROVED,STOP,NO_ACTION,0.0,"The predicted recovery probability is extremely low (1.4%), indicating high likelihood of permanent failure. Given 5 prior failed attempt(s) and poor past payment performance, continuing automated attempts would incur unnecessary fees and annoy the customer. We recommend halting all recovery efforts for this invoice."
c3a23bf1-6949-4db8-9338-83442dc08bf7,overdue_invoice,2026-07-30T09:55:15.646401+00:00,82525.74,cust_slow_b_2750,overdue,3,10.9,"{""total_past_payments"": 17, ""past_successful_payments"": 13, ""past_recovery_rate"": 0.7647}",17,13,0.7647,slow_but_reliable_payer,1,0.8299,REMINDER,APPROVED,REMINDER,SUCCESS,82525.74,"The invoice of ₹82,525.74 INR is overdue with 3 previous attempt(s). The customer has a solid historical recovery rate of 76.5%, indicating willingness to pay once notified. Sending a formal payment reminder notice is the most effective approach to prompt settlement."
12646ec2-b803-419d-93d7-a7b7ae326a5e,payment_failure,2026-08-06T19:40:22.835389+00:00,3122.7,cust_chroni_5036,expired_card,3,2.9,"{""total_past_payments"": 15, ""past_successful_payments"": 3, ""past_recovery_rate"": 0.2}",15,3,0.2,chronic_failer,0,0.0228,STOP,APPROVED,STOP,NO_ACTION,0.0,"The predicted recovery probability is extremely low (3.9%), indicating high likelihood of permanent failure. Given 3 prior failed attempt(s) and poor past payment performance, continuing automated attempts would incur unnecessary fees and annoy the customer. We recommend halting all recovery efforts for this invoice."
5cc0a6b6-de00-498d-b620-0f3b5d6ab712,payment_failure,2026-08-10T15:22:21.427352+00:00,74410.41,cust_slow_b_1895,insufficient_funds,2,5.53,"{""total_past_payments"": 23, ""past_successful_payments"": 16, ""past_recovery_rate"": 0.6957}",23,16,0.6957,slow_but_reliable_payer,1,0.0854,PAYMENT_LINK,APPROVED,PAYMENT_LINK,SUCCESS,74410.41,"This is a high-value transaction of ₹74,410.41 INR that requires customer-initiated 2FA authentication. Automated gateway retries frequently fail for transactions of this scale due to bank security policies. Sending a secure payment link directly to the customer provides a seamless authentication flow and yields optimal recovery."
6232d8b9-1933-40d8-8544-3bf4d1eb5808,checkout_abandonment,2026-07-23T18:37:22.753382+00:00,4640.98,cust_checko_7364,abandoned,1,1.7,"{""total_past_payments"": 3, ""past_successful_payments"": 2, ""past_recovery_rate"": 0.6667}",3,2,0.6667,checkout_abandoner,1,0.2213,REMINDER,APPROVED,REMINDER,SUCCESS,4640.98,"The customer abandoned checkout for an order worth ₹4,640.98 INR. Since no transaction was submitted to the payment gateway, automated retries are inapplicable. We recommend sending a targeted checkout reminder notice with an instant payment link."
650a96f7-9c35-487b-a4ef-8dbdf5ebc8f7,subscription_failure,2026-07-24T23:49:26.285934+00:00,2546.93,cust_chroni_6196,insufficient_funds,4,2.78,"{""total_past_payments"": 7, ""past_successful_payments"": 2, ""past_recovery_rate"": 0.2857}",7,2,0.2857,chronic_failer,0,0.0079,STOP,APPROVED,STOP,NO_ACTION,0.0,"The predicted recovery probability is extremely low (1.4%), indicating high likelihood of permanent failure. Given 4 prior failed attempt(s) and poor past payment performance, continuing automated attempts would incur unnecessary fees and annoy the customer. We recommend halting all recovery efforts for this invoice."
37c66e7b-0d57-41fc-b615-3c53692a58ac,payment_failure,2026-07-27T20:01:43.628384+00:00,14137.18,cust_reliab_2644,insufficient_funds,2,1.5,"{""total_past_payments"": 31, ""past_successful_payments"": 29, ""past_recovery_rate"": 0.9355}",31,29,0.9355,reliable_temporary_glitch,0,0.5945,RETRY,APPROVED,RETRY,FAILED,0.0,The failure reason 'insufficient_funds' appears transient with an estimated recovery probability of 91.6%. The customer maintains a healthy historical success rate of 93.5% across 31 past payments. An automated payment gateway retry within standard cooldown limits is recommended.
92fcab22-1258-4153-8d67-ee559f0c600c,subscription_failure,2026-08-10T23:23:40.624833+00:00,9230.68,cust_reliab_4010,network_error,2,0.96,"{""total_past_payments"": 11, ""past_successful_payments"": 11, ""past_recovery_rate"": 1.0}",11,11,1.0,reliable_temporary_glitch,1,0.5032,RETRY,APPROVED,RETRY,SUCCESS,9230.68,The failure reason 'network_error' appears transient with an estimated recovery probability of 77.8%. The customer maintains a healthy historical success rate of 100.0% across 11 past payments. An automated payment gateway retry within standard cooldown limits is recommended.
3ae18c14-1bb5-4fd3-a0d1-e69a2c886b01,payment_failure,2026-08-12T02:51:05.362715+00:00,43502.21,cust_high_v_3131,network_error,1,1.12,"{""total_past_payments"": 27, ""past_successful_payments"": 24, ""past_recovery_rate"": 0.8889}",27,24,0.8889,high_value_link_responder,0,0.4569,PAYMENT_LINK,APPROVED,PAYMENT_LINK,FAILED,0.0,"This is a high-value transaction of ₹43,502.21 INR that requires customer-initiated 2FA authentication. Automated gateway retries frequently fail for transactions of this scale due to bank security policies. Sending a secure payment link directly to the customer provides a seamless authentication flow and yields optimal recovery."
fb7f1182-de12-418c-a160-14c441f3e85d,checkout_abandonment,2026-08-11T22:45:49.732206+00:00,5975.12,cust_checko_6367,abandoned,1,0.93,"{""total_past_payments"": 10, ""past_successful_payments"": 5, ""past_recovery_rate"": 0.5}",10,5,0.5,checkout_abandoner,0,0.9095,REMINDER,APPROVED,REMINDER,FAILED,0.0,"The customer abandoned checkout for an order worth ₹5,975.12 INR. Since no transaction was submitted to the payment gateway, automated retries are inapplicable. We recommend sending a targeted checkout reminder notice with an instant payment link."
e295fb63-6ed3-4605-9d7a-cb60adcf04be,payment_failure,2026-07-24T04:30:21.729847+00:00,7097.86,cust_chroni_4747,insufficient_funds,4,1.12,"{""total_past_payments"": 2, ""past_successful_payments"": 1, ""past_recovery_rate"": 0.5}",2,1,0.5,chronic_failer,0,0.4178,STOP,APPROVED,STOP,NO_ACTION,0.0,"The predicted recovery probability is extremely low (8.7%), indicating high likelihood of permanent failure. Given 4 prior failed attempt(s) and poor past payment performance, continuing automated attempts would incur unnecessary fees and annoy the customer. We recommend halting all recovery efforts for this invoice."
8368fca6-10a0-452c-a79a-51316064f555,payment_failure,2026-07-31T11:49:23.363510+00:00,25188.04,cust_slow_b_2459,overdue,2,20.45,"{""total_past_payments"": 23, ""past_successful_payments"": 18, ""past_recovery_rate"": 0.7826}",23,18,0.7826,slow_but_reliable_payer,1,0.9373,PAYMENT_LINK,APPROVED,PAYMENT_LINK,SUCCESS,25188.04,"This is a high-value transaction of ₹25,188.04 INR that requires customer-initiated 2FA authentication. Automated gateway retries frequently fail for transactions of this scale due to bank security policies. Sending a secure payment link directly to the customer provides a seamless authentication flow and yields optimal recovery."
29a7c113-2dc5-4b6a-b1c9-091f35ded2b0,overdue_invoice,2026-07-29T07:54:44.916574+00:00,93545.64,cust_slow_b_4121,overdue,3,17.35,"{""total_past_payments"": 11, ""past_successful_payments"": 10, ""past_recovery_rate"": 0.9091}",11,10,0.9091,slow_but_reliable_payer,0,0.9773,REMINDER,APPROVED,REMINDER,FAILED,0.0,"The invoice of ₹93,545.64 INR is overdue with 3 previous attempt(s). The customer has a solid historical recovery rate of 90.9%, indicating willingness to pay once notified. Sending a formal payment reminder notice is the most effective approach to prompt settlement."
275271c4-6437-4c73-9122-709d55372af1,overdue_invoice,2026-07-30T03:17:31.942948+00:00,44386.62,cust_slow_b_5636,overdue,2,26.41,"{""total_past_payments"": 23, ""past_successful_payments"": 17, ""past_recovery_rate"": 0.7391}",23,17,0.7391,slow_but_reliable_payer,1,0.9789,REMINDER,APPROVED,REMINDER,SUCCESS,44386.62,"The invoice of ₹44,386.62 INR is overdue with 2 previous attempt(s). The customer has a solid historical recovery rate of 73.9%, indicating willingness to pay once notified. Sending a formal payment reminder notice is the most effective approach to prompt settlement."
b2557670-0157-4f5d-8fdd-cfab1d5072f8,overdue_invoice,2026-07-23T05:55:08.077041+00:00,31193.71,cust_slow_b_8506,overdue,2,27.68,"{""total_past_payments"": 15, ""past_successful_payments"": 13, ""past_recovery_rate"": 0.8667}",15,13,0.8667,slow_but_reliable_payer,1,0.9079,REMINDER,APPROVED,REMINDER,SUCCESS,31193.71,"The invoice of ₹31,193.71 INR is overdue with 2 previous attempt(s). The customer has a solid historical recovery rate of 86.7%, indicating willingness to pay once notified. Sending a formal payment reminder notice is the most effective approach to prompt settlement."
e128a5e3-8931-495f-92c2-fb21641bf6ea,checkout_abandonment,2026-07-23T07:09:49.608685+00:00,5041.76,cust_checko_5198,abandoned,1,2.2,"{""total_past_payments"": 6, ""past_successful_payments"": 3, ""past_recovery_rate"": 0.5}",6,3,0.5,checkout_abandoner,1,0.4812,REMINDER,APPROVED,REMINDER,SUCCESS,5041.76,"The customer abandoned checkout for an order worth ₹5,041.76 INR. Since no transaction was submitted to the payment gateway, automated retries are inapplicable. We recommend sending a targeted checkout reminder notice with an instant payment link."
4e13c018-54d9-48dc-946a-f4614f2bf0da,subscription_failure,2026-08-10T21:38:02.311462+00:00,9292.43,cust_reliab_5956,network_error,1,0.11,"{""total_past_payments"": 42, ""past_successful_payments"": 39, ""past_recovery_rate"": 0.9286}",42,39,0.9286,reliable_temporary_glitch,0,0.9338,RETRY,APPROVED,RETRY,FAILED,0.0,The failure reason 'network_error' appears transient with an estimated recovery probability of 99.9%. The customer maintains a healthy historical success rate of 92.9% across 42 past payments. An automated payment gateway retry within standard cooldown limits is recommended.
a571eff9-54f6-4145-b693-1c595ae1be8c,subscription_failure,2026-07-25T18:19:42.618936+00:00,1096.31,cust_reliab_6557,network_error,1,0.59,"{""total_past_payments"": 42, ""past_successful_payments"": 39, ""past_recovery_rate"": 0.9286}",42,39,0.9286,reliable_temporary_glitch,1,0.8565,RETRY,APPROVED,RETRY,SUCCESS,1096.31,The failure reason 'network_error' appears transient with an estimated recovery probability of 80.3%. The customer maintains a healthy historical success rate of 92.9% across 42 past payments. An automated payment gateway retry within standard cooldown limits is recommended.
0de88f7a-3f2c-421a-8500-4ffa555d124d,payment_failure,2026-08-18T00:36:17.665736+00:00,1140.35,cust_reliab_8046,network_error,1,1.05,"{""total_past_payments"": 27, ""past_successful_payments"": 26, ""past_recovery_rate"": 0.963}",27,26,0.963,reliable_temporary_glitch,1,0.735,RETRY,APPROVED,RETRY,SUCCESS,1140.35,The failure reason 'network_error' appears transient with an estimated recovery probability of 88.3%. The customer maintains a healthy historical success rate of 96.3% across 27 past payments. An automated payment gateway retry within standard cooldown limits is recommended.
06c53816-e641-49a2-bbb7-c21a92794249,subscription_failure,2026-07-29T16:24:18.597433+00:00,4324.49,cust_reliab_9049,insufficient_funds,2,0.93,"{""total_past_payments"": 20, ""past_successful_payments"": 18, ""past_recovery_rate"": 0.9}",20,18,0.9,reliable_temporary_glitch,0,0.71,RETRY,APPROVED,RETRY,FAILED,0.0,The failure reason 'insufficient_funds' appears transient with an estimated recovery probability of 99.1%. The customer maintains a healthy historical success rate of 90.0% across 20 past payments. An automated payment gateway retry within standard cooldown limits is recommended.
6fae6666-6e5f-4524-afe8-e93585ea6528,overdue_invoice,2026-08-19T22:24:40.363330+00:00,23375.87,cust_slow_b_8653,overdue,1,9.58,"{""total_past_payments"": 19, ""past_successful_payments"": 15, ""past_recovery_rate"": 0.7895}",19,15,0.7895,slow_but_reliable_payer,1,0.9283,REMINDER,APPROVED,REMINDER,SUCCESS,23375.87,"The invoice of ₹23,375.87 INR is overdue with 1 previous attempt(s). The customer has a solid historical recovery rate of 79.0%, indicating willingness to pay once notified. Sending a formal payment reminder notice is the most effective approach to prompt settlement."
935f4d74-9aa5-43ed-8f57-2c3a502f8218,subscription_failure,2026-08-20T07:21:40.166797+00:00,105217.03,cust_high_v_3425,insufficient_funds,3,1.9,"{""total_past_payments"": 19, ""past_successful_payments"": 14, ""past_recovery_rate"": 0.7368}",19,14,0.7368,high_value_link_responder,0,0.7763,PAYMENT_LINK,APPROVED,PAYMENT_LINK,FAILED,0.0,"This is a high-value transaction of ₹105,217.03 INR that requires customer-initiated 2FA authentication. Automated gateway retries frequently fail for transactions of this scale due to bank security policies. Sending a secure payment link directly to the customer provides a seamless authentication flow and yields optimal recovery."
a3567371-7ee6-475c-8465-2bf74204584c,payment_failure,2026-08-06T06:26:23.991232+00:00,2327.77,cust_chroni_3958,card_declined,4,4.5,"{""total_past_payments"": 2, ""past_successful_payments"": 0, ""past_recovery_rate"": 0.0}",2,0,0.0,chronic_failer,0,0.0124,STOP,APPROVED,STOP,NO_ACTION,0.0,"The predicted recovery probability is extremely low (9.8%), indicating high likelihood of permanent failure. Given 4 prior failed attempt(s) and poor past payment performance, continuing automated attempts would incur unnecessary fees and annoy the customer. We recommend halting all recovery efforts for this invoice."
c2911d2a-5b50-4c1b-be06-6446849955a6,overdue_invoice,2026-08-01T05:21:25.401625+00:00,89863.09,cust_slow_b_7120,overdue,1,12.11,"{""total_past_payments"": 25, ""past_successful_payments"": 18, ""past_recovery_rate"": 0.72}",25,18,0.72,slow_but_reliable_payer,0,0.92,REMINDER,APPROVED,REMINDER,FAILED,0.0,"The invoice of ₹89,863.09 INR is overdue with 1 previous attempt(s). The customer has a solid historical recovery rate of 72.0%, indicating willingness to pay once notified. Sending a formal payment reminder notice is the most effective approach to prompt settlement."
0ab14cf6-61cb-4f6d-8f7c-07b5b9d03fd2,overdue_invoice,2026-07-27T14:37:39.882669+00:00,69358.54,cust_slow_b_1095,overdue,2,20.71,"{""total_past_payments"": 12, ""past_successful_payments"": 10, ""past_recovery_rate"": 0.8333}",12,10,0.8333,slow_but_reliable_payer,1,0.539,REMINDER,APPROVED,REMINDER,SUCCESS,69358.54,"The invoice of ₹69,358.54 INR is overdue with 2 previous attempt(s). The customer has a solid historical recovery rate of 83.3%, indicating willingness to pay once notified. Sending a formal payment reminder notice is the most effective approach to prompt settlement."
67f2e67b-9799-48c6-9b61-7bcff6a35dea,payment_failure,2026-08-07T22:29:51.904247+00:00,14237.57,cust_reliab_5635,insufficient_funds,1,0.5,"{""total_past_payments"": 13, ""past_successful_payments"": 13, ""past_recovery_rate"": 1.0}",13,13,1.0,reliable_temporary_glitch,1,0.7426,RETRY,APPROVED,RETRY,SUCCESS,14237.57,The failure reason 'insufficient_funds' appears transient with an estimated recovery probability of 96.9%. The customer maintains a healthy historical success rate of 100.0% across 13 past payments. An automated payment gateway retry within standard cooldown limits is recommended.
4a157f25-d2a6-4dd9-84ff-74e4b85b135e,payment_failure,2026-08-09T13:33:11.051252+00:00,26020.97,cust_slow_b_7592,overdue,2,7.23,"{""total_past_payments"": 10, ""past_successful_payments"": 7, ""past_recovery_rate"": 0.7}",10,7,0.7,slow_but_reliable_payer,1,0.2213,PAYMENT_LINK,APPROVED,PAYMENT_LINK,SUCCESS,26020.97,"This is a high-value transaction of ₹26,020.97 INR that requires customer-initiated 2FA authentication. Automated gateway retries frequently fail for transactions of this scale due to bank security policies. Sending a secure payment link directly to the customer provides a seamless authentication flow and yields optimal recovery."
78424c5d-aabc-4d7f-aef8-536fd397aeda,overdue_invoice,2026-08-17T21:53:51.932578+00:00,54176.06,cust_slow_b_3151,overdue,2,23.4,"{""total_past_payments"": 13, ""past_successful_payments"": 12, ""past_recovery_rate"": 0.9231}",13,12,0.9231,slow_but_reliable_payer,1,0.8619,REMINDER,APPROVED,REMINDER,SUCCESS,54176.06,"The invoice of ₹54,176.06 INR is overdue with 2 previous attempt(s). The customer has a solid historical recovery rate of 92.3%, indicating willingness to pay once notified. Sending a formal payment reminder notice is the most effective approach to prompt settlement."
8ee4961a-67d2-4da5-957e-3b46e24dd4fb,payment_failure,2026-08-09T21:18:24.223289+00:00,4392.95,cust_reliab_4053,network_error,2,0.27,"{""total_past_payments"": 37, ""past_successful_payments"": 36, ""past_recovery_rate"": 0.973}",37,36,0.973,reliable_temporary_glitch,1,0.9768,RETRY,APPROVED,RETRY,SUCCESS,4392.95,The failure reason 'network_error' appears transient with an estimated recovery probability of 88.5%. The customer maintains a healthy historical success rate of 97.3% across 37 past payments. An automated payment gateway retry within standard cooldown limits is recommended.
c9bcf608-f493-4d50-ada1-15811794cac7,checkout_abandonment,2026-08-11T06:40:29.630934+00:00,5803.71,cust_checko_9638,abandoned,1,2.01,"{""total_past_payments"": 2, ""past_successful_payments"": 1, ""past_recovery_rate"": 0.5}",2,1,0.5,checkout_abandoner,1,0.4299,REMINDER,APPROVED,REMINDER,SUCCESS,5803.71,"The customer abandoned checkout for an order worth ₹5,803.71 INR. Since no transaction was submitted to the payment gateway, automated retries are inapplicable. We recommend sending a targeted checkout reminder notice with an instant payment link."
8cd51c68-fa1a-4ceb-9213-838db5532436,checkout_abandonment,2026-08-07T04:51:03.616867+00:00,2166.41,cust_checko_9570,abandoned,1,2.12,"{""total_past_payments"": 4, ""past_successful_payments"": 2, ""past_recovery_rate"": 0.5}",4,2,0.5,checkout_abandoner,0,0.8874,REMINDER,APPROVED,REMINDER,FAILED,0.0,"The customer abandoned checkout for an order worth ₹2,166.41 INR. Since no transaction was submitted to the payment gateway, automated retries are inapplicable. We recommend sending a targeted checkout reminder notice with an instant payment link."
70ac58b5-1682-43d5-81d6-b41669f4cc20,payment_failure,2026-07-25T00:16:25.458274+00:00,7944.51,cust_reliab_5151,insufficient_funds,2,0.88,"{""total_past_payments"": 39, ""past_successful_payments"": 37, ""past_recovery_rate"": 0.9487}",39,37,0.9487,reliable_temporary_glitch,1,0.6618,RETRY,APPROVED,RETRY,SUCCESS,7944.51,The failure reason 'insufficient_funds' appears transient with an estimated recovery probability of 72.9%. The customer maintains a healthy historical success rate of 94.9% across 39 past payments. An automated payment gateway retry within standard cooldown limits is recommended.
3cd91c9d-9dc7-43b3-b7b6-6cca83380805,payment_failure,2026-08-07T15:27:30.053004+00:00,11899.57,cust_reliab_5876,insufficient_funds,2,0.19,"{""total_past_payments"": 36, ""past_successful_payments"": 35, ""past_recovery_rate"": 0.9722}",36,35,0.9722,reliable_temporary_glitch,1,0.6453,RETRY,APPROVED,RETRY,SUCCESS,11899.57,The failure reason 'insufficient_funds' appears transient with an estimated recovery probability of 95.9%. The customer maintains a healthy historical success rate of 97.2% across 36 past payments. An automated payment gateway retry within standard cooldown limits is recommended.
b6921816-0576-4ed1-ba26-179c3a09ca37,subscription_failure,2026-08-08T00:46:07.303790+00:00,6501.11,cust_chroni_2281,expired_card,5,6.8,"{""total_past_payments"": 7, ""past_successful_payments"": 1, ""past_recovery_rate"": 0.1429}",7,1,0.1429,chronic_failer,0,0.1685,STOP,APPROVED,STOP,NO_ACTION,0.0,"The predicted recovery probability is extremely low (3.0%), indicating high likelihood of permanent failure. Given 5 prior failed attempt(s) and poor past payment performance, continuing automated attempts would incur unnecessary fees and annoy the customer. We recommend halting all recovery efforts for this invoice."
cb4bcca8-b200-45dc-9876-ed87ee3fba65,overdue_invoice,2026-08-21T08:31:16.671058+00:00,20501.04,cust_slow_b_8974,overdue,1,21.4,"{""total_past_payments"": 18, ""past_successful_payments"": 16, ""past_recovery_rate"": 0.8889}",18,16,0.8889,slow_but_reliable_payer,1,0.8305,REMINDER,APPROVED,REMINDER,SUCCESS,20501.04,"The invoice of ₹20,501.04 INR is overdue with 1 previous attempt(s). The customer has a solid historical recovery rate of 88.9%, indicating willingness to pay once notified. Sending a formal payment reminder notice is the most effective approach to prompt settlement."
cc817434-bc25-4e3a-a4c0-5a017c365cb2,checkout_abandonment,2026-07-31T19:27:15.614053+00:00,11574.29,cust_checko_1227,abandoned,2,2.45,"{""total_past_payments"": 1, ""past_successful_payments"": 0, ""past_recovery_rate"": 0.0}",1,0,0.0,checkout_abandoner,0,0.4286,REMINDER,APPROVED,REMINDER,FAILED,0.0,"The customer abandoned checkout for an order worth ₹11,574.29 INR. Since no transaction was submitted to the payment gateway, automated retries are inapplicable. We recommend sending a targeted checkout reminder notice with an instant payment link."
e860dcae-9089-4e19-826a-2da4785c8a8a,payment_failure,2026-08-07T02:19:36.509197+00:00,1332.2,cust_chroni_5930,card_declined,4,3.61,"{""total_past_payments"": 19, ""past_successful_payments"": 2, ""past_recovery_rate"": 0.1053}",19,2,0.1053,chronic_failer,0,0.1288,STOP,APPROVED,STOP,NO_ACTION,0.0,"The predicted recovery probability is extremely low (5.1%), indicating high likelihood of permanent failure. Given 4 prior failed attempt(s) and poor past payment performance, continuing automated attempts would incur unnecessary fees and annoy the customer. We recommend halting all recovery efforts for this invoice."
4e90184c-d5fb-4d7f-9507-c55552c50019,overdue_invoice,2026-08-18T00:52:51.015154+00:00,91217.38,cust_slow_b_8364,overdue,3,22.56,"{""total_past_payments"": 19, ""past_successful_payments"": 16, ""past_recovery_rate"": 0.8421}",19,16,0.8421,slow_but_reliable_payer,1,0.8884,REMINDER,APPROVED,REMINDER,SUCCESS,91217.38,"The invoice of ₹91,217.38 INR is overdue with 3 previous attempt(s). The customer has a solid historical recovery rate of 84.2%, indicating willingness to pay once notified. Sending a formal payment reminder notice is the most effective approach to prompt settlement."
67826677-b8d3-40f0-8443-f729eda44c1c,subscription_failure,2026-08-21T07:03:42.139146+00:00,9640.94,cust_reliab_5764,network_error,2,1.96,"{""total_past_payments"": 41, ""past_successful_payments"": 39, ""past_recovery_rate"": 0.9512}",41,39,0.9512,reliable_temporary_glitch,1,0.9659,RETRY,APPROVED,RETRY,SUCCESS,9640.94,The failure reason 'network_error' appears transient with an estimated recovery probability of 90.3%. The customer maintains a healthy historical success rate of 95.1% across 41 past payments. An automated payment gateway retry within standard cooldown limits is recommended.
dc3e3317-89b9-4f2b-b195-8a44f6a76911,overdue_invoice,2026-07-30T19:00:32.307463+00:00,94175.29,cust_slow_b_7914,overdue,2,10.8,"{""total_past_payments"": 5, ""past_successful_payments"": 4, ""past_recovery_rate"": 0.8}",5,4,0.8,slow_but_reliable_payer,1,0.9672,REMINDER,APPROVED,REMINDER,SUCCESS,94175.29,"The invoice of ₹94,175.29 INR is overdue with 2 previous attempt(s). The customer has a solid historical recovery rate of 80.0%, indicating willingness to pay once notified. Sending a formal payment reminder notice is the most effective approach to prompt settlement."
89d1d7fa-95e9-4b3a-8ec8-734d934f3789,overdue_invoice,2026-08-18T00:32:01.876193+00:00,66042.7,cust_slow_b_5718,insufficient_funds,3,13.67,"{""total_past_payments"": 17, ""past_successful_payments"": 12, ""past_recovery_rate"": 0.7059}",17,12,0.7059,slow_but_reliable_payer,0,0.8533,REMINDER,APPROVED,REMINDER,FAILED,0.0,"The invoice of ₹66,042.70 INR is overdue with 3 previous attempt(s). The customer has a solid historical recovery rate of 70.6%, indicating willingness to pay once notified. Sending a formal payment reminder notice is the most effective approach to prompt settlement."
70bdd470-0f26-4e3d-8b44-2da3facddc74,payment_failure,2026-08-06T07:13:59.905433+00:00,9021.05,cust_reliab_5806,network_error,2,1.85,"{""total_past_payments"": 39, ""past_successful_payments"": 34, ""past_recovery_rate"": 0.8718}",39,34,0.8718,reliable_temporary_glitch,1,0.9884,RETRY,APPROVED,RETRY,SUCCESS,9021.05,The failure reason 'network_error' appears transient with an estimated recovery probability of 93.8%. The customer maintains a healthy historical success rate of 87.2% across 39 past payments. An automated payment gateway retry within standard cooldown limits is recommended.
ac92c48a-ce10-4d58-a063-ac0b0f3ecd77,payment_failure,2026-08-10T17:20:49.843994+00:00,52509.24,cust_slow_b_2412,overdue,1,20.55,"{""total_past_payments"": 13, ""past_successful_payments"": 11, ""past_recovery_rate"": 0.8462}",13,11,0.8462,slow_but_reliable_payer,0,0.954,PAYMENT_LINK,APPROVED,PAYMENT_LINK,FAILED,0.0,"This is a high-value transaction of ₹52,509.24 INR that requires customer-initiated 2FA authentication. Automated gateway retries frequently fail for transactions of this scale due to bank security policies. Sending a secure payment link directly to the customer provides a seamless authentication flow and yields optimal recovery."
e160a482-913e-4584-9f36-38a1c53b99d0,checkout_abandonment,2026-08-03T08:35:30.848669+00:00,1615.44,cust_checko_4431,abandoned,2,2.84,"{""total_past_payments"": 7, ""past_successful_payments"": 2, ""past_recovery_rate"": 0.2857}",7,2,0.2857,checkout_abandoner,0,0.0114,STOP,APPROVED,STOP,NO_ACTION,0.0,"The predicted recovery probability is extremely low (0.2%), indicating high likelihood of permanent failure. Given 2 prior failed attempt(s) and poor past payment performance, continuing automated attempts would incur unnecessary fees and annoy the customer. We recommend halting all recovery efforts for this invoice."
64a7db0e-2b34-46ae-b432-925d03411971,overdue_invoice,2026-08-16T06:56:11.526939+00:00,87351.55,cust_slow_b_2867,overdue,3,5.8,"{""total_past_payments"": 6, ""past_successful_payments"": 5, ""past_recovery_rate"": 0.8333}",6,5,0.8333,slow_but_reliable_payer,1,0.8395,REMINDER,APPROVED,REMINDER,SUCCESS,87351.55,"The invoice of ₹87,351.55 INR is overdue with 3 previous attempt(s). The customer has a solid historical recovery rate of 83.3%, indicating willingness to pay once notified. Sending a formal payment reminder notice is the most effective approach to prompt settlement."
142fca9b-9925-43bf-a379-99bcd5c270b3,payment_failure,2026-08-13T19:05:57.286007+00:00,5434.7,cust_reliab_3476,network_error,2,1.56,"{""total_past_payments"": 45, ""past_successful_payments"": 40, ""past_recovery_rate"": 0.8889}",45,40,0.8889,reliable_temporary_glitch,1,0.99,RETRY,APPROVED,RETRY,SUCCESS,5434.7,The failure reason 'network_error' appears transient with an estimated recovery probability of 99.7%. The customer maintains a healthy historical success rate of 88.9% across 45 past payments. An automated payment gateway retry within standard cooldown limits is recommended.
cf535a7f-a134-447f-8511-ac29e280c280,checkout_abandonment,2026-07-24T03:25:06.326336+00:00,9678.3,cust_checko_2669,abandoned,1,2.93,"{""total_past_payments"": 9, ""past_successful_payments"": 5, ""past_recovery_rate"": 0.5556}",9,5,0.5556,checkout_abandoner,0,0.5396,REMINDER,APPROVED,REMINDER,FAILED,0.0,"The customer abandoned checkout for an order worth ₹9,678.30 INR. Since no transaction was submitted to the payment gateway, automated retries are inapplicable. We recommend sending a targeted checkout reminder notice with an instant payment link."
d19a511e-1d28-4cf8-b4c0-da28917ba21e,overdue_invoice,2026-08-02T15:11:03.782432+00:00,88378.25,cust_slow_b_9288,overdue,2,8.93,"{""total_past_payments"": 13, ""past_successful_payments"": 11, ""past_recovery_rate"": 0.8462}",13,11,0.8462,slow_but_reliable_payer,1,0.9648,REMINDER,APPROVED,REMINDER,SUCCESS,88378.25,"The invoice of ₹88,378.25 INR is overdue with 2 previous attempt(s). The customer has a solid historical recovery rate of 84.6%, indicating willingness to pay once notified. Sending a formal payment reminder notice is the most effective approach to prompt settlement."
3e5b6a3c-d66b-4bb8-9b5a-1eda96a99e45,payment_failure,2026-08-17T20:10:59.122744+00:00,1774.74,cust_chroni_8760,insufficient_funds,6,5.62,"{""total_past_payments"": 2, ""past_successful_payments"": 0, ""past_recovery_rate"": 0.0}",2,0,0.0,chronic_failer,0,0.0027,STOP,APPROVED,STOP,NO_ACTION,0.0,"The predicted recovery probability is extremely low (1.1%), indicating high likelihood of permanent failure. Given 6 prior failed attempt(s) and poor past payment performance, continuing automated attempts would incur unnecessary fees and annoy the customer. We recommend halting all recovery efforts for this invoice."
f14cb7a0-cf09-4698-81f0-938bdf3a76f3,payment_failure,2026-08-10T08:34:37.237127+00:00,194840.17,cust_high_v_9677,card_declined,2,2.07,"{""total_past_payments"": 12, ""past_successful_payments"": 8, ""past_recovery_rate"": 0.6667}",12,8,0.6667,high_value_link_responder,0,0.4593,PAYMENT_LINK,APPROVED,PAYMENT_LINK,FAILED,0.0,"This is a high-value transaction of ₹194,840.17 INR that requires customer-initiated 2FA authentication. Automated gateway retries frequently fail for transactions of this scale due to bank security policies. Sending a secure payment link directly to the customer provides a seamless authentication flow and yields optimal recovery."
dad707b6-93bb-4ea8-850f-f46ea3548e87,payment_failure,2026-08-07T18:25:44.333851+00:00,6848.65,cust_chroni_1162,card_declined,5,6.66,"{""total_past_payments"": 16, ""past_successful_payments"": 1, ""past_recovery_rate"": 0.0625}",16,1,0.0625,chronic_failer,0,0.0073,STOP,APPROVED,STOP,NO_ACTION,0.0,"The predicted recovery probability is extremely low (1.8%), indicating high likelihood of permanent failure. Given 5 prior failed attempt(s) and poor past payment performance, continuing automated attempts would incur unnecessary fees and annoy the customer. We recommend halting all recovery efforts for this invoice."
4ea7d6b1-e317-456b-88b3-3b363b18146e,payment_failure,2026-08-11T09:09:09.271935+00:00,115371.45,cust_high_v_3473,card_declined,1,1.59,"{""total_past_payments"": 17, ""past_successful_payments"": 14, ""past_recovery_rate"": 0.8235}",17,14,0.8235,high_value_link_responder,1,0.6607,PAYMENT_LINK,APPROVED,PAYMENT_LINK,SUCCESS,115371.45,"This is a high-value transaction of ₹115,371.45 INR that requires customer-initiated 2FA authentication. Automated gateway retries frequently fail for transactions of this scale due to bank security policies. Sending a secure payment link directly to the customer provides a seamless authentication flow and yields optimal recovery."
cf4df730-9ca6-4e75-9c99-cb6858c1e7b6,subscription_failure,2026-08-05T22:29:26.758112+00:00,2506.65,cust_chroni_6139,expired_card,6,6.31,"{""total_past_payments"": 19, ""past_successful_payments"": 6, ""past_recovery_rate"": 0.3158}",19,6,0.3158,chronic_failer,0,0.0209,STOP,APPROVED,STOP,NO_ACTION,0.0,"The predicted recovery probability is extremely low (7.8%), indicating high likelihood of permanent failure. Given 6 prior failed attempt(s) and poor past payment performance, continuing automated attempts would incur unnecessary fees and annoy the customer. We recommend halting all recovery efforts for this invoice."
92465a2b-0740-42aa-a6ee-7c1988476f2d,checkout_abandonment,2026-08-05T16:43:16.096846+00:00,11081.2,cust_checko_8244,abandoned,2,1.45,"{""total_past_payments"": 3, ""past_successful_payments"": 2, ""past_recovery_rate"": 0.6667}",3,2,0.6667,checkout_abandoner,0,0.3769,STOP,APPROVED,STOP,NO_ACTION,0.0,"The predicted recovery probability is extremely low (17.6%), indicating high likelihood of permanent failure. Given 2 prior failed attempt(s) and poor past payment performance, continuing automated attempts would incur unnecessary fees and annoy the customer. We recommend halting all recovery efforts for this invoice."
0889e0dd-01b7-4721-8adb-87ede46e4c3c,checkout_abandonment,2026-08-12T11:37:42.854773+00:00,877.01,cust_checko_9860,abandoned,2,1.29,"{""total_past_payments"": 2, ""past_successful_payments"": 1, ""past_recovery_rate"": 0.5}",2,1,0.5,checkout_abandoner,1,0.7322,REMINDER,APPROVED,REMINDER,SUCCESS,877.01,"The customer abandoned checkout for an order worth ₹877.01 INR. Since no transaction was submitted to the payment gateway, automated retries are inapplicable. We recommend sending a targeted checkout reminder notice with an instant payment link."
501ee5da-36c4-41c7-a745-cfbb6742ecbd,payment_failure,2026-08-05T21:22:09.713173+00:00,11477.17,cust_reliab_4954,insufficient_funds,1,0.14,"{""total_past_payments"": 44, ""past_successful_payments"": 41, ""past_recovery_rate"": 0.9318}",44,41,0.9318,reliable_temporary_glitch,1,0.5107,RETRY,APPROVED,RETRY,SUCCESS,11477.17,The failure reason 'insufficient_funds' appears transient with an estimated recovery probability of 94.5%. The customer maintains a healthy historical success rate of 93.2% across 44 past payments. An automated payment gateway retry within standard cooldown limits is recommended.
33597cf3-e871-4bd5-96ee-98cf9747b1c0,checkout_abandonment,2026-07-27T06:47:27.996496+00:00,3450.19,cust_checko_8352,abandoned,2,0.55,"{""total_past_payments"": 10, ""past_successful_payments"": 7, ""past_recovery_rate"": 0.7}",10,7,0.7,checkout_abandoner,1,0.0846,REMINDER,BLOCKED: max_daily_contact_attempts_per_customer,STOP,NO_ACTION,0.0,"The customer abandoned checkout for an order worth ₹3,450.19 INR. Since no transaction was submitted to the payment gateway, automated retries are inapplicable. We recommend sending a targeted checkout reminder notice with an instant payment link."
ddfa87c6-8734-448b-8075-3fdf64ff9b0b,overdue_invoice,2026-07-23T01:00:24.417545+00:00,82484.88,cust_slow_b_4831,overdue,3,19.14,"{""total_past_payments"": 24, ""past_successful_payments"": 21, ""past_recovery_rate"": 0.875}",24,21,0.875,slow_but_reliable_payer,0,0.9128,REMINDER,APPROVED,REMINDER,FAILED,0.0,"The invoice of ₹82,484.88 INR is overdue with 3 previous attempt(s). The customer has a solid historical recovery rate of 87.5%, indicating willingness to pay once notified. Sending a formal payment reminder notice is the most effective approach to prompt settlement."
87ff717a-4b42-46f3-8beb-2ada3a2d9cfe,checkout_abandonment,2026-07-31T02:23:54.538356+00:00,6452.15,cust_checko_6919,abandoned,1,0.49,"{""total_past_payments"": 8, ""past_successful_payments"": 4, ""past_recovery_rate"": 0.5}",8,4,0.5,checkout_abandoner,0,0.7707,REMINDER,APPROVED,REMINDER,FAILED,0.0,"The customer abandoned checkout for an order worth ₹6,452.15 INR. Since no transaction was submitted to the payment gateway, automated retries are inapplicable. We recommend sending a targeted checkout reminder notice with an instant payment link."
491245b7-db2f-4757-b07f-b55dcc7eff5b,overdue_invoice,2026-08-09T04:03:11.023050+00:00,18302.38,cust_slow_b_2279,overdue,2,27.21,"{""total_past_payments"": 19, ""past_successful_payments"": 14, ""past_recovery_rate"": 0.7368}",19,14,0.7368,slow_but_reliable_payer,1,0.7402,REMINDER,APPROVED,REMINDER,SUCCESS,18302.38,"The invoice of ₹18,302.38 INR is overdue with 2 previous attempt(s). The customer has a solid historical recovery rate of 73.7%, indicating willingness to pay once notified. Sending a formal payment reminder notice is the most effective approach to prompt settlement."
85ee24fe-8743-484f-be4d-c23ec3ef800c,payment_failure,2026-08-13T14:52:18.180419+00:00,137236.14,cust_high_v_9020,card_declined,2,2.99,"{""total_past_payments"": 27, ""past_successful_payments"": 24, ""past_recovery_rate"": 0.8889}",27,24,0.8889,high_value_link_responder,0,0.5525,PAYMENT_LINK,APPROVED,PAYMENT_LINK,FAILED,0.0,"This is a high-value transaction of ₹137,236.14 INR that requires customer-initiated 2FA authentication. Automated gateway retries frequently fail for transactions of this scale due to bank security policies. Sending a secure payment link directly to the customer provides a seamless authentication flow and yields optimal recovery."
afaae296-f463-4e4a-9bc6-ef5295ce0448,overdue_invoice,2026-08-06T08:33:55.246453+00:00,53628.8,cust_slow_b_2934,overdue,2,8.23,"{""total_past_payments"": 20, ""past_successful_payments"": 18, ""past_recovery_rate"": 0.9}",20,18,0.9,slow_but_reliable_payer,1,0.5628,REMINDER,APPROVED,REMINDER,SUCCESS,53628.8,"The invoice of ₹53,628.80 INR is overdue with 2 previous attempt(s). The customer has a solid historical recovery rate of 90.0%, indicating willingness to pay once notified. Sending a formal payment reminder notice is the most effective approach to prompt settlement."
ac7d0ac6-d0d0-4d75-82c5-bed91bbc75cb,checkout_abandonment,2026-07-24T21:06:32.730275+00:00,1821.75,cust_checko_1659,abandoned,2,0.51,"{""total_past_payments"": 5, ""past_successful_payments"": 2, ""past_recovery_rate"": 0.4}",5,2,0.4,checkout_abandoner,0,0.2491,STOP,APPROVED,STOP,NO_ACTION,0.0,"The predicted recovery probability is extremely low (4.3%), indicating high likelihood of permanent failure. Given 2 prior failed attempt(s) and poor past payment performance, continuing automated attempts would incur unnecessary fees and annoy the customer. We recommend halting all recovery efforts for this invoice."
72e78cb6-c3db-4a52-966b-47b9a5691365,payment_failure,2026-08-10T07:07:12.575970+00:00,2493.05,cust_chroni_7910,card_declined,3,5.75,"{""total_past_payments"": 6, ""past_successful_payments"": 2, ""past_recovery_rate"": 0.3333}",6,2,0.3333,chronic_failer,0,0.0017,STOP,APPROVED,STOP,NO_ACTION,0.0,"The predicted recovery probability is extremely low (0.8%), indicating high likelihood of permanent failure. Given 3 prior failed attempt(s) and poor past payment performance, continuing automated attempts would incur unnecessary fees and annoy the customer. We recommend halting all recovery efforts for this invoice."
cef4aa9d-6c1c-4a6e-882d-83000ac33d51,checkout_abandonment,2026-08-06T20:47:59.118621+00:00,1862.89,cust_checko_7841,abandoned,2,0.39,"{""total_past_payments"": 0, ""past_successful_payments"": 0, ""past_recovery_rate"": 0.0}",0,0,0.0,checkout_abandoner,0,0.2934,REMINDER,BLOCKED: max_daily_contact_attempts_per_customer,STOP,NO_ACTION,0.0,"The customer abandoned checkout for an order worth ₹1,862.89 INR. Since no transaction was submitted to the payment gateway, automated retries are inapplicable. We recommend sending a targeted checkout reminder notice with an instant payment link."
5994a568-429c-45d8-a856-e0570f19f035,payment_failure,2026-08-11T09:29:54.417394+00:00,109893.77,cust_high_v_9270,network_error,3,2.58,"{""total_past_payments"": 9, ""past_successful_payments"": 7, ""past_recovery_rate"": 0.7778}",9,7,0.7778,high_value_link_responder,0,0.8512,PAYMENT_LINK,APPROVED,PAYMENT_LINK,FAILED,0.0,"This is a high-value transaction of ₹109,893.77 INR that requires customer-initiated 2FA authentication. Automated gateway retries frequently fail for transactions of this scale due to bank security policies. Sending a secure payment link directly to the customer provides a seamless authentication flow and yields optimal recovery."
6c847fa5-daf5-4e0a-93c6-c65016851744,payment_failure,2026-08-18T20:25:27.845379+00:00,165573.35,cust_high_v_6554,insufficient_funds,3,1.52,"{""total_past_payments"": 12, ""past_successful_payments"": 10, ""past_recovery_rate"": 0.8333}",12,10,0.8333,high_value_link_responder,1,0.807,PAYMENT_LINK,APPROVED,PAYMENT_LINK,SUCCESS,165573.35,"This is a high-value transaction of ₹165,573.35 INR that requires customer-initiated 2FA authentication. Automated gateway retries frequently fail for transactions of this scale due to bank security policies. Sending a secure payment link directly to the customer provides a seamless authentication flow and yields optimal recovery."
af626db0-0233-4d01-8016-e709644cd906,subscription_failure,2026-07-30T10:52:26.312410+00:00,170331.22,cust_high_v_6060,insufficient_funds,1,2.27,"{""total_past_payments"": 23, ""past_successful_payments"": 18, ""past_recovery_rate"": 0.7826}",23,18,0.7826,high_value_link_responder,1,0.8091,PAYMENT_LINK,APPROVED,PAYMENT_LINK,SUCCESS,170331.22,"This is a high-value transaction of ₹170,331.22 INR that requires customer-initiated 2FA authentication. Automated gateway retries frequently fail for transactions of this scale due to bank security policies. Sending a secure payment link directly to the customer provides a seamless authentication flow and yields optimal recovery."
d2b91316-f627-45ff-85a5-710aa556dab4,overdue_invoice,2026-08-04T05:23:42.604050+00:00,14758.69,cust_slow_b_1305,overdue,3,18.04,"{""total_past_payments"": 19, ""past_successful_payments"": 16, ""past_recovery_rate"": 0.8421}",19,16,0.8421,slow_but_reliable_payer,1,0.957,REMINDER,APPROVED,REMINDER,SUCCESS,14758.69,"The invoice of ₹14,758.69 INR is overdue with 3 previous attempt(s). The customer has a solid historical recovery rate of 84.2%, indicating willingness to pay once notified. Sending a formal payment reminder notice is the most effective approach to prompt settlement."
1006e040-b996-483d-ba69-30677ac6f164,subscription_failure,2026-08-20T23:04:12.747101+00:00,6336.7,cust_chroni_9741,card_declined,4,5.98,"{""total_past_payments"": 20, ""past_successful_payments"": 4, ""past_recovery_rate"": 0.2}",20,4,0.2,chronic_failer,1,0.0822,STOP,APPROVED,STOP,NO_ACTION,0.0,"The predicted recovery probability is extremely low (5.0%), indicating high likelihood of permanent failure. Given 4 prior failed attempt(s) and poor past payment performance, continuing automated attempts would incur unnecessary fees and annoy the customer. We recommend halting all recovery efforts for this invoice."
8dad782d-bb96-4a96-80e3-369a7e95884e,checkout_abandonment,2026-08-08T10:04:43.123554+00:00,5242.52,cust_checko_2627,abandoned,2,1.27,"{""total_past_payments"": 1, ""past_successful_payments"": 0, ""past_recovery_rate"": 0.0}",1,0,0.0,checkout_abandoner,0,0.1411,REMINDER,APPROVED,REMINDER,FAILED,0.0,"The customer abandoned checkout for an order worth ₹5,242.52 INR. Since no transaction was submitted to the payment gateway, automated retries are inapplicable. We recommend sending a targeted checkout reminder notice with an instant payment link."
6ff04f44-9031-4fd9-9ef8-e8d7999bfcfb,checkout_abandonment,2026-07-29T11:33:06.515579+00:00,2231.33,cust_checko_6329,abandoned,2,2.1,"{""total_past_payments"": 0, ""past_successful_payments"": 0, ""past_recovery_rate"": 0.0}",0,0,0.0,checkout_abandoner,1,0.5726,REMINDER,APPROVED,REMINDER,SUCCESS,2231.33,"The customer abandoned checkout for an order worth ₹2,231.33 INR. Since no transaction was submitted to the payment gateway, automated retries are inapplicable. We recommend sending a targeted checkout reminder notice with an instant payment link."
a5d5ae09-ab85-4b85-9c39-5e1ca1897b29,payment_failure,2026-07-25T17:45:47.709100+00:00,4240.05,cust_reliab_4874,network_error,1,0.2,"{""total_past_payments"": 25, ""past_successful_payments"": 24, ""past_recovery_rate"": 0.96}",25,24,0.96,reliable_temporary_glitch,1,0.9373,RETRY,APPROVED,RETRY,SUCCESS,4240.05,The failure reason 'network_error' appears transient with an estimated recovery probability of 98.0%. The customer maintains a healthy historical success rate of 96.0% across 25 past payments. An automated payment gateway retry within standard cooldown limits is recommended.
fb6b2895-e23c-4488-bfa2-a37e3a4900a2,checkout_abandonment,2026-08-18T01:52:21.359746+00:00,1150.3,cust_checko_7676,abandoned,2,1.75,"{""total_past_payments"": 1, ""past_successful_payments"": 0, ""past_recovery_rate"": 0.0}",1,0,0.0,checkout_abandoner,1,0.6704,REMINDER,APPROVED,REMINDER,SUCCESS,1150.3,"The customer abandoned checkout for an order worth ₹1,150.30 INR. Since no transaction was submitted to the payment gateway, automated retries are inapplicable. We recommend sending a targeted checkout reminder notice with an instant payment link."
fd1071ca-9c73-4782-b9e4-70aa539703bc,subscription_failure,2026-08-18T11:38:39.868239+00:00,6151.23,cust_chroni_9199,expired_card,4,2.83,"{""total_past_payments"": 15, ""past_successful_payments"": 3, ""past_recovery_rate"": 0.2}",15,3,0.2,chronic_failer,0,0.0571,ESCALATE,APPROVED,ESCALATE,PENDING,0.0,"Automated recovery has failed after 4 attempts for this transaction of ₹6,151.23 INR. With ML recovery probability estimated at 38.3%, automated retries have diminishing returns. Escalating to a human customer success representative is recommended for personalized outreach."
9a25d912-12bf-4e57-b6e7-7229fd2b9fcd,subscription_failure,2026-07-22T23:18:32.085196+00:00,200955.32,cust_high_v_1016,card_declined,3,2.88,"{""total_past_payments"": 22, ""past_successful_payments"": 16, ""past_recovery_rate"": 0.7273}",22,16,0.7273,high_value_link_responder,1,0.8488,PAYMENT_LINK,APPROVED,PAYMENT_LINK,SUCCESS,200955.32,"This is a high-value transaction of ₹200,955.32 INR that requires customer-initiated 2FA authentication. Automated gateway retries frequently fail for transactions of this scale due to bank security policies. Sending a secure payment link directly to the customer provides a seamless authentication flow and yields optimal recovery."
a8c9be89-f0bf-4298-a074-4e6002b9f186,overdue_invoice,2026-08-19T17:24:18.595520+00:00,92962.96,cust_slow_b_6757,overdue,2,19.95,"{""total_past_payments"": 25, ""past_successful_payments"": 20, ""past_recovery_rate"": 0.8}",25,20,0.8,slow_but_reliable_payer,0,0.962,REMINDER,APPROVED,REMINDER,FAILED,0.0,"The invoice of ₹92,962.96 INR is overdue with 2 previous attempt(s). The customer has a solid historical recovery rate of 80.0%, indicating willingness to pay once notified. Sending a formal payment reminder notice is the most effective approach to prompt settlement."
3e80f5c0-82ce-4c43-a6b0-eda7125f3ed9,payment_failure,2026-08-13T02:11:13.415084+00:00,1459.05,cust_chroni_3288,insufficient_funds,3,2.8,"{""total_past_payments"": 14, ""past_successful_payments"": 4, ""past_recovery_rate"": 0.2857}",14,4,0.2857,chronic_failer,0,0.0223,STOP,APPROVED,STOP,NO_ACTION,0.0,"The predicted recovery probability is extremely low (2.1%), indicating high likelihood of permanent failure. Given 3 prior failed attempt(s) and poor past payment performance, continuing automated attempts would incur unnecessary fees and annoy the customer. We recommend halting all recovery efforts for this invoice."
d8ed8f8e-a0b4-4f19-be8b-345f63811fe7,payment_failure,2026-07-28T11:15:01.689412+00:00,13317.01,cust_reliab_6269,network_error,2,1.31,"{""total_past_payments"": 38, ""past_successful_payments"": 34, ""past_recovery_rate"": 0.8947}",38,34,0.8947,reliable_temporary_glitch,1,0.8556,RETRY,APPROVED,RETRY,SUCCESS,13317.01,The failure reason 'network_error' appears transient with an estimated recovery probability of 84.1%. The customer maintains a healthy historical success rate of 89.5% across 38 past payments. An automated payment gateway retry within standard cooldown limits is recommended.
bd72aed3-4b9c-4b9e-b52b-00e2b8ef4345,checkout_abandonment,2026-08-21T01:18:05.270616+00:00,8440.81,cust_checko_1156,abandoned,1,1.9,"{""total_past_payments"": 0, ""past_successful_payments"": 0, ""past_recovery_rate"": 0.0}",0,0,0.0,checkout_abandoner,0,0.2551,REMINDER,APPROVED,REMINDER,FAILED,0.0,"The customer abandoned checkout for an order worth ₹8,440.81 INR. Since no transaction was submitted to the payment gateway, automated retries are inapplicable. We recommend sending a targeted checkout reminder notice with an instant payment link."
df8fb6e0-59fc-4eba-a314-e8f93f1847cc,subscription_failure,2026-08-05T09:16:35.547718+00:00,11915.93,cust_reliab_6783,insufficient_funds,1,1.12,"{""total_past_payments"": 38, ""past_successful_payments"": 36, ""past_recovery_rate"": 0.9474}",38,36,0.9474,reliable_temporary_glitch,0,0.9111,RETRY,APPROVED,RETRY,FAILED,0.0,The failure reason 'insufficient_funds' appears transient with an estimated recovery probability of 69.2%. The customer maintains a healthy historical success rate of 94.7% across 38 past payments. An automated payment gateway retry within standard cooldown limits is recommended.
e5aef135-65ce-49e3-a559-3d6f9c182f43,payment_failure,2026-08-09T22:16:13.593812+00:00,6745.34,cust_chroni_8283,expired_card,3,1.75,"{""total_past_payments"": 13, ""past_successful_payments"": 4, ""past_recovery_rate"": 0.3077}",13,4,0.3077,chronic_failer,0,0.0768,STOP,APPROVED,STOP,NO_ACTION,0.0,"The predicted recovery probability is extremely low (8.6%), indicating high likelihood of permanent failure. Given 3 prior failed attempt(s) and poor past payment performance, continuing automated attempts would incur unnecessary fees and annoy the customer. We recommend halting all recovery efforts for this invoice."
0c1cd901-d9e0-4830-b658-cbb27e4eb11a,overdue_invoice,2026-08-15T18:50:34.010533+00:00,83465.27,cust_slow_b_9090,overdue,3,12.58,"{""total_past_payments"": 11, ""past_successful_payments"": 8, ""past_recovery_rate"": 0.7273}",11,8,0.7273,slow_but_reliable_payer,0,0.9069,REMINDER,APPROVED,REMINDER,FAILED,0.0,"The invoice of ₹83,465.27 INR is overdue with 3 previous attempt(s). The customer has a solid historical recovery rate of 72.7%, indicating willingness to pay once notified. Sending a formal payment reminder notice is the most effective approach to prompt settlement."
5e573356-19db-489e-a611-eca4d753dc4c,payment_failure,2026-07-31T09:49:00.637151+00:00,4927.01,cust_chroni_5544,expired_card,3,2.18,"{""total_past_payments"": 14, ""past_successful_payments"": 1, ""past_recovery_rate"": 0.0714}",14,1,0.0714,chronic_failer,0,0.0671,STOP,APPROVED,STOP,NO_ACTION,0.0,"The predicted recovery probability is extremely low (12.1%), indicating high likelihood of permanent failure. Given 3 prior failed attempt(s) and poor past payment performance, continuing automated attempts would incur unnecessary fees and annoy the customer. We recommend halting all recovery efforts for this invoice."
2af62305-3d50-4db3-a183-295bf98a2f2c,checkout_abandonment,2026-08-01T01:24:53.980935+00:00,6977.37,cust_checko_4734,abandoned,1,1.85,"{""total_past_payments"": 1, ""past_successful_payments"": 0, ""past_recovery_rate"": 0.0}",1,0,0.0,checkout_abandoner,0,0.0539,STOP,APPROVED,STOP,NO_ACTION,0.0,"The predicted recovery probability is extremely low (13.3%), indicating high likelihood of permanent failure. Given 1 prior failed attempt(s) and poor past payment performance, continuing automated attempts would incur unnecessary fees and annoy the customer. We recommend halting all recovery efforts for this invoice."
320636cf-c925-4087-bb4b-4f984f639ce2,overdue_invoice,2026-07-27T02:24:38.951398+00:00,12080.58,cust_slow_b_8437,overdue,3,21.94,"{""total_past_payments"": 23, ""past_successful_payments"": 18, ""past_recovery_rate"": 0.7826}",23,18,0.7826,slow_but_reliable_payer,1,0.9766,REMINDER,APPROVED,REMINDER,SUCCESS,12080.58,"The invoice of ₹12,080.58 INR is overdue with 3 previous attempt(s). The customer has a solid historical recovery rate of 78.3%, indicating willingness to pay once notified. Sending a formal payment reminder notice is the most effective approach to prompt settlement."
a7b5ba0e-470d-4e65-bd72-b846624470f8,subscription_failure,2026-08-11T20:10:18.182056+00:00,6785.86,cust_chroni_6922,insufficient_funds,6,2.64,"{""total_past_payments"": 18, ""past_successful_payments"": 3, ""past_recovery_rate"": 0.1667}",18,3,0.1667,chronic_failer,0,0.0545,STOP,APPROVED,STOP,NO_ACTION,0.0,"The predicted recovery probability is extremely low (7.2%), indicating high likelihood of permanent failure. Given 6 prior failed attempt(s) and poor past payment performance, continuing automated attempts would incur unnecessary fees and annoy the customer. We recommend halting all recovery efforts for this invoice."
3e461e7a-f553-4232-88bf-80cf536868d6,payment_failure,2026-08-20T02:54:59.909549+00:00,13816.68,cust_reliab_2340,insufficient_funds,2,0.7,"{""total_past_payments"": 35, ""past_successful_payments"": 31, ""past_recovery_rate"": 0.8857}",35,31,0.8857,reliable_temporary_glitch,0,0.8162,RETRY,APPROVED,RETRY,FAILED,0.0,The failure reason 'insufficient_funds' appears transient with an estimated recovery probability of 81.1%. The customer maintains a healthy historical success rate of 88.6% across 35 past payments. An automated payment gateway retry within standard cooldown limits is recommended.
9039b239-1edc-4478-96c9-c1a4df3377ea,checkout_abandonment,2026-07-23T19:07:57.706036+00:00,11041.29,cust_checko_2584,abandoned,1,0.66,"{""total_past_payments"": 4, ""past_successful_payments"": 1, ""past_recovery_rate"": 0.25}",4,1,0.25,checkout_abandoner,1,0.3938,REMINDER,APPROVED,REMINDER,SUCCESS,11041.29,"The customer abandoned checkout for an order worth ₹11,041.29 INR. Since no transaction was submitted to the payment gateway, automated retries are inapplicable. We recommend sending a targeted checkout reminder notice with an instant payment link."
fd417f54-8e78-470e-a821-e97ff89da329,payment_failure,2026-07-28T14:43:55.689178+00:00,14058.38,cust_reliab_6583,network_error,2,0.57,"{""total_past_payments"": 40, ""past_successful_payments"": 35, ""past_recovery_rate"": 0.875}",40,35,0.875,reliable_temporary_glitch,1,0.8392,RETRY,APPROVED,RETRY,SUCCESS,14058.38,The failure reason 'network_error' appears transient with an estimated recovery probability of 78.7%. The customer maintains a healthy historical success rate of 87.5% across 40 past payments. An automated payment gateway retry within standard cooldown limits is recommended.
e2e59b78-02d2-49e8-ac15-b6636c426e70,overdue_invoice,2026-08-03T12:45:23.759754+00:00,49467.65,cust_slow_b_1994,overdue,1,20.63,"{""total_past_payments"": 22, ""past_successful_payments"": 16, ""past_recovery_rate"": 0.7273}",22,16,0.7273,slow_but_reliable_payer,0,0.87,REMINDER,APPROVED,REMINDER,FAILED,0.0,"The invoice of ₹49,467.65 INR is overdue with 1 previous attempt(s). The customer has a solid historical recovery rate of 72.7%, indicating willingness to pay once notified. Sending a formal payment reminder notice is the most effective approach to prompt settlement."
5aa7f654-86c3-4f9d-a583-217adf9cc0bd,payment_failure,2026-07-31T17:30:33.650870+00:00,201095.4,cust_high_v_8075,insufficient_funds,1,2.8,"{""total_past_payments"": 19, ""past_successful_payments"": 12, ""past_recovery_rate"": 0.6316}",19,12,0.6316,high_value_link_responder,1,0.2029,PAYMENT_LINK,APPROVED,PAYMENT_LINK,SUCCESS,201095.4,"This is a high-value transaction of ₹201,095.40 INR that requires customer-initiated 2FA authentication. Automated gateway retries frequently fail for transactions of this scale due to bank security policies. Sending a secure payment link directly to the customer provides a seamless authentication flow and yields optimal recovery."
5e72e483-e531-4103-ac1b-d693dbd22d45,overdue_invoice,2026-08-18T15:44:00.264146+00:00,77676.7,cust_slow_b_8428,overdue,1,26.61,"{""total_past_payments"": 25, ""past_successful_payments"": 21, ""past_recovery_rate"": 0.84}",25,21,0.84,slow_but_reliable_payer,1,0.7145,REMINDER,APPROVED,REMINDER,SUCCESS,77676.7,"The invoice of ₹77,676.70 INR is overdue with 1 previous attempt(s). The customer has a solid historical recovery rate of 84.0%, indicating willingness to pay once notified. Sending a formal payment reminder notice is the most effective approach to prompt settlement."
213afe2a-d9aa-460a-80b7-d1275c48460e,overdue_invoice,2026-08-02T22:53:06.679147+00:00,40565.48,cust_slow_b_4153,insufficient_funds,3,24.57,"{""total_past_payments"": 18, ""past_successful_payments"": 15, ""past_recovery_rate"": 0.8333}",18,15,0.8333,slow_but_reliable_payer,0,0.8902,REMINDER,APPROVED,REMINDER,FAILED,0.0,"The invoice of ₹40,565.48 INR is overdue with 3 previous attempt(s). The customer has a solid historical recovery rate of 83.3%, indicating willingness to pay once notified. Sending a formal payment reminder notice is the most effective approach to prompt settlement."
7bfa1d75-df60-4980-8498-8a479f020007,overdue_invoice,2026-07-25T09:35:05.257008+00:00,21338.35,cust_slow_b_8284,overdue,3,11.41,"{""total_past_payments"": 17, ""past_successful_payments"": 14, ""past_recovery_rate"": 0.8235}",17,14,0.8235,slow_but_reliable_payer,1,0.9532,REMINDER,APPROVED,REMINDER,SUCCESS,21338.35,"The invoice of ₹21,338.35 INR is overdue with 3 previous attempt(s). The customer has a solid historical recovery rate of 82.3%, indicating willingness to pay once notified. Sending a formal payment reminder notice is the most effective approach to prompt settlement."
9e5c4750-c7d4-40c6-9a10-214213241b4a,payment_failure,2026-08-17T16:48:03.769156+00:00,156517.52,cust_high_v_9866,card_declined,3,2.9,"{""total_past_payments"": 29, ""past_successful_payments"": 21, ""past_recovery_rate"": 0.7241}",29,21,0.7241,high_value_link_responder,1,0.7302,PAYMENT_LINK,APPROVED,PAYMENT_LINK,SUCCESS,156517.52,"This is a high-value transaction of ₹156,517.52 INR that requires customer-initiated 2FA authentication. Automated gateway retries frequently fail for transactions of this scale due to bank security policies. Sending a secure payment link directly to the customer provides a seamless authentication flow and yields optimal recovery."
7da4e969-7f18-4616-846d-92dc413f3051,overdue_invoice,2026-08-21T06:54:44.140454+00:00,62779.59,cust_slow_b_1894,overdue,3,8.62,"{""total_past_payments"": 11, ""past_successful_payments"": 9, ""past_recovery_rate"": 0.8182}",11,9,0.8182,slow_but_reliable_payer,1,0.9666,REMINDER,APPROVED,REMINDER,SUCCESS,62779.59,"The invoice of ₹62,779.59 INR is overdue with 3 previous attempt(s). The customer has a solid historical recovery rate of 81.8%, indicating willingness to pay once notified. Sending a formal payment reminder notice is the most effective approach to prompt settlement."
da842187-5ada-4acc-a00f-4226c0d83f56,payment_failure,2026-07-25T06:36:39.709725+00:00,11886.33,cust_reliab_8657,network_error,2,0.46,"{""total_past_payments"": 40, ""past_successful_payments"": 38, ""past_recovery_rate"": 0.95}",40,38,0.95,reliable_temporary_glitch,1,0.982,RETRY,APPROVED,RETRY,SUCCESS,11886.33,The failure reason 'network_error' appears transient with an estimated recovery probability of 97.0%. The customer maintains a healthy historical success rate of 95.0% across 40 past payments. An automated payment gateway retry within standard cooldown limits is recommended.
47138fbb-3f36-40e1-b4a5-89d7ab81e1f8,subscription_failure,2026-08-08T23:16:14.088385+00:00,1465.78,cust_chroni_1060,expired_card,6,6.26,"{""total_past_payments"": 3, ""past_successful_payments"": 1, ""past_recovery_rate"": 0.3333}",3,1,0.3333,chronic_failer,0,0.0108,STOP,APPROVED,STOP,NO_ACTION,0.0,"The predicted recovery probability is extremely low (0.3%), indicating high likelihood of permanent failure. Given 6 prior failed attempt(s) and poor past payment performance, continuing automated attempts would incur unnecessary fees and annoy the customer. We recommend halting all recovery efforts for this invoice."
7df4b0b2-3f7c-4ed5-9f73-1398a06e152b,overdue_invoice,2026-08-15T03:16:17.264140+00:00,53267.16,cust_slow_b_4018,overdue,2,25.18,"{""total_past_payments"": 16, ""past_successful_payments"": 12, ""past_recovery_rate"": 0.75}",16,12,0.75,slow_but_reliable_payer,1,0.8572,REMINDER,APPROVED,REMINDER,SUCCESS,53267.16,"The invoice of ₹53,267.16 INR is overdue with 2 previous attempt(s). The customer has a solid historical recovery rate of 75.0%, indicating willingness to pay once notified. Sending a formal payment reminder notice is the most effective approach to prompt settlement."
0253e6bb-076f-4cc9-80a7-9e5a06ae29e0,payment_failure,2026-08-17T06:12:06.361596+00:00,3635.18,cust_chroni_5654,expired_card,5,1.26,"{""total_past_payments"": 2, ""past_successful_payments"": 0, ""past_recovery_rate"": 0.0}",2,0,0.0,chronic_failer,0,0.0214,STOP,APPROVED,STOP,NO_ACTION,0.0,"The predicted recovery probability is extremely low (0.2%), indicating high likelihood of permanent failure. Given 5 prior failed attempt(s) and poor past payment performance, continuing automated attempts would incur unnecessary fees and annoy the customer. We recommend halting all recovery efforts for this invoice."
67fee4cf-4094-435f-bcf9-3dd2171a2d23,subscription_failure,2026-08-11T08:03:45.333943+00:00,149763.61,cust_high_v_2657,insufficient_funds,1,0.99,"{""total_past_payments"": 10, ""past_successful_payments"": 9, ""past_recovery_rate"": 0.9}",10,9,0.9,high_value_link_responder,1,0.5809,PAYMENT_LINK,APPROVED,PAYMENT_LINK,SUCCESS,149763.61,"This is a high-value transaction of ₹149,763.61 INR that requires customer-initiated 2FA authentication. Automated gateway retries frequently fail for transactions of this scale due to bank security policies. Sending a secure payment link directly to the customer provides a seamless authentication flow and yields optimal recovery."
047caa24-a124-430f-ab04-0304bdfb7f12,subscription_failure,2026-07-24T10:43:44.517848+00:00,93641.29,cust_high_v_9633,card_declined,1,1.42,"{""total_past_payments"": 16, ""past_successful_payments"": 13, ""past_recovery_rate"": 0.8125}",16,13,0.8125,high_value_link_responder,0,0.9297,PAYMENT_LINK,APPROVED,PAYMENT_LINK,FAILED,0.0,"This is a high-value transaction of ₹93,641.29 INR that requires customer-initiated 2FA authentication. Automated gateway retries frequently fail for transactions of this scale due to bank security policies. Sending a secure payment link directly to the customer provides a seamless authentication flow and yields optimal recovery."
eed94f7e-69f5-448a-9cad-031884582871,subscription_failure,2026-07-26T04:17:31.003785+00:00,39709.94,cust_high_v_4140,insufficient_funds,1,2.71,"{""total_past_payments"": 9, ""past_successful_payments"": 8, ""past_recovery_rate"": 0.8889}",9,8,0.8889,high_value_link_responder,1,0.8349,PAYMENT_LINK,APPROVED,PAYMENT_LINK,SUCCESS,39709.94,"This is a high-value transaction of ₹39,709.94 INR that requires customer-initiated 2FA authentication. Automated gateway retries frequently fail for transactions of this scale due to bank security policies. Sending a secure payment link directly to the customer provides a seamless authentication flow and yields optimal recovery."
3b3f219c-1bb9-478f-a949-669805010832,payment_failure,2026-07-24T21:36:05.040172+00:00,196693.53,cust_high_v_3434,network_error,3,0.97,"{""total_past_payments"": 22, ""past_successful_payments"": 15, ""past_recovery_rate"": 0.6818}",22,15,0.6818,high_value_link_responder,1,0.8499,PAYMENT_LINK,APPROVED,PAYMENT_LINK,SUCCESS,196693.53,"This is a high-value transaction of ₹196,693.53 INR that requires customer-initiated 2FA authentication. Automated gateway retries frequently fail for transactions of this scale due to bank security policies. Sending a secure payment link directly to the customer provides a seamless authentication flow and yields optimal recovery."
e8adb08f-71ad-4863-ad81-5c054ad00ca2,overdue_invoice,2026-07-26T08:16:41.208824+00:00,86635.24,cust_slow_b_8711,overdue,3,27.15,"{""total_past_payments"": 10, ""past_successful_payments"": 9, ""past_recovery_rate"": 0.9}",10,9,0.9,slow_but_reliable_payer,1,0.9397,REMINDER,APPROVED,REMINDER,SUCCESS,86635.24,"The invoice of ₹86,635.24 INR is overdue with 3 previous attempt(s). The customer has a solid historical recovery rate of 90.0%, indicating willingness to pay once notified. Sending a formal payment reminder notice is the most effective approach to prompt settlement."
e7155118-ea4a-4939-9301-bc91dd14ee8b,payment_failure,2026-07-29T23:54:47.065364+00:00,3119.28,cust_chroni_8918,insufficient_funds,6,2.07,"{""total_past_payments"": 13, ""past_successful_payments"": 3, ""past_recovery_rate"": 0.2308}",13,3,0.2308,chronic_failer,0,0.2071,STOP,APPROVED,STOP,NO_ACTION,0.0,"The predicted recovery probability is extremely low (4.3%), indicating high likelihood of permanent failure. Given 6 prior failed attempt(s) and poor past payment performance, continuing automated attempts would incur unnecessary fees and annoy the customer. We recommend halting all recovery efforts for this invoice."
11a4bd2e-308c-426a-b1ef-c87840de823a,overdue_invoice,2026-08-09T12:03:00.061051+00:00,92906.67,cust_slow_b_4325,overdue,3,21.24,"{""total_past_payments"": 10, ""past_successful_payments"": 8, ""past_recovery_rate"": 0.8}",10,8,0.8,slow_but_reliable_payer,1,0.7798,REMINDER,APPROVED,REMINDER,SUCCESS,92906.67,"The invoice of ₹92,906.67 INR is overdue with 3 previous attempt(s). The customer has a solid historical recovery rate of 80.0%, indicating willingness to pay once notified. Sending a formal payment reminder notice is the most effective approach to prompt settlement."
641e1915-5cc6-4c53-9b7a-7a9a9c54573b,payment_failure,2026-08-16T19:32:25.676261+00:00,6770.97,cust_chroni_5834,card_declined,5,4.3,"{""total_past_payments"": 6, ""past_successful_payments"": 2, ""past_recovery_rate"": 0.3333}",6,2,0.3333,chronic_failer,0,0.0086,STOP,APPROVED,STOP,NO_ACTION,0.0,"The predicted recovery probability is extremely low (0.6%), indicating high likelihood of permanent failure. Given 5 prior failed attempt(s) and poor past payment performance, continuing automated attempts would incur unnecessary fees and annoy the customer. We recommend halting all recovery efforts for this invoice."
d9bfca5e-e2d7-4f18-8128-5736da738a4b,payment_failure,2026-08-07T13:44:56.212013+00:00,5044.78,cust_chroni_9151,expired_card,6,3.71,"{""total_past_payments"": 15, ""past_successful_payments"": 3, ""past_recovery_rate"": 0.2}",15,3,0.2,chronic_failer,0,0.0152,STOP,APPROVED,STOP,NO_ACTION,0.0,"The predicted recovery probability is extremely low (7.1%), indicating high likelihood of permanent failure. Given 6 prior failed attempt(s) and poor past payment performance, continuing automated attempts would incur unnecessary fees and annoy the customer. We recommend halting all recovery efforts for this invoice."
5ce31ec3-6cb4-486f-850a-c09b3312fe42,payment_failure,2026-08-10T18:11:03.387903+00:00,1695.07,cust_reliab_2168,insufficient_funds,1,1.59,"{""total_past_payments"": 24, ""past_successful_payments"": 21, ""past_recovery_rate"": 0.875}",24,21,0.875,reliable_temporary_glitch,1,0.7998,RETRY,APPROVED,RETRY,SUCCESS,1695.07,The failure reason 'insufficient_funds' appears transient with an estimated recovery probability of 33.9%. The customer maintains a healthy historical success rate of 87.5% across 24 past payments. An automated payment gateway retry within standard cooldown limits is recommended.
0a8a4152-7985-4168-84d8-e16a5d6576f7,payment_failure,2026-08-01T06:39:14.089286+00:00,4125.34,cust_reliab_9898,network_error,2,0.46,"{""total_past_payments"": 48, ""past_successful_payments"": 48, ""past_recovery_rate"": 1.0}",48,48,1.0,reliable_temporary_glitch,1,0.9712,RETRY,APPROVED,RETRY,SUCCESS,4125.34,The failure reason 'network_error' appears transient with an estimated recovery probability of 91.3%. The customer maintains a healthy historical success rate of 100.0% across 48 past payments. An automated payment gateway retry within standard cooldown limits is recommended.
f3ca6bda-7983-4281-af72-8c23ef30e19b,subscription_failure,2026-08-09T09:59:13.797291+00:00,6383.5,cust_reliab_3445,insufficient_funds,1,1.0,"{""total_past_payments"": 42, ""past_successful_payments"": 42, ""past_recovery_rate"": 1.0}",42,42,1.0,reliable_temporary_glitch,0,0.9043,RETRY,APPROVED,RETRY,FAILED,0.0,The failure reason 'insufficient_funds' appears transient with an estimated recovery probability of 89.5%. The customer maintains a healthy historical success rate of 100.0% across 42 past payments. An automated payment gateway retry within standard cooldown limits is recommended.
5739fdf0-04d4-400b-866f-36367bfe0b99,payment_failure,2026-08-15T05:37:16.221647+00:00,77587.72,cust_high_v_8559,insufficient_funds,3,2.46,"{""total_past_payments"": 29, ""past_successful_payments"": 21, ""past_recovery_rate"": 0.7241}",29,21,0.7241,high_value_link_responder,0,0.9434,PAYMENT_LINK,APPROVED,PAYMENT_LINK,FAILED,0.0,"This is a high-value transaction of ₹77,587.72 INR that requires customer-initiated 2FA authentication. Automated gateway retries frequently fail for transactions of this scale due to bank security policies. Sending a secure payment link directly to the customer provides a seamless authentication flow and yields optimal recovery."
acc54d6c-1411-408f-90d2-30f6a8df4fb3,overdue_invoice,2026-08-08T23:59:45.330697+00:00,49481.27,cust_slow_b_3102,insufficient_funds,3,5.75,"{""total_past_payments"": 8, ""past_successful_payments"": 7, ""past_recovery_rate"": 0.875}",8,7,0.875,slow_but_reliable_payer,1,0.6398,REMINDER,APPROVED,REMINDER,SUCCESS,49481.27,"The invoice of ₹49,481.27 INR is overdue with 3 previous attempt(s). The customer has a solid historical recovery rate of 87.5%, indicating willingness to pay once notified. Sending a formal payment reminder notice is the most effective approach to prompt settlement."
4a279969-07ff-4816-8985-882e20c1134e,subscription_failure,2026-08-01T18:21:37.928215+00:00,5642.61,cust_reliab_9808,network_error,1,0.9,"{""total_past_payments"": 35, ""past_successful_payments"": 33, ""past_recovery_rate"": 0.9429}",35,33,0.9429,reliable_temporary_glitch,1,0.4731,RETRY,APPROVED,RETRY,SUCCESS,5642.61,The failure reason 'network_error' appears transient with an estimated recovery probability of 90.2%. The customer maintains a healthy historical success rate of 94.3% across 35 past payments. An automated payment gateway retry within standard cooldown limits is recommended.
6ee6abed-9987-40f5-8b31-fb9a649c5fa8,payment_failure,2026-07-23T05:06:57.554986+00:00,7955.21,cust_chroni_2043,card_declined,6,6.88,"{""total_past_payments"": 8, ""past_successful_payments"": 3, ""past_recovery_rate"": 0.375}",8,3,0.375,chronic_failer,0,0.0502,STOP,APPROVED,STOP,NO_ACTION,0.0,"The predicted recovery probability is extremely low (2.4%), indicating high likelihood of permanent failure. Given 6 prior failed attempt(s) and poor past payment performance, continuing automated attempts would incur unnecessary fees and annoy the customer. We recommend halting all recovery efforts for this invoice."
5bb528cd-a19e-44a9-9a29-f8090afbdaf1,payment_failure,2026-08-04T10:40:49.365050+00:00,126595.45,cust_high_v_3910,card_declined,2,0.73,"{""total_past_payments"": 8, ""past_successful_payments"": 6, ""past_recovery_rate"": 0.75}",8,6,0.75,high_value_link_responder,1,0.5492,PAYMENT_LINK,APPROVED,PAYMENT_LINK,SUCCESS,126595.45,"This is a high-value transaction of ₹126,595.45 INR that requires customer-initiated 2FA authentication. Automated gateway retries frequently fail for transactions of this scale due to bank security policies. Sending a secure payment link directly to the customer provides a seamless authentication flow and yields optimal recovery."
2f278c5a-3805-49ed-8383-f7b1351305d1,overdue_invoice,2026-07-23T15:22:30.386741+00:00,35543.59,cust_slow_b_1941,overdue,1,12.28,"{""total_past_payments"": 20, ""past_successful_payments"": 14, ""past_recovery_rate"": 0.7}",20,14,0.7,slow_but_reliable_payer,1,0.7184,REMINDER,APPROVED,REMINDER,SUCCESS,35543.59,"The invoice of ₹35,543.59 INR is overdue with 1 previous attempt(s). The customer has a solid historical recovery rate of 70.0%, indicating willingness to pay once notified. Sending a formal payment reminder notice is the most effective approach to prompt settlement."
fafd542c-2507-4421-a0ec-72e5cfcda9d2,checkout_abandonment,2026-07-25T05:39:58.415879+00:00,4967.27,cust_checko_2126,abandoned,1,0.56,"{""total_past_payments"": 6, ""past_successful_payments"": 3, ""past_recovery_rate"": 0.5}",6,3,0.5,checkout_abandoner,1,0.4045,REMINDER,APPROVED,REMINDER,SUCCESS,4967.27,"The customer abandoned checkout for an order worth ₹4,967.27 INR. Since no transaction was submitted to the payment gateway, automated retries are inapplicable. We recommend sending a targeted checkout reminder notice with an instant payment link."
ad47f45b-2ce9-4f1d-a16c-0caeff7b97e9,subscription_failure,2026-07-27T23:50:45.576511+00:00,174578.35,cust_high_v_9232,card_declined,1,2.01,"{""total_past_payments"": 14, ""past_successful_payments"": 11, ""past_recovery_rate"": 0.7857}",14,11,0.7857,high_value_link_responder,0,0.8067,PAYMENT_LINK,APPROVED,PAYMENT_LINK,FAILED,0.0,"This is a high-value transaction of ₹174,578.35 INR that requires customer-initiated 2FA authentication. Automated gateway retries frequently fail for transactions of this scale due to bank security policies. Sending a secure payment link directly to the customer provides a seamless authentication flow and yields optimal recovery."
7046cc9e-9c54-434a-a6be-f88c331d26dd,payment_failure,2026-07-22T19:08:59.662669+00:00,3676.71,cust_chroni_9043,card_declined,6,4.63,"{""total_past_payments"": 9, ""past_successful_payments"": 2, ""past_recovery_rate"": 0.2222}",9,2,0.2222,chronic_failer,0,0.0109,STOP,APPROVED,STOP,NO_ACTION,0.0,"The predicted recovery probability is extremely low (0.2%), indicating high likelihood of permanent failure. Given 6 prior failed attempt(s) and poor past payment performance, continuing automated attempts would incur unnecessary fees and annoy the customer. We recommend halting all recovery efforts for this invoice."
17ae033d-61b6-4e7f-a053-9b43ce78dcd7,payment_failure,2026-08-07T20:11:25.506532+00:00,10654.59,cust_reliab_3942,insufficient_funds,2,0.84,"{""total_past_payments"": 21, ""past_successful_payments"": 19, ""past_recovery_rate"": 0.9048}",21,19,0.9048,reliable_temporary_glitch,0,0.9605,RETRY,APPROVED,RETRY,FAILED,0.0,The failure reason 'insufficient_funds' appears transient with an estimated recovery probability of 89.9%. The customer maintains a healthy historical success rate of 90.5% across 21 past payments. An automated payment gateway retry within standard cooldown limits is recommended.
c5343bdc-505f-4f5f-b748-ccc08364b42c,subscription_failure,2026-07-25T04:55:52.892571+00:00,3159.94,cust_reliab_3587,network_error,1,0.85,"{""total_past_payments"": 12, ""past_successful_payments"": 11, ""past_recovery_rate"": 0.9167}",12,11,0.9167,reliable_temporary_glitch,1,0.7132,RETRY,APPROVED,RETRY,SUCCESS,3159.94,The failure reason 'network_error' appears transient with an estimated recovery probability of 56.1%. The customer maintains a healthy historical success rate of 91.7% across 12 past payments. An automated payment gateway retry within standard cooldown limits is recommended.
5c823915-98aa-40bb-8f73-33c046fe50c4,subscription_failure,2026-07-30T20:35:47.139227+00:00,1894.59,cust_chroni_7041,expired_card,6,3.47,"{""total_past_payments"": 19, ""past_successful_payments"": 2, ""past_recovery_rate"": 0.1053}",19,2,0.1053,chronic_failer,1,0.0093,STOP,APPROVED,STOP,NO_ACTION,0.0,"The predicted recovery probability is extremely low (1.0%), indicating high likelihood of permanent failure. Given 6 prior failed attempt(s) and poor past payment performance, continuing automated attempts would incur unnecessary fees and annoy the customer. We recommend halting all recovery efforts for this invoice."
27a9ed97-3dd6-454b-8536-d2cfb4dc37ac,payment_failure,2026-08-11T18:00:06.227527+00:00,7038.57,cust_reliab_2199,insufficient_funds,2,0.49,"{""total_past_payments"": 12, ""past_successful_payments"": 11, ""past_recovery_rate"": 0.9167}",12,11,0.9167,reliable_temporary_glitch,1,0.9414,RETRY,APPROVED,RETRY,SUCCESS,7038.57,The failure reason 'insufficient_funds' appears transient with an estimated recovery probability of 96.3%. The customer maintains a healthy historical success rate of 91.7% across 12 past payments. An automated payment gateway retry within standard cooldown limits is recommended.
f73624d0-3365-4c00-8e9f-ad98e51e265a,payment_failure,2026-08-15T16:45:38.185562+00:00,1047.73,cust_reliab_8606,network_error,2,0.32,"{""total_past_payments"": 18, ""past_successful_payments"": 16, ""past_recovery_rate"": 0.8889}",18,16,0.8889,reliable_temporary_glitch,1,0.9614,RETRY,APPROVED,RETRY,SUCCESS,1047.73,The failure reason 'network_error' appears transient with an estimated recovery probability of 96.2%. The customer maintains a healthy historical success rate of 88.9% across 18 past payments. An automated payment gateway retry within standard cooldown limits is recommended.
81d27f99-6617-4a76-9fd3-c03737599db8,payment_failure,2026-08-14T06:16:47.241395+00:00,238754.15,cust_high_v_3794,network_error,1,1.68,"{""total_past_payments"": 13, ""past_successful_payments"": 11, ""past_recovery_rate"": 0.8462}",13,11,0.8462,high_value_link_responder,1,0.8704,PAYMENT_LINK,APPROVED,PAYMENT_LINK,SUCCESS,238754.15,"This is a high-value transaction of ₹238,754.15 INR that requires customer-initiated 2FA authentication. Automated gateway retries frequently fail for transactions of this scale due to bank security policies. Sending a secure payment link directly to the customer provides a seamless authentication flow and yields optimal recovery."
6227fd78-290c-4793-a331-d067d03d5b7b,payment_failure,2026-08-16T11:26:41.131667+00:00,5436.86,cust_chroni_3915,expired_card,3,5.06,"{""total_past_payments"": 6, ""past_successful_payments"": 1, ""past_recovery_rate"": 0.1667}",6,1,0.1667,chronic_failer,0,0.0149,STOP,APPROVED,STOP,NO_ACTION,0.0,"The predicted recovery probability is extremely low (2.1%), indicating high likelihood of permanent failure. Given 3 prior failed attempt(s) and poor past payment performance, continuing automated attempts would incur unnecessary fees and annoy the customer. We recommend halting all recovery efforts for this invoice."
da4887ed-7f34-4280-89be-c9ec4c81afe2,checkout_abandonment,2026-08-15T01:05:28.709139+00:00,8497.37,cust_checko_1076,abandoned,1,1.29,"{""total_past_payments"": 4, ""past_successful_payments"": 2, ""past_recovery_rate"": 0.5}",4,2,0.5,checkout_abandoner,1,0.2561,STOP,APPROVED,STOP,NO_ACTION,0.0,"The predicted recovery probability is extremely low (7.9%), indicating high likelihood of permanent failure. Given 1 prior failed attempt(s) and poor past payment performance, continuing automated attempts would incur unnecessary fees and annoy the customer. We recommend halting all recovery efforts for this invoice."
41e009d4-e67f-4f7a-8ba5-32d05e072ac4,payment_failure,2026-08-15T12:44:29.364713+00:00,28608.65,cust_high_v_2035,insufficient_funds,1,2.97,"{""total_past_payments"": 15, ""past_successful_payments"": 13, ""past_recovery_rate"": 0.8667}",15,13,0.8667,high_value_link_responder,1,0.6956,PAYMENT_LINK,APPROVED,PAYMENT_LINK,SUCCESS,28608.65,"This is a high-value transaction of ₹28,608.65 INR that requires customer-initiated 2FA authentication. Automated gateway retries frequently fail for transactions of this scale due to bank security policies. Sending a secure payment link directly to the customer provides a seamless authentication flow and yields optimal recovery."
9cfb18c5-47c2-4eef-ab33-93abd82d5ad6,payment_failure,2026-07-27T14:48:24.148658+00:00,25109.46,cust_slow_b_6359,overdue,1,6.1,"{""total_past_payments"": 20, ""past_successful_payments"": 15, ""past_recovery_rate"": 0.75}",20,15,0.75,slow_but_reliable_payer,1,0.5138,PAYMENT_LINK,APPROVED,PAYMENT_LINK,SUCCESS,25109.46,"This is a high-value transaction of ₹25,109.46 INR that requires customer-initiated 2FA authentication. Automated gateway retries frequently fail for transactions of this scale due to bank security policies. Sending a secure payment link directly to the customer provides a seamless authentication flow and yields optimal recovery."
33215dec-1562-4322-a8cb-99d10fe80069,subscription_failure,2026-08-08T16:39:26.550055+00:00,3869.92,cust_reliab_6181,network_error,1,0.78,"{""total_past_payments"": 21, ""past_successful_payments"": 18, ""past_recovery_rate"": 0.8571}",21,18,0.8571,reliable_temporary_glitch,1,0.738,RETRY,APPROVED,RETRY,SUCCESS,3869.92,The failure reason 'network_error' appears transient with an estimated recovery probability of 68.3%. The customer maintains a healthy historical success rate of 85.7% across 21 past payments. An automated payment gateway retry within standard cooldown limits is recommended.
aff6519e-27f0-4aae-99c7-604535f8812e,checkout_abandonment,2026-08-01T18:59:55.543278+00:00,3666.19,cust_checko_9185,abandoned,2,0.32,"{""total_past_payments"": 3, ""past_successful_payments"": 1, ""past_recovery_rate"": 0.3333}",3,1,0.3333,checkout_abandoner,0,0.2204,REMINDER,BLOCKED: max_daily_contact_attempts_per_customer,STOP,NO_ACTION,0.0,"The customer abandoned checkout for an order worth ₹3,666.19 INR. Since no transaction was submitted to the payment gateway, automated retries are inapplicable. We recommend sending a targeted checkout reminder notice with an instant payment link."
8217efd9-94d3-4390-a0e6-5198aa160c8c,subscription_failure,2026-08-16T09:16:50.261726+00:00,240782.81,cust_high_v_3177,insufficient_funds,3,1.31,"{""total_past_payments"": 25, ""past_successful_payments"": 20, ""past_recovery_rate"": 0.8}",25,20,0.8,high_value_link_responder,1,0.3949,PAYMENT_LINK,APPROVED,PAYMENT_LINK,SUCCESS,240782.81,"This is a high-value transaction of ₹240,782.81 INR that requires customer-initiated 2FA authentication. Automated gateway retries frequently fail for transactions of this scale due to bank security policies. Sending a secure payment link directly to the customer provides a seamless authentication flow and yields optimal recovery."
e7052290-2d82-46de-b3fc-c8b3e14c03aa,checkout_abandonment,2026-08-11T23:47:41.876586+00:00,10285.45,cust_checko_8354,abandoned,2,0.39,"{""total_past_payments"": 0, ""past_successful_payments"": 0, ""past_recovery_rate"": 0.0}",0,0,0.0,checkout_abandoner,1,0.2255,STOP,APPROVED,STOP,NO_ACTION,0.0,"The predicted recovery probability is extremely low (8.6%), indicating high likelihood of permanent failure. Given 2 prior failed attempt(s) and poor past payment performance, continuing automated attempts would incur unnecessary fees and annoy the customer. We recommend halting all recovery efforts for this invoice."
10078a6b-00f2-4ae4-9873-31113e3a7c40,payment_failure,2026-08-14T13:15:17.771612+00:00,163678.45,cust_high_v_4990,insufficient_funds,1,1.27,"{""total_past_payments"": 28, ""past_successful_payments"": 20, ""past_recovery_rate"": 0.7143}",28,20,0.7143,high_value_link_responder,1,0.7592,PAYMENT_LINK,APPROVED,PAYMENT_LINK,SUCCESS,163678.45,"This is a high-value transaction of ₹163,678.45 INR that requires customer-initiated 2FA authentication. Automated gateway retries frequently fail for transactions of this scale due to bank security policies. Sending a secure payment link directly to the customer provides a seamless authentication flow and yields optimal recovery."
79bb2bc4-483e-42d9-89be-85e383fa99e6,payment_failure,2026-08-12T15:10:06.894953+00:00,59125.88,cust_high_v_8270,card_declined,1,2.11,"{""total_past_payments"": 12, ""past_successful_payments"": 11, ""past_recovery_rate"": 0.9167}",12,11,0.9167,high_value_link_responder,1,0.577,PAYMENT_LINK,APPROVED,PAYMENT_LINK,SUCCESS,59125.88,"This is a high-value transaction of ₹59,125.88 INR that requires customer-initiated 2FA authentication. Automated gateway retries frequently fail for transactions of this scale due to bank security policies. Sending a secure payment link directly to the customer provides a seamless authentication flow and yields optimal recovery."
88a0b0ea-3037-415e-bc1c-df420ba3a44b,payment_failure,2026-08-05T21:42:09.824014+00:00,244952.69,cust_high_v_6427,insufficient_funds,3,2.53,"{""total_past_payments"": 29, ""past_successful_payments"": 18, ""past_recovery_rate"": 0.6207}",29,18,0.6207,high_value_link_responder,1,0.2946,PAYMENT_LINK,APPROVED,PAYMENT_LINK,SUCCESS,244952.69,"This is a high-value transaction of ₹244,952.69 INR that requires customer-initiated 2FA authentication. Automated gateway retries frequently fail for transactions of this scale due to bank security policies. Sending a secure payment link directly to the customer provides a seamless authentication flow and yields optimal recovery."
480eef6c-1283-4b34-bd7f-a394d9379896,payment_failure,2026-07-25T00:00:10.446853+00:00,14831.46,cust_reliab_4007,network_error,1,1.26,"{""total_past_payments"": 34, ""past_successful_payments"": 31, ""past_recovery_rate"": 0.9118}",34,31,0.9118,reliable_temporary_glitch,0,0.9393,RETRY,APPROVED,RETRY,FAILED,0.0,The failure reason 'network_error' appears transient with an estimated recovery probability of 58.0%. The customer maintains a healthy historical success rate of 91.2% across 34 past payments. An automated payment gateway retry within standard cooldown limits is recommended.
a66b1f2e-2218-4782-b248-6472d1f4221b,payment_failure,2026-08-02T11:59:13.117661+00:00,2552.21,cust_reliab_4348,network_error,1,0.34,"{""total_past_payments"": 21, ""past_successful_payments"": 20, ""past_recovery_rate"": 0.9524}",21,20,0.9524,reliable_temporary_glitch,1,0.9756,RETRY,APPROVED,RETRY,SUCCESS,2552.21,The failure reason 'network_error' appears transient with an estimated recovery probability of 99.1%. The customer maintains a healthy historical success rate of 95.2% across 21 past payments. An automated payment gateway retry within standard cooldown limits is recommended.
2fb0852e-140a-414b-a0c9-bafba4294be8,checkout_abandonment,2026-08-12T04:28:40.258355+00:00,8785.33,cust_checko_5675,abandoned,1,1.39,"{""total_past_payments"": 9, ""past_successful_payments"": 3, ""past_recovery_rate"": 0.3333}",9,3,0.3333,checkout_abandoner,1,0.7862,REMINDER,APPROVED,REMINDER,SUCCESS,8785.33,"The customer abandoned checkout for an order worth ₹8,785.33 INR. Since no transaction was submitted to the payment gateway, automated retries are inapplicable. We recommend sending a targeted checkout reminder notice with an instant payment link."
ca639f1f-3d3e-455a-a48e-fe0d136b6974,subscription_failure,2026-07-24T00:00:06.081592+00:00,105905.94,cust_high_v_8101,network_error,2,0.92,"{""total_past_payments"": 19, ""past_successful_payments"": 14, ""past_recovery_rate"": 0.7368}",19,14,0.7368,high_value_link_responder,0,0.3137,PAYMENT_LINK,APPROVED,PAYMENT_LINK,FAILED,0.0,"This is a high-value transaction of ₹105,905.94 INR that requires customer-initiated 2FA authentication. Automated gateway retries frequently fail for transactions of this scale due to bank security policies. Sending a secure payment link directly to the customer provides a seamless authentication flow and yields optimal recovery."
24b9aa3e-eed2-43b9-a81a-ab2c2dba783a,checkout_abandonment,2026-08-20T22:28:01.964190+00:00,4855.39,cust_checko_3503,abandoned,1,2.32,"{""total_past_payments"": 4, ""past_successful_payments"": 2, ""past_recovery_rate"": 0.5}",4,2,0.5,checkout_abandoner,0,0.6197,REMINDER,APPROVED,REMINDER,FAILED,0.0,"The customer abandoned checkout for an order worth ₹4,855.39 INR. Since no transaction was submitted to the payment gateway, automated retries are inapplicable. We recommend sending a targeted checkout reminder notice with an instant payment link."
8d207251-c843-426f-b4e5-729a8539ca94,payment_failure,2026-08-04T15:59:19.950397+00:00,133189.98,cust_high_v_4106,card_declined,2,0.84,"{""total_past_payments"": 20, ""past_successful_payments"": 13, ""past_recovery_rate"": 0.65}",20,13,0.65,high_value_link_responder,1,0.3551,PAYMENT_LINK,APPROVED,PAYMENT_LINK,SUCCESS,133189.98,"This is a high-value transaction of ₹133,189.98 INR that requires customer-initiated 2FA authentication. Automated gateway retries frequently fail for transactions of this scale due to bank security policies. Sending a secure payment link directly to the customer provides a seamless authentication flow and yields optimal recovery."
7d27be53-bab4-4fbb-9011-521c238bbe86,subscription_failure,2026-08-10T07:15:56.022046+00:00,6366.05,cust_reliab_6043,insufficient_funds,2,1.89,"{""total_past_payments"": 33, ""past_successful_payments"": 30, ""past_recovery_rate"": 0.9091}",33,30,0.9091,reliable_temporary_glitch,1,0.9531,RETRY,APPROVED,RETRY,SUCCESS,6366.05,The failure reason 'insufficient_funds' appears transient with an estimated recovery probability of 97.3%. The customer maintains a healthy historical success rate of 90.9% across 33 past payments. An automated payment gateway retry within standard cooldown limits is recommended.
a39b26bb-e51d-4ef9-8e6f-84f4cd85acac,overdue_invoice,2026-08-09T23:39:23.254457+00:00,60904.77,cust_slow_b_6711,insufficient_funds,1,24.07,"{""total_past_payments"": 12, ""past_successful_payments"": 11, ""past_recovery_rate"": 0.9167}",12,11,0.9167,slow_but_reliable_payer,1,0.4897,REMINDER,APPROVED,REMINDER,SUCCESS,60904.77,"The invoice of ₹60,904.77 INR is overdue with 1 previous attempt(s). The customer has a solid historical recovery rate of 91.7%, indicating willingness to pay once notified. Sending a formal payment reminder notice is the most effective approach to prompt settlement."
f4b734d6-fc0f-4f60-bfd9-6946327556ce,payment_failure,2026-07-31T15:16:59.848127+00:00,9938.14,cust_reliab_6921,insufficient_funds,2,1.5,"{""total_past_payments"": 25, ""past_successful_payments"": 23, ""past_recovery_rate"": 0.92}",25,23,0.92,reliable_temporary_glitch,1,0.8222,RETRY,APPROVED,RETRY,SUCCESS,9938.14,The failure reason 'insufficient_funds' appears transient with an estimated recovery probability of 96.9%. The customer maintains a healthy historical success rate of 92.0% across 25 past payments. An automated payment gateway retry within standard cooldown limits is recommended.
02ed3e8a-149a-45a7-9fb8-267fc361b06a,payment_failure,2026-08-07T20:47:32.039837+00:00,10375.46,cust_reliab_3644,network_error,2,0.57,"{""total_past_payments"": 47, ""past_successful_payments"": 46, ""past_recovery_rate"": 0.9787}",47,46,0.9787,reliable_temporary_glitch,1,0.9753,RETRY,APPROVED,RETRY,SUCCESS,10375.46,The failure reason 'network_error' appears transient with an estimated recovery probability of 97.5%. The customer maintains a healthy historical success rate of 97.9% across 47 past payments. An automated payment gateway retry within standard cooldown limits is recommended.
1737202c-2535-42aa-a482-349f8415f8a1,subscription_failure,2026-07-25T00:34:31.920937+00:00,114475.06,cust_high_v_4093,network_error,3,2.94,"{""total_past_payments"": 7, ""past_successful_payments"": 5, ""past_recovery_rate"": 0.7143}",7,5,0.7143,high_value_link_responder,1,0.3162,PAYMENT_LINK,APPROVED,PAYMENT_LINK,SUCCESS,114475.06,"This is a high-value transaction of ₹114,475.06 INR that requires customer-initiated 2FA authentication. Automated gateway retries frequently fail for transactions of this scale due to bank security policies. Sending a secure payment link directly to the customer provides a seamless authentication flow and yields optimal recovery."
6ebbc07c-ea81-47ec-9d58-7faf6710d2e6,subscription_failure,2026-08-05T12:49:34.475549+00:00,7115.88,cust_chroni_6642,expired_card,5,5.4,"{""total_past_payments"": 4, ""past_successful_payments"": 0, ""past_recovery_rate"": 0.0}",4,0,0.0,chronic_failer,0,0.0548,STOP,APPROVED,STOP,NO_ACTION,0.0,"The predicted recovery probability is extremely low (0.3%), indicating high likelihood of permanent failure. Given 5 prior failed attempt(s) and poor past payment performance, continuing automated attempts would incur unnecessary fees and annoy the customer. We recommend halting all recovery efforts for this invoice."
7c224f02-1c8c-4224-a688-b4e72b52e8c7,checkout_abandonment,2026-07-30T01:57:43.945108+00:00,8523.55,cust_checko_2144,abandoned,1,2.96,"{""total_past_payments"": 7, ""past_successful_payments"": 1, ""past_recovery_rate"": 0.1429}",7,1,0.1429,checkout_abandoner,0,0.2236,STOP,APPROVED,STOP,NO_ACTION,0.0,"The predicted recovery probability is extremely low (9.3%), indicating high likelihood of permanent failure. Given 1 prior failed attempt(s) and poor past payment performance, continuing automated attempts would incur unnecessary fees and annoy the customer. We recommend halting all recovery efforts for this invoice."
a4613380-2f09-4ff0-a273-6cb09aff49a0,payment_failure,2026-08-16T05:43:20.112900+00:00,3202.8,cust_reliab_2806,network_error,1,0.48,"{""total_past_payments"": 21, ""past_successful_payments"": 19, ""past_recovery_rate"": 0.9048}",21,19,0.9048,reliable_temporary_glitch,1,0.9728,RETRY,APPROVED,RETRY,SUCCESS,3202.8,The failure reason 'network_error' appears transient with an estimated recovery probability of 98.4%. The customer maintains a healthy historical success rate of 90.5% across 21 past payments. An automated payment gateway retry within standard cooldown limits is recommended.
804a0f20-915f-4277-9a56-d2ff2fdbf568,overdue_invoice,2026-08-19T18:15:50.763839+00:00,26445.65,cust_slow_b_2789,overdue,1,11.48,"{""total_past_payments"": 17, ""past_successful_payments"": 14, ""past_recovery_rate"": 0.8235}",17,14,0.8235,slow_but_reliable_payer,1,0.9726,REMINDER,APPROVED,REMINDER,SUCCESS,26445.65,"The invoice of ₹26,445.65 INR is overdue with 1 previous attempt(s). The customer has a solid historical recovery rate of 82.3%, indicating willingness to pay once notified. Sending a formal payment reminder notice is the most effective approach to prompt settlement."
21ba4c9e-4f84-4e95-8578-347de3044d50,overdue_invoice,2026-08-11T06:22:54.505410+00:00,62708.18,cust_slow_b_5359,overdue,2,17.13,"{""total_past_payments"": 7, ""past_successful_payments"": 5, ""past_recovery_rate"": 0.7143}",7,5,0.7143,slow_but_reliable_payer,0,0.5112,REMINDER,APPROVED,REMINDER,FAILED,0.0,"The invoice of ₹62,708.18 INR is overdue with 2 previous attempt(s). The customer has a solid historical recovery rate of 71.4%, indicating willingness to pay once notified. Sending a formal payment reminder notice is the most effective approach to prompt settlement."
54a575ec-09d7-49b1-b692-a854c73fc81e,overdue_invoice,2026-07-22T21:38:44.258226+00:00,18715.77,cust_slow_b_5355,overdue,3,24.79,"{""total_past_payments"": 16, ""past_successful_payments"": 14, ""past_recovery_rate"": 0.875}",16,14,0.875,slow_but_reliable_payer,1,0.8759,REMINDER,APPROVED,REMINDER,SUCCESS,18715.77,"The invoice of ₹18,715.77 INR is overdue with 3 previous attempt(s). The customer has a solid historical recovery rate of 87.5%, indicating willingness to pay once notified. Sending a formal payment reminder notice is the most effective approach to prompt settlement."
b79c389a-4ef7-4402-b861-e032b58566ce,payment_failure,2026-07-25T19:49:17.783748+00:00,7995.67,cust_chroni_1937,card_declined,4,6.65,"{""total_past_payments"": 14, ""past_successful_payments"": 2, ""past_recovery_rate"": 0.1429}",14,2,0.1429,chronic_failer,0,0.0243,STOP,APPROVED,STOP,NO_ACTION,0.0,"The predicted recovery probability is extremely low (6.3%), indicating high likelihood of permanent failure. Given 4 prior failed attempt(s) and poor past payment performance, continuing automated attempts would incur unnecessary fees and annoy the customer. We recommend halting all recovery efforts for this invoice."
19aa1c8e-3b5f-4e9f-9746-3dba437eda78,subscription_failure,2026-08-21T10:30:36.829760+00:00,220871.84,cust_high_v_3013,insufficient_funds,2,2.31,"{""total_past_payments"": 9, ""past_successful_payments"": 5, ""past_recovery_rate"": 0.5556}",9,5,0.5556,high_value_link_responder,0,0.9776,PAYMENT_LINK,APPROVED,PAYMENT_LINK,FAILED,0.0,"This is a high-value transaction of ₹220,871.84 INR that requires customer-initiated 2FA authentication. Automated gateway retries frequently fail for transactions of this scale due to bank security policies. Sending a secure payment link directly to the customer provides a seamless authentication flow and yields optimal recovery."
d24be990-09c6-4723-affe-f681619c801e,subscription_failure,2026-08-02T23:31:04.681259+00:00,173247.12,cust_high_v_6278,card_declined,2,1.79,"{""total_past_payments"": 26, ""past_successful_payments"": 17, ""past_recovery_rate"": 0.6538}",26,17,0.6538,high_value_link_responder,1,0.8032,PAYMENT_LINK,APPROVED,PAYMENT_LINK,SUCCESS,173247.12,"This is a high-value transaction of ₹173,247.12 INR that requires customer-initiated 2FA authentication. Automated gateway retries frequently fail for transactions of this scale due to bank security policies. Sending a secure payment link directly to the customer provides a seamless authentication flow and yields optimal recovery."
d879190c-c81b-465e-ba52-b8bdcca36a64,payment_failure,2026-07-28T07:17:22.427892+00:00,98243.17,cust_high_v_2333,card_declined,2,1.08,"{""total_past_payments"": 20, ""past_successful_payments"": 14, ""past_recovery_rate"": 0.7}",20,14,0.7,high_value_link_responder,0,0.7279,PAYMENT_LINK,APPROVED,PAYMENT_LINK,FAILED,0.0,"This is a high-value transaction of ₹98,243.17 INR that requires customer-initiated 2FA authentication. Automated gateway retries frequently fail for transactions of this scale due to bank security policies. Sending a secure payment link directly to the customer provides a seamless authentication flow and yields optimal recovery."
a1f31a71-4258-4a6e-b2e9-bba9137bb28c,checkout_abandonment,2026-07-31T13:05:28.968187+00:00,1610.26,cust_checko_9520,abandoned,2,1.02,"{""total_past_payments"": 3, ""past_successful_payments"": 2, ""past_recovery_rate"": 0.6667}",3,2,0.6667,checkout_abandoner,0,0.2309,STOP,APPROVED,STOP,NO_ACTION,0.0,"The predicted recovery probability is extremely low (15.8%), indicating high likelihood of permanent failure. Given 2 prior failed attempt(s) and poor past payment performance, continuing automated attempts would incur unnecessary fees and annoy the customer. We recommend halting all recovery efforts for this invoice."
296d2638-603d-43bb-a9e7-9218c346f6da,checkout_abandonment,2026-08-20T13:52:27.298234+00:00,6201.03,cust_checko_8648,abandoned,1,1.04,"{""total_past_payments"": 10, ""past_successful_payments"": 7, ""past_recovery_rate"": 0.7}",10,7,0.7,checkout_abandoner,1,0.3702,REMINDER,APPROVED,REMINDER,SUCCESS,6201.03,"The customer abandoned checkout for an order worth ₹6,201.03 INR. Since no transaction was submitted to the payment gateway, automated retries are inapplicable. We recommend sending a targeted checkout reminder notice with an instant payment link."
91a6dc02-9aa0-4f53-8a4f-1dbda37e9f29,subscription_failure,2026-08-15T04:20:59.267748+00:00,6075.37,cust_chroni_6349,card_declined,3,1.63,"{""total_past_payments"": 2, ""past_successful_payments"": 0, ""past_recovery_rate"": 0.0}",2,0,0.0,chronic_failer,0,0.098,STOP,APPROVED,STOP,NO_ACTION,0.0,"The predicted recovery probability is extremely low (14.5%), indicating high likelihood of permanent failure. Given 3 prior failed attempt(s) and poor past payment performance, continuing automated attempts would incur unnecessary fees and annoy the customer. We recommend halting all recovery efforts for this invoice."
50ecee37-3d10-45d6-9766-0dcc2cabfd6b,overdue_invoice,2026-08-13T19:14:19.093629+00:00,52867.21,cust_slow_b_9060,overdue,3,8.08,"{""total_past_payments"": 8, ""past_successful_payments"": 7, ""past_recovery_rate"": 0.875}",8,7,0.875,slow_but_reliable_payer,0,0.9447,REMINDER,APPROVED,REMINDER,FAILED,0.0,"The invoice of ₹52,867.21 INR is overdue with 3 previous attempt(s). The customer has a solid historical recovery rate of 87.5%, indicating willingness to pay once notified. Sending a formal payment reminder notice is the most effective approach to prompt settlement."
e1738cb1-6bc0-4881-a102-b6e3f36b48d5,payment_failure,2026-08-03T12:14:31.218531+00:00,67958.79,cust_slow_b_8159,overdue,2,27.75,"{""total_past_payments"": 16, ""past_successful_payments"": 14, ""past_recovery_rate"": 0.875}",16,14,0.875,slow_but_reliable_payer,0,0.7158,PAYMENT_LINK,APPROVED,PAYMENT_LINK,FAILED,0.0,"This is a high-value transaction of ₹67,958.79 INR that requires customer-initiated 2FA authentication. Automated gateway retries frequently fail for transactions of this scale due to bank security policies. Sending a secure payment link directly to the customer provides a seamless authentication flow and yields optimal recovery."
269e603a-a918-405d-b10b-2b0854396841,overdue_invoice,2026-08-18T21:36:04.833312+00:00,18022.55,cust_slow_b_2902,overdue,3,19.81,"{""total_past_payments"": 10, ""past_successful_payments"": 9, ""past_recovery_rate"": 0.9}",10,9,0.9,slow_but_reliable_payer,1,0.4334,REMINDER,APPROVED,REMINDER,SUCCESS,18022.55,"The invoice of ₹18,022.55 INR is overdue with 3 previous attempt(s). The customer has a solid historical recovery rate of 90.0%, indicating willingness to pay once notified. Sending a formal payment reminder notice is the most effective approach to prompt settlement."
c3447da9-b3df-4e73-af57-b1c76aa41a4b,checkout_abandonment,2026-08-12T04:57:21.491953+00:00,7265.19,cust_checko_6980,abandoned,1,2.57,"{""total_past_payments"": 6, ""past_successful_payments"": 2, ""past_recovery_rate"": 0.3333}",6,2,0.3333,checkout_abandoner,0,0.2716,REMINDER,APPROVED,REMINDER,FAILED,0.0,"The customer abandoned checkout for an order worth ₹7,265.19 INR. Since no transaction was submitted to the payment gateway, automated retries are inapplicable. We recommend sending a targeted checkout reminder notice with an instant payment link."
9d812087-64de-46ea-a6e4-d5c731ef53fc,subscription_failure,2026-08-01T14:50:10.996431+00:00,4808.05,cust_chroni_6176,card_declined,3,3.37,"{""total_past_payments"": 19, ""past_successful_payments"": 6, ""past_recovery_rate"": 0.3158}",19,6,0.3158,chronic_failer,0,0.1888,ESCALATE,APPROVED,ESCALATE,PENDING,0.0,"Automated recovery has failed after 3 attempts for this transaction of ₹4,808.05 INR. With ML recovery probability estimated at 33.2%, automated retries have diminishing returns. Escalating to a human customer success representative is recommended for personalized outreach."
1cee8749-ffcc-4e80-ac05-622416ce38a3,payment_failure,2026-08-03T11:40:33.924241+00:00,1337.79,cust_chroni_3022,expired_card,3,4.59,"{""total_past_payments"": 11, ""past_successful_payments"": 2, ""past_recovery_rate"": 0.1818}",11,2,0.1818,chronic_failer,0,0.0494,STOP,APPROVED,STOP,NO_ACTION,0.0,"The predicted recovery probability is extremely low (0.5%), indicating high likelihood of permanent failure. Given 3 prior failed attempt(s) and poor past payment performance, continuing automated attempts would incur unnecessary fees and annoy the customer. We recommend halting all recovery efforts for this invoice."
69534107-63b2-4bf6-a473-f954677449fd,overdue_invoice,2026-08-02T14:21:20.505046+00:00,29413.46,cust_slow_b_6458,overdue,2,22.6,"{""total_past_payments"": 16, ""past_successful_payments"": 11, ""past_recovery_rate"": 0.6875}",16,11,0.6875,slow_but_reliable_payer,0,0.4837,REMINDER,APPROVED,REMINDER,FAILED,0.0,"The invoice of ₹29,413.46 INR is overdue with 2 previous attempt(s). The customer has a solid historical recovery rate of 68.8%, indicating willingness to pay once notified. Sending a formal payment reminder notice is the most effective approach to prompt settlement."
fa19e94a-8d6d-4a30-8913-4f0aa66f68ef,subscription_failure,2026-07-30T11:00:31.586963+00:00,13885.79,cust_reliab_3608,network_error,1,1.73,"{""total_past_payments"": 35, ""past_successful_payments"": 31, ""past_recovery_rate"": 0.8857}",35,31,0.8857,reliable_temporary_glitch,0,0.9941,RETRY,APPROVED,RETRY,FAILED,0.0,The failure reason 'network_error' appears transient with an estimated recovery probability of 92.0%. The customer maintains a healthy historical success rate of 88.6% across 35 past payments. An automated payment gateway retry within standard cooldown limits is recommended.
35875880-42fc-4e8b-88f8-129221e2a2dd,payment_failure,2026-08-01T04:38:38.881718+00:00,14859.56,cust_reliab_5626,network_error,2,0.84,"{""total_past_payments"": 43, ""past_successful_payments"": 41, ""past_recovery_rate"": 0.9535}",43,41,0.9535,reliable_temporary_glitch,0,0.1624,RETRY,APPROVED,RETRY,FAILED,0.0,The failure reason 'network_error' appears transient with an estimated recovery probability of 59.1%. The customer maintains a healthy historical success rate of 95.3% across 43 past payments. An automated payment gateway retry within standard cooldown limits is recommended.
1130fc3f-883e-4410-a491-9ac5880118b3,payment_failure,2026-07-29T23:05:57.560241+00:00,8915.56,cust_reliab_3681,network_error,1,1.71,"{""total_past_payments"": 29, ""past_successful_payments"": 27, ""past_recovery_rate"": 0.931}",29,27,0.931,reliable_temporary_glitch,1,0.5262,RETRY,APPROVED,RETRY,SUCCESS,8915.56,The failure reason 'network_error' appears transient with an estimated recovery probability of 92.1%. The customer maintains a healthy historical success rate of 93.1% across 29 past payments. An automated payment gateway retry within standard cooldown limits is recommended.
da90bac4-fe78-4483-bd39-4d32cceebd50,payment_failure,2026-07-25T14:44:02.995057+00:00,3541.61,cust_reliab_2670,network_error,1,1.5,"{""total_past_payments"": 10, ""past_successful_payments"": 9, ""past_recovery_rate"": 0.9}",10,9,0.9,reliable_temporary_glitch,1,0.968,RETRY,APPROVED,RETRY,SUCCESS,3541.61,The failure reason 'network_error' appears transient with an estimated recovery probability of 98.3%. The customer maintains a healthy historical success rate of 90.0% across 10 past payments. An automated payment gateway retry within standard cooldown limits is recommended.
73d857fa-88ba-41da-8554-ad0402249002,subscription_failure,2026-07-27T06:44:09.320333+00:00,233346.7,cust_high_v_1859,network_error,1,1.39,"{""total_past_payments"": 20, ""past_successful_payments"": 13, ""past_recovery_rate"": 0.65}",20,13,0.65,high_value_link_responder,1,0.8703,PAYMENT_LINK,APPROVED,PAYMENT_LINK,SUCCESS,233346.7,"This is a high-value transaction of ₹233,346.70 INR that requires customer-initiated 2FA authentication. Automated gateway retries frequently fail for transactions of this scale due to bank security policies. Sending a secure payment link directly to the customer provides a seamless authentication flow and yields optimal recovery."
c4abf856-c8d7-46de-a0f2-b7ebde183923,payment_failure,2026-08-08T12:22:47.105099+00:00,58427.87,cust_high_v_7498,card_declined,3,1.51,"{""total_past_payments"": 6, ""past_successful_payments"": 4, ""past_recovery_rate"": 0.6667}",6,4,0.6667,high_value_link_responder,0,0.671,PAYMENT_LINK,APPROVED,PAYMENT_LINK,FAILED,0.0,"This is a high-value transaction of ₹58,427.87 INR that requires customer-initiated 2FA authentication. Automated gateway retries frequently fail for transactions of this scale due to bank security policies. Sending a secure payment link directly to the customer provides a seamless authentication flow and yields optimal recovery."
8122c53c-a84b-4990-b096-6884bf489872,subscription_failure,2026-07-31T18:38:20.025485+00:00,6403.54,cust_chroni_8292,card_declined,3,5.67,"{""total_past_payments"": 14, ""past_successful_payments"": 2, ""past_recovery_rate"": 0.1429}",14,2,0.1429,chronic_failer,0,0.1976,ESCALATE,APPROVED,ESCALATE,PENDING,0.0,"Automated recovery has failed after 3 attempts for this transaction of ₹6,403.54 INR. With ML recovery probability estimated at 20.2%, automated retries have diminishing returns. Escalating to a human customer success representative is recommended for personalized outreach."
3887b370-c7f0-4608-8f79-a77a146eddec,payment_failure,2026-08-06T20:29:38.077379+00:00,5416.58,cust_chroni_8856,card_declined,4,1.14,"{""total_past_payments"": 20, ""past_successful_payments"": 7, ""past_recovery_rate"": 0.35}",20,7,0.35,chronic_failer,0,0.2919,ESCALATE,APPROVED,ESCALATE,PENDING,0.0,"Automated recovery has failed after 4 attempts for this transaction of ₹5,416.58 INR. With ML recovery probability estimated at 22.4%, automated retries have diminishing returns. Escalating to a human customer success representative is recommended for personalized outreach."
0afaba99-6431-4137-8280-90b9ed6df5ef,overdue_invoice,2026-08-02T04:37:17.762194+00:00,49029.08,cust_slow_b_9806,overdue,3,8.13,"{""total_past_payments"": 14, ""past_successful_payments"": 10, ""past_recovery_rate"": 0.7143}",14,10,0.7143,slow_but_reliable_payer,1,0.9234,REMINDER,APPROVED,REMINDER,SUCCESS,49029.08,"The invoice of ₹49,029.08 INR is overdue with 3 previous attempt(s). The customer has a solid historical recovery rate of 71.4%, indicating willingness to pay once notified. Sending a formal payment reminder notice is the most effective approach to prompt settlement."
6a8ae98e-02a8-477d-b8bf-86a4ca9c360d,overdue_invoice,2026-08-04T20:22:04.331775+00:00,58277.51,cust_slow_b_9830,overdue,3,17.21,"{""total_past_payments"": 20, ""past_successful_payments"": 18, ""past_recovery_rate"": 0.9}",20,18,0.9,slow_but_reliable_payer,1,0.8396,REMINDER,APPROVED,REMINDER,SUCCESS,58277.51,"The invoice of ₹58,277.51 INR is overdue with 3 previous attempt(s). The customer has a solid historical recovery rate of 90.0%, indicating willingness to pay once notified. Sending a formal payment reminder notice is the most effective approach to prompt settlement."
9a63d9da-212e-4b5e-8636-d2a33c791955,subscription_failure,2026-07-25T14:27:27.119332+00:00,65649.44,cust_high_v_6149,insufficient_funds,3,2.24,"{""total_past_payments"": 5, ""past_successful_payments"": 4, ""past_recovery_rate"": 0.8}",5,4,0.8,high_value_link_responder,1,0.7235,PAYMENT_LINK,APPROVED,PAYMENT_LINK,SUCCESS,65649.44,"This is a high-value transaction of ₹65,649.44 INR that requires customer-initiated 2FA authentication. Automated gateway retries frequently fail for transactions of this scale due to bank security policies. Sending a secure payment link directly to the customer provides a seamless authentication flow and yields optimal recovery."
f8ed4c57-ecf0-4355-81ed-ef77a5af8325,overdue_invoice,2026-08-16T16:39:35.277429+00:00,60624.66,cust_slow_b_6956,overdue,1,7.12,"{""total_past_payments"": 7, ""past_successful_payments"": 6, ""past_recovery_rate"": 0.8571}",7,6,0.8571,slow_but_reliable_payer,0,0.9447,REMINDER,APPROVED,REMINDER,FAILED,0.0,"The invoice of ₹60,624.66 INR is overdue with 1 previous attempt(s). The customer has a solid historical recovery rate of 85.7%, indicating willingness to pay once notified. Sending a formal payment reminder notice is the most effective approach to prompt settlement."
398e182b-72da-4ea7-9ce3-f8aafbb096da,checkout_abandonment,2026-08-20T03:29:29.322376+00:00,11373.93,cust_checko_9035,abandoned,2,2.05,"{""total_past_payments"": 7, ""past_successful_payments"": 2, ""past_recovery_rate"": 0.2857}",7,2,0.2857,checkout_abandoner,0,0.3757,STOP,APPROVED,STOP,NO_ACTION,0.0,"The predicted recovery probability is extremely low (14.1%), indicating high likelihood of permanent failure. Given 2 prior failed attempt(s) and poor past payment performance, continuing automated attempts would incur unnecessary fees and annoy the customer. We recommend halting all recovery efforts for this invoice."
d1fd58d3-e9ac-463d-bd70-08571ba71a5b,overdue_invoice,2026-08-10T23:12:24.686481+00:00,58438.85,cust_slow_b_4884,insufficient_funds,1,22.2,"{""total_past_payments"": 25, ""past_successful_payments"": 23, ""past_recovery_rate"": 0.92}",25,23,0.92,slow_but_reliable_payer,0,0.3911,REMINDER,APPROVED,REMINDER,FAILED,0.0,"The invoice of ₹58,438.85 INR is overdue with 1 previous attempt(s). The customer has a solid historical recovery rate of 92.0%, indicating willingness to pay once notified. Sending a formal payment reminder notice is the most effective approach to prompt settlement."
ec17aa69-c398-47aa-8ccc-3bc07621592d,overdue_invoice,2026-08-04T23:14:25.211895+00:00,63260.48,cust_slow_b_5177,overdue,2,8.21,"{""total_past_payments"": 23, ""past_successful_payments"": 19, ""past_recovery_rate"": 0.8261}",23,19,0.8261,slow_but_reliable_payer,1,0.827,REMINDER,APPROVED,REMINDER,SUCCESS,63260.48,"The invoice of ₹63,260.48 INR is overdue with 2 previous attempt(s). The customer has a solid historical recovery rate of 82.6%, indicating willingness to pay once notified. Sending a formal payment reminder notice is the most effective approach to prompt settlement."
fa89018a-6ab1-41ab-a164-e1f145d7acb3,overdue_invoice,2026-08-07T20:21:44.671025+00:00,95026.64,cust_slow_b_2156,overdue,3,15.63,"{""total_past_payments"": 8, ""past_successful_payments"": 7, ""past_recovery_rate"": 0.875}",8,7,0.875,slow_but_reliable_payer,1,0.5602,REMINDER,APPROVED,REMINDER,SUCCESS,95026.64,"The invoice of ₹95,026.64 INR is overdue with 3 previous attempt(s). The customer has a solid historical recovery rate of 87.5%, indicating willingness to pay once notified. Sending a formal payment reminder notice is the most effective approach to prompt settlement."
70b55b30-89aa-40f3-8d76-2b08737af474,checkout_abandonment,2026-08-04T14:54:31.806627+00:00,7931.76,cust_checko_8104,abandoned,1,1.38,"{""total_past_payments"": 2, ""past_successful_payments"": 1, ""past_recovery_rate"": 0.5}",2,1,0.5,checkout_abandoner,0,0.5567,REMINDER,APPROVED,REMINDER,FAILED,0.0,"The customer abandoned checkout for an order worth ₹7,931.76 INR. Since no transaction was submitted to the payment gateway, automated retries are inapplicable. We recommend sending a targeted checkout reminder notice with an instant payment link."
a2526555-ddd5-4293-823f-f0adf9f590c4,subscription_failure,2026-08-13T10:14:27.671013+00:00,144580.79,cust_high_v_2457,card_declined,3,1.87,"{""total_past_payments"": 7, ""past_successful_payments"": 5, ""past_recovery_rate"": 0.7143}",7,5,0.7143,high_value_link_responder,1,0.7277,PAYMENT_LINK,APPROVED,PAYMENT_LINK,SUCCESS,144580.79,"This is a high-value transaction of ₹144,580.79 INR that requires customer-initiated 2FA authentication. Automated gateway retries frequently fail for transactions of this scale due to bank security policies. Sending a secure payment link directly to the customer provides a seamless authentication flow and yields optimal recovery."
c7d44fc7-acfe-4d36-aa91-41909cbcf25a,subscription_failure,2026-08-21T05:37:46.518212+00:00,109860.1,cust_high_v_3023,card_declined,1,1.45,"{""total_past_payments"": 8, ""past_successful_payments"": 7, ""past_recovery_rate"": 0.875}",8,7,0.875,high_value_link_responder,1,0.8129,PAYMENT_LINK,APPROVED,PAYMENT_LINK,SUCCESS,109860.1,"This is a high-value transaction of ₹109,860.10 INR that requires customer-initiated 2FA authentication. Automated gateway retries frequently fail for transactions of this scale due to bank security policies. Sending a secure payment link directly to the customer provides a seamless authentication flow and yields optimal recovery."
7368b974-d218-44a0-a116-4b82be051473,overdue_invoice,2026-07-27T21:21:50.574679+00:00,54065.67,cust_slow_b_5440,overdue,3,13.72,"{""total_past_payments"": 22, ""past_successful_payments"": 20, ""past_recovery_rate"": 0.9091}",22,20,0.9091,slow_but_reliable_payer,1,0.8409,REMINDER,APPROVED,REMINDER,SUCCESS,54065.67,"The invoice of ₹54,065.67 INR is overdue with 3 previous attempt(s). The customer has a solid historical recovery rate of 90.9%, indicating willingness to pay once notified. Sending a formal payment reminder notice is the most effective approach to prompt settlement."
a6ad6f50-ef31-4830-8876-eed7ae0868d3,checkout_abandonment,2026-08-11T04:12:24.150522+00:00,9011.98,cust_checko_9414,abandoned,2,1.54,"{""total_past_payments"": 2, ""past_successful_payments"": 1, ""past_recovery_rate"": 0.5}",2,1,0.5,checkout_abandoner,0,0.1556,STOP,APPROVED,STOP,NO_ACTION,0.0,"The predicted recovery probability is extremely low (13.3%), indicating high likelihood of permanent failure. Given 2 prior failed attempt(s) and poor past payment performance, continuing automated attempts would incur unnecessary fees and annoy the customer. We recommend halting all recovery efforts for this invoice."
101ef643-a191-4080-b6a8-739263b68a76,checkout_abandonment,2026-08-04T12:05:14.747398+00:00,3538.12,cust_checko_7852,abandoned,2,2.18,"{""total_past_payments"": 3, ""past_successful_payments"": 2, ""past_recovery_rate"": 0.6667}",3,2,0.6667,checkout_abandoner,0,0.3659,REMINDER,APPROVED,REMINDER,FAILED,0.0,"The customer abandoned checkout for an order worth ₹3,538.12 INR. Since no transaction was submitted to the payment gateway, automated retries are inapplicable. We recommend sending a targeted checkout reminder notice with an instant payment link."
cf96fc32-de38-4adb-9e1c-7d7a1b5ec58e,subscription_failure,2026-08-13T06:08:19.126841+00:00,6702.59,cust_reliab_7660,network_error,1,0.68,"{""total_past_payments"": 15, ""past_successful_payments"": 15, ""past_recovery_rate"": 1.0}",15,15,1.0,reliable_temporary_glitch,1,0.8526,RETRY,APPROVED,RETRY,SUCCESS,6702.59,The failure reason 'network_error' appears transient with an estimated recovery probability of 52.6%. The customer maintains a healthy historical success rate of 100.0% across 15 past payments. An automated payment gateway retry within standard cooldown limits is recommended.
9b81bc24-e475-4dea-b267-9346449e304a,subscription_failure,2026-08-19T05:30:43.469756+00:00,3980.53,cust_reliab_5683,insufficient_funds,1,0.41,"{""total_past_payments"": 13, ""past_successful_payments"": 11, ""past_recovery_rate"": 0.8462}",13,11,0.8462,reliable_temporary_glitch,0,0.859,RETRY,APPROVED,RETRY,FAILED,0.0,The failure reason 'insufficient_funds' appears transient with an estimated recovery probability of 88.1%. The customer maintains a healthy historical success rate of 84.6% across 13 past payments. An automated payment gateway retry within standard cooldown limits is recommended.
b140216f-5c93-4d6d-abb0-22543721affd,subscription_failure,2026-08-06T06:28:47.593565+00:00,5900.22,cust_chroni_7643,card_declined,6,3.99,"{""total_past_payments"": 19, ""past_successful_payments"": 5, ""past_recovery_rate"": 0.2632}",19,5,0.2632,chronic_failer,1,0.6194,ESCALATE,APPROVED,ESCALATE,PENDING,0.0,"Automated recovery has failed after 6 attempts for this transaction of ₹5,900.22 INR. With ML recovery probability estimated at 55.0%, automated retries have diminishing returns. Escalating to a human customer success representative is recommended for personalized outreach."
372f409d-5411-4703-8f8a-3c73c0e85f02,overdue_invoice,2026-08-21T07:28:55.930660+00:00,48248.1,cust_slow_b_9652,overdue,3,23.74,"{""total_past_payments"": 11, ""past_successful_payments"": 10, ""past_recovery_rate"": 0.9091}",11,10,0.9091,slow_but_reliable_payer,1,0.9045,REMINDER,APPROVED,REMINDER,SUCCESS,48248.1,"The invoice of ₹48,248.10 INR is overdue with 3 previous attempt(s). The customer has a solid historical recovery rate of 90.9%, indicating willingness to pay once notified. Sending a formal payment reminder notice is the most effective approach to prompt settlement."
b367a3f5-a275-4a7f-bc13-b8df72d78b92,payment_failure,2026-07-29T14:51:34.788642+00:00,228354.69,cust_high_v_1834,insufficient_funds,1,0.69,"{""total_past_payments"": 9, ""past_successful_payments"": 7, ""past_recovery_rate"": 0.7778}",9,7,0.7778,high_value_link_responder,1,0.4993,PAYMENT_LINK,APPROVED,PAYMENT_LINK,SUCCESS,228354.69,"This is a high-value transaction of ₹228,354.69 INR that requires customer-initiated 2FA authentication. Automated gateway retries frequently fail for transactions of this scale due to bank security policies. Sending a secure payment link directly to the customer provides a seamless authentication flow and yields optimal recovery."
e9cadaea-3fe4-4a67-9ef6-1bb2a78effe8,payment_failure,2026-08-18T03:12:11.020650+00:00,7329.55,cust_chroni_8915,card_declined,4,5.99,"{""total_past_payments"": 5, ""past_successful_payments"": 1, ""past_recovery_rate"": 0.2}",5,1,0.2,chronic_failer,0,0.0339,STOP,APPROVED,STOP,NO_ACTION,0.0,"The predicted recovery probability is extremely low (1.6%), indicating high likelihood of permanent failure. Given 4 prior failed attempt(s) and poor past payment performance, continuing automated attempts would incur unnecessary fees and annoy the customer. We recommend halting all recovery efforts for this invoice."
58a872c2-8dc0-4e88-ba4b-e4b7707792f7,payment_failure,2026-08-12T09:15:39.356371+00:00,14030.12,cust_reliab_1942,network_error,1,1.88,"{""total_past_payments"": 49, ""past_successful_payments"": 47, ""past_recovery_rate"": 0.9592}",49,47,0.9592,reliable_temporary_glitch,1,0.6264,RETRY,APPROVED,RETRY,SUCCESS,14030.12,The failure reason 'network_error' appears transient with an estimated recovery probability of 87.0%. The customer maintains a healthy historical success rate of 95.9% across 49 past payments. An automated payment gateway retry within standard cooldown limits is recommended.
d75ba044-693c-4cb1-9dbb-e93a01a2a380,overdue_invoice,2026-08-10T21:55:42.283056+00:00,10463.9,cust_slow_b_8058,overdue,3,9.65,"{""total_past_payments"": 15, ""past_successful_payments"": 11, ""past_recovery_rate"": 0.7333}",15,11,0.7333,slow_but_reliable_payer,1,0.8385,REMINDER,APPROVED,REMINDER,SUCCESS,10463.9,"The invoice of ₹10,463.90 INR is overdue with 3 previous attempt(s). The customer has a solid historical recovery rate of 73.3%, indicating willingness to pay once notified. Sending a formal payment reminder notice is the most effective approach to prompt settlement."
916dab60-910b-485d-a4b9-baca10155899,overdue_invoice,2026-08-06T21:47:39.971460+00:00,24006.74,cust_slow_b_5903,overdue,3,11.25,"{""total_past_payments"": 19, ""past_successful_payments"": 15, ""past_recovery_rate"": 0.7895}",19,15,0.7895,slow_but_reliable_payer,1,0.9899,REMINDER,APPROVED,REMINDER,SUCCESS,24006.74,"The invoice of ₹24,006.74 INR is overdue with 3 previous attempt(s). The customer has a solid historical recovery rate of 79.0%, indicating willingness to pay once notified. Sending a formal payment reminder notice is the most effective approach to prompt settlement."
9321092f-f238-4676-99e0-97bd19e2510e,checkout_abandonment,2026-08-13T10:42:15.775833+00:00,11877.21,cust_checko_1095,abandoned,2,0.65,"{""total_past_payments"": 5, ""past_successful_payments"": 3, ""past_recovery_rate"": 0.6}",5,3,0.6,checkout_abandoner,1,0.1525,REMINDER,BLOCKED: max_daily_contact_attempts_per_customer,STOP,NO_ACTION,0.0,"The customer abandoned checkout for an order worth ₹11,877.21 INR. Since no transaction was submitted to the payment gateway, automated retries are inapplicable. We recommend sending a targeted checkout reminder notice with an instant payment link."
32474052-0eab-440c-9594-4f2e5c959ac8,payment_failure,2026-08-09T16:39:29.030820+00:00,192382.9,cust_high_v_5354,card_declined,1,0.9,"{""total_past_payments"": 11, ""past_successful_payments"": 10, ""past_recovery_rate"": 0.9091}",11,10,0.9091,high_value_link_responder,1,0.1972,PAYMENT_LINK,APPROVED,PAYMENT_LINK,SUCCESS,192382.9,"This is a high-value transaction of ₹192,382.90 INR that requires customer-initiated 2FA authentication. Automated gateway retries frequently fail for transactions of this scale due to bank security policies. Sending a secure payment link directly to the customer provides a seamless authentication flow and yields optimal recovery."
a9d9849b-31bf-4509-a80d-98e3aab109fd,payment_failure,2026-08-01T01:52:51.315077+00:00,53672.65,cust_high_v_7370,network_error,2,1.75,"{""total_past_payments"": 28, ""past_successful_payments"": 24, ""past_recovery_rate"": 0.8571}",28,24,0.8571,high_value_link_responder,0,0.8306,PAYMENT_LINK,APPROVED,PAYMENT_LINK,FAILED,0.0,"This is a high-value transaction of ₹53,672.65 INR that requires customer-initiated 2FA authentication. Automated gateway retries frequently fail for transactions of this scale due to bank security policies. Sending a secure payment link directly to the customer provides a seamless authentication flow and yields optimal recovery."
90a33b12-ff4a-4177-9636-4029c4decf5e,payment_failure,2026-08-21T02:54:14.184448+00:00,10424.35,cust_reliab_1131,network_error,1,1.39,"{""total_past_payments"": 31, ""past_successful_payments"": 28, ""past_recovery_rate"": 0.9032}",31,28,0.9032,reliable_temporary_glitch,1,0.9655,RETRY,APPROVED,RETRY,SUCCESS,10424.35,The failure reason 'network_error' appears transient with an estimated recovery probability of 95.2%. The customer maintains a healthy historical success rate of 90.3% across 31 past payments. An automated payment gateway retry within standard cooldown limits is recommended.
c7edad2b-4cea-4ceb-91e0-72f8d8948ee8,payment_failure,2026-07-29T16:52:59.743168+00:00,4092.34,cust_reliab_2884,network_error,1,1.49,"{""total_past_payments"": 21, ""past_successful_payments"": 19, ""past_recovery_rate"": 0.9048}",21,19,0.9048,reliable_temporary_glitch,1,0.9375,RETRY,APPROVED,RETRY,SUCCESS,4092.34,The failure reason 'network_error' appears transient with an estimated recovery probability of 97.4%. The customer maintains a healthy historical success rate of 90.5% across 21 past payments. An automated payment gateway retry within standard cooldown limits is recommended.
13080a1e-18f1-4ea6-bc61-22f0115841d3,subscription_failure,2026-07-31T08:04:45.626378+00:00,207239.31,cust_high_v_3436,card_declined,3,2.33,"{""total_past_payments"": 24, ""past_successful_payments"": 16, ""past_recovery_rate"": 0.6667}",24,16,0.6667,high_value_link_responder,1,0.6358,PAYMENT_LINK,APPROVED,PAYMENT_LINK,SUCCESS,207239.31,"This is a high-value transaction of ₹207,239.31 INR that requires customer-initiated 2FA authentication. Automated gateway retries frequently fail for transactions of this scale due to bank security policies. Sending a secure payment link directly to the customer provides a seamless authentication flow and yields optimal recovery."
2df65237-a09a-4b46-9141-a4b0a761f475,payment_failure,2026-07-22T19:38:38.597727+00:00,7446.97,cust_chroni_1834,card_declined,6,1.11,"{""total_past_payments"": 8, ""past_successful_payments"": 1, ""past_recovery_rate"": 0.125}",8,1,0.125,chronic_failer,0,0.0282,STOP,APPROVED,STOP,NO_ACTION,0.0,"The predicted recovery probability is extremely low (3.1%), indicating high likelihood of permanent failure. Given 6 prior failed attempt(s) and poor past payment performance, continuing automated attempts would incur unnecessary fees and annoy the customer. We recommend halting all recovery efforts for this invoice."
56f3f363-5580-411f-b0b0-1037a03c0716,subscription_failure,2026-08-08T17:57:23.655280+00:00,678.53,cust_chroni_6956,card_declined,6,4.86,"{""total_past_payments"": 11, ""past_successful_payments"": 1, ""past_recovery_rate"": 0.0909}",11,1,0.0909,chronic_failer,0,0.0658,STOP,APPROVED,STOP,NO_ACTION,0.0,"The predicted recovery probability is extremely low (0.8%), indicating high likelihood of permanent failure. Given 6 prior failed attempt(s) and poor past payment performance, continuing automated attempts would incur unnecessary fees and annoy the customer. We recommend halting all recovery efforts for this invoice."
850162a5-8e8a-49c3-b6e3-7b36c888462d,payment_failure,2026-08-11T22:26:44.702868+00:00,1189.57,cust_reliab_8734,network_error,1,0.1,"{""total_past_payments"": 30, ""past_successful_payments"": 26, ""past_recovery_rate"": 0.8667}",30,26,0.8667,reliable_temporary_glitch,1,0.9709,RETRY,APPROVED,RETRY,SUCCESS,1189.57,The failure reason 'network_error' appears transient with an estimated recovery probability of 98.2%. The customer maintains a healthy historical success rate of 86.7% across 30 past payments. An automated payment gateway retry within standard cooldown limits is recommended.
3e262375-a4d1-408e-bc56-7a2fe8b25017,checkout_abandonment,2026-08-11T12:02:52.951114+00:00,1738.16,cust_checko_6920,abandoned,1,2.11,"{""total_past_payments"": 2, ""past_successful_payments"": 1, ""past_recovery_rate"": 0.5}",2,1,0.5,checkout_abandoner,0,0.2743,REMINDER,APPROVED,REMINDER,FAILED,0.0,"The customer abandoned checkout for an order worth ₹1,738.16 INR. Since no transaction was submitted to the payment gateway, automated retries are inapplicable. We recommend sending a targeted checkout reminder notice with an instant payment link."
834cd109-84f4-424a-866c-caa7a6da4bfe,checkout_abandonment,2026-08-14T09:11:22.522527+00:00,3637.19,cust_checko_2971,abandoned,2,0.44,"{""total_past_payments"": 1, ""past_successful_payments"": 0, ""past_recovery_rate"": 0.0}",1,0,0.0,checkout_abandoner,0,0.0311,STOP,APPROVED,STOP,NO_ACTION,0.0,"The predicted recovery probability is extremely low (14.9%), indicating high likelihood of permanent failure. Given 2 prior failed attempt(s) and poor past payment performance, continuing automated attempts would incur unnecessary fees and annoy the customer. We recommend halting all recovery efforts for this invoice."
f401e39a-da82-413b-bfe5-3b71ae2f41ad,subscription_failure,2026-08-08T03:46:36.951937+00:00,47193.42,cust_high_v_4309,card_declined,3,2.05,"{""total_past_payments"": 14, ""past_successful_payments"": 11, ""past_recovery_rate"": 0.7857}",14,11,0.7857,high_value_link_responder,1,0.9004,PAYMENT_LINK,APPROVED,PAYMENT_LINK,SUCCESS,47193.42,"This is a high-value transaction of ₹47,193.42 INR that requires customer-initiated 2FA authentication. Automated gateway retries frequently fail for transactions of this scale due to bank security policies. Sending a secure payment link directly to the customer provides a seamless authentication flow and yields optimal recovery."
06e96da5-d586-4996-a203-5c7abb96c997,checkout_abandonment,2026-08-08T23:37:05.322510+00:00,8669.02,cust_checko_2923,abandoned,2,2.71,"{""total_past_payments"": 7, ""past_successful_payments"": 4, ""past_recovery_rate"": 0.5714}",7,4,0.5714,checkout_abandoner,0,0.2106,REMINDER,APPROVED,REMINDER,FAILED,0.0,"The customer abandoned checkout for an order worth ₹8,669.02 INR. Since no transaction was submitted to the payment gateway, automated retries are inapplicable. We recommend sending a targeted checkout reminder notice with an instant payment link."
6ce252de-e6cf-4e9e-a90d-84dc40147806,checkout_abandonment,2026-08-20T20:58:52.539892+00:00,7370.22,cust_checko_4116,abandoned,1,1.01,"{""total_past_payments"": 9, ""past_successful_payments"": 2, ""past_recovery_rate"": 0.2222}",9,2,0.2222,checkout_abandoner,0,0.8273,REMINDER,APPROVED,REMINDER,FAILED,0.0,"The customer abandoned checkout for an order worth ₹7,370.22 INR. Since no transaction was submitted to the payment gateway, automated retries are inapplicable. We recommend sending a targeted checkout reminder notice with an instant payment link."
c2720d9b-9540-4aa7-9a4b-aa4e5733a8d3,overdue_invoice,2026-07-26T10:08:49.450456+00:00,97438.46,cust_slow_b_7393,overdue,1,15.94,"{""total_past_payments"": 20, ""past_successful_payments"": 16, ""past_recovery_rate"": 0.8}",20,16,0.8,slow_but_reliable_payer,1,0.9584,REMINDER,APPROVED,REMINDER,SUCCESS,97438.46,"The invoice of ₹97,438.46 INR is overdue with 1 previous attempt(s). The customer has a solid historical recovery rate of 80.0%, indicating willingness to pay once notified. Sending a formal payment reminder notice is the most effective approach to prompt settlement."
8da9ad26-fe01-4a33-b65e-d4860eac8085,payment_failure,2026-07-31T15:05:29.506909+00:00,7057.41,cust_chroni_4609,card_declined,6,4.02,"{""total_past_payments"": 18, ""past_successful_payments"": 2, ""past_recovery_rate"": 0.1111}",18,2,0.1111,chronic_failer,0,0.0291,STOP,APPROVED,STOP,NO_ACTION,0.0,"The predicted recovery probability is extremely low (1.6%), indicating high likelihood of permanent failure. Given 6 prior failed attempt(s) and poor past payment performance, continuing automated attempts would incur unnecessary fees and annoy the customer. We recommend halting all recovery efforts for this invoice."
955d2d94-0c35-46ce-bbc2-03453782670c,payment_failure,2026-08-14T19:30:07.141615+00:00,8236.7,cust_reliab_5550,network_error,2,0.17,"{""total_past_payments"": 19, ""past_successful_payments"": 19, ""past_recovery_rate"": 1.0}",19,19,1.0,reliable_temporary_glitch,1,0.7724,RETRY,APPROVED,RETRY,SUCCESS,8236.7,The failure reason 'network_error' appears transient with an estimated recovery probability of 85.9%. The customer maintains a healthy historical success rate of 100.0% across 19 past payments. An automated payment gateway retry within standard cooldown limits is recommended.
470610d8-d0c9-400d-a601-c67b3ed90e89,overdue_invoice,2026-07-27T19:52:32.865375+00:00,58113.54,cust_slow_b_7047,overdue,1,21.22,"{""total_past_payments"": 24, ""past_successful_payments"": 20, ""past_recovery_rate"": 0.8333}",24,20,0.8333,slow_but_reliable_payer,1,0.9457,REMINDER,APPROVED,REMINDER,SUCCESS,58113.54,"The invoice of ₹58,113.54 INR is overdue with 1 previous attempt(s). The customer has a solid historical recovery rate of 83.3%, indicating willingness to pay once notified. Sending a formal payment reminder notice is the most effective approach to prompt settlement."
cada7aa2-2120-4e92-9f35-5c48066b76f4,subscription_failure,2026-08-13T14:37:25.312263+00:00,55062.61,cust_high_v_1170,insufficient_funds,3,1.24,"{""total_past_payments"": 6, ""past_successful_payments"": 5, ""past_recovery_rate"": 0.8333}",6,5,0.8333,high_value_link_responder,0,0.9113,PAYMENT_LINK,APPROVED,PAYMENT_LINK,FAILED,0.0,"This is a high-value transaction of ₹55,062.61 INR that requires customer-initiated 2FA authentication. Automated gateway retries frequently fail for transactions of this scale due to bank security policies. Sending a secure payment link directly to the customer provides a seamless authentication flow and yields optimal recovery."
41d66b7e-cebd-45d1-ac5d-ca5493bffac4,overdue_invoice,2026-08-05T09:48:40.780012+00:00,98088.61,cust_slow_b_5216,insufficient_funds,3,7.66,"{""total_past_payments"": 16, ""past_successful_payments"": 15, ""past_recovery_rate"": 0.9375}",16,15,0.9375,slow_but_reliable_payer,0,0.5141,REMINDER,APPROVED,REMINDER,FAILED,0.0,"The invoice of ₹98,088.61 INR is overdue with 3 previous attempt(s). The customer has a solid historical recovery rate of 93.8%, indicating willingness to pay once notified. Sending a formal payment reminder notice is the most effective approach to prompt settlement."
a669b8b7-824b-4c4e-bcb6-9974ac943b97,checkout_abandonment,2026-07-28T00:36:04.775882+00:00,2998.38,cust_checko_7479,abandoned,2,0.77,"{""total_past_payments"": 10, ""past_successful_payments"": 6, ""past_recovery_rate"": 0.6}",10,6,0.6,checkout_abandoner,0,0.4388,STOP,APPROVED,STOP,NO_ACTION,0.0,"The predicted recovery probability is extremely low (10.8%), indicating high likelihood of permanent failure. Given 2 prior failed attempt(s) and poor past payment performance, continuing automated attempts would incur unnecessary fees and annoy the customer. We recommend halting all recovery efforts for this invoice."
2e513616-0611-4fd2-9ded-c5a61441be40,payment_failure,2026-08-18T17:16:25.043626+00:00,3131.95,cust_reliab_9036,card_declined,1,1.65,"{""total_past_payments"": 21, ""past_successful_payments"": 18, ""past_recovery_rate"": 0.8571}",21,18,0.8571,reliable_temporary_glitch,0,0.9627,RETRY,APPROVED,RETRY,FAILED,0.0,The failure reason 'card_declined' appears transient with an estimated recovery probability of 99.5%. The customer maintains a healthy historical success rate of 85.7% across 21 past payments. An automated payment gateway retry within standard cooldown limits is recommended.
6744d8a5-2dc3-4596-8052-601831a706ff,payment_failure,2026-08-12T05:24:56.984202+00:00,224181.93,cust_high_v_2180,card_declined,2,2.22,"{""total_past_payments"": 11, ""past_successful_payments"": 7, ""past_recovery_rate"": 0.6364}",11,7,0.6364,high_value_link_responder,0,0.8086,PAYMENT_LINK,APPROVED,PAYMENT_LINK,FAILED,0.0,"This is a high-value transaction of ₹224,181.93 INR that requires customer-initiated 2FA authentication. Automated gateway retries frequently fail for transactions of this scale due to bank security policies. Sending a secure payment link directly to the customer provides a seamless authentication flow and yields optimal recovery."
ef168c22-e793-4200-a62f-a681a6e25e1a,overdue_invoice,2026-08-17T09:52:53.239370+00:00,77539.98,cust_slow_b_2802,overdue,1,20.08,"{""total_past_payments"": 16, ""past_successful_payments"": 13, ""past_recovery_rate"": 0.8125}",16,13,0.8125,slow_but_reliable_payer,0,0.8159,REMINDER,APPROVED,REMINDER,FAILED,0.0,"The invoice of ₹77,539.98 INR is overdue with 1 previous attempt(s). The customer has a solid historical recovery rate of 81.2%, indicating willingness to pay once notified. Sending a formal payment reminder notice is the most effective approach to prompt settlement."
359b7e04-ec38-4487-a38e-536d866bf982,subscription_failure,2026-08-20T05:14:18.086484+00:00,80877.16,cust_high_v_1153,network_error,1,1.17,"{""total_past_payments"": 25, ""past_successful_payments"": 19, ""past_recovery_rate"": 0.76}",25,19,0.76,high_value_link_responder,0,0.8003,PAYMENT_LINK,APPROVED,PAYMENT_LINK,FAILED,0.0,"This is a high-value transaction of ₹80,877.16 INR that requires customer-initiated 2FA authentication. Automated gateway retries frequently fail for transactions of this scale due to bank security policies. Sending a secure payment link directly to the customer provides a seamless authentication flow and yields optimal recovery."
c0dda722-cb60-4a61-8c11-5883744d7ad3,payment_failure,2026-08-15T11:03:34.580210+00:00,7466.17,cust_reliab_3531,insufficient_funds,2,1.65,"{""total_past_payments"": 29, ""past_successful_payments"": 26, ""past_recovery_rate"": 0.8966}",29,26,0.8966,reliable_temporary_glitch,1,0.9297,RETRY,APPROVED,RETRY,SUCCESS,7466.17,The failure reason 'insufficient_funds' appears transient with an estimated recovery probability of 95.2%. The customer maintains a healthy historical success rate of 89.7% across 29 past payments. An automated payment gateway retry within standard cooldown limits is recommended.
7bbf516f-fe0c-4320-b6a0-0bdadcc0a7fa,subscription_failure,2026-08-05T05:19:47.625021+00:00,365.42,cust_chroni_7804,card_declined,3,1.62,"{""total_past_payments"": 11, ""past_successful_payments"": 1, ""past_recovery_rate"": 0.0909}",11,1,0.0909,chronic_failer,1,0.3061,ESCALATE,APPROVED,ESCALATE,PENDING,0.0,"Automated recovery has failed after 3 attempts for this transaction of ₹365.42 INR. With ML recovery probability estimated at 44.2%, automated retries have diminishing returns. Escalating to a human customer success representative is recommended for personalized outreach."
d53e7317-f8b0-4af2-accb-66f736364f4b,payment_failure,2026-08-01T20:52:07.240072+00:00,1961.9,cust_chroni_2804,card_declined,6,5.12,"{""total_past_payments"": 5, ""past_successful_payments"": 1, ""past_recovery_rate"": 0.2}",5,1,0.2,chronic_failer,0,0.0908,STOP,APPROVED,STOP,NO_ACTION,0.0,"The predicted recovery probability is extremely low (2.2%), indicating high likelihood of permanent failure. Given 6 prior failed attempt(s) and poor past payment performance, continuing automated attempts would incur unnecessary fees and annoy the customer. We recommend halting all recovery efforts for this invoice."
66ecaba4-c222-4e2b-b7fc-b171d051921d,payment_failure,2026-08-19T05:48:08.748440+00:00,40035.23,cust_slow_b_3475,overdue,2,28.08,"{""total_past_payments"": 6, ""past_successful_payments"": 6, ""past_recovery_rate"": 1.0}",6,6,1.0,slow_but_reliable_payer,1,0.8265,PAYMENT_LINK,APPROVED,PAYMENT_LINK,SUCCESS,40035.23,"This is a high-value transaction of ₹40,035.23 INR that requires customer-initiated 2FA authentication. Automated gateway retries frequently fail for transactions of this scale due to bank security policies. Sending a secure payment link directly to the customer provides a seamless authentication flow and yields optimal recovery."
971970e5-8ea7-4e65-948e-2a923d5abdfe,checkout_abandonment,2026-08-01T12:17:39.662908+00:00,3933.06,cust_checko_9179,abandoned,2,1.18,"{""total_past_payments"": 1, ""past_successful_payments"": 0, ""past_recovery_rate"": 0.0}",1,0,0.0,checkout_abandoner,0,0.04,STOP,APPROVED,STOP,NO_ACTION,0.0,"The predicted recovery probability is extremely low (9.2%), indicating high likelihood of permanent failure. Given 2 prior failed attempt(s) and poor past payment performance, continuing automated attempts would incur unnecessary fees and annoy the customer. We recommend halting all recovery efforts for this invoice."
c04ebacc-c715-4e52-92f8-d6783dd7ec7a,subscription_failure,2026-07-31T04:35:25.356476+00:00,795.68,cust_chroni_3401,insufficient_funds,3,6.17,"{""total_past_payments"": 6, ""past_successful_payments"": 2, ""past_recovery_rate"": 0.3333}",6,2,0.3333,chronic_failer,0,0.0538,STOP,APPROVED,STOP,NO_ACTION,0.0,"The predicted recovery probability is extremely low (3.9%), indicating high likelihood of permanent failure. Given 3 prior failed attempt(s) and poor past payment performance, continuing automated attempts would incur unnecessary fees and annoy the customer. We recommend halting all recovery efforts for this invoice."
4f280979-402a-40b6-91b8-2280b181b12d,overdue_invoice,2026-08-19T12:15:55.335647+00:00,62005.86,cust_slow_b_3089,overdue,3,11.96,"{""total_past_payments"": 6, ""past_successful_payments"": 5, ""past_recovery_rate"": 0.8333}",6,5,0.8333,slow_but_reliable_payer,1,0.7443,REMINDER,APPROVED,REMINDER,SUCCESS,62005.86,"The invoice of ₹62,005.86 INR is overdue with 3 previous attempt(s). The customer has a solid historical recovery rate of 83.3%, indicating willingness to pay once notified. Sending a formal payment reminder notice is the most effective approach to prompt settlement."
4617c6b8-db31-4b8f-bcd7-65b2465a523d,payment_failure,2026-08-08T19:34:19.551512+00:00,5608.68,cust_chroni_5028,card_declined,6,4.61,"{""total_past_payments"": 12, ""past_successful_payments"": 1, ""past_recovery_rate"": 0.0833}",12,1,0.0833,chronic_failer,0,0.0113,STOP,APPROVED,STOP,NO_ACTION,0.0,"The predicted recovery probability is extremely low (0.3%), indicating high likelihood of permanent failure. Given 6 prior failed attempt(s) and poor past payment performance, continuing automated attempts would incur unnecessary fees and annoy the customer. We recommend halting all recovery efforts for this invoice."
f7f394af-b68f-443c-b8cb-d4211c774f46,checkout_abandonment,2026-08-14T15:02:55.453905+00:00,1415.78,cust_checko_4853,abandoned,2,1.68,"{""total_past_payments"": 3, ""past_successful_payments"": 2, ""past_recovery_rate"": 0.6667}",3,2,0.6667,checkout_abandoner,1,0.4298,STOP,APPROVED,STOP,NO_ACTION,0.0,"The predicted recovery probability is extremely low (3.1%), indicating high likelihood of permanent failure. Given 2 prior failed attempt(s) and poor past payment performance, continuing automated attempts would incur unnecessary fees and annoy the customer. We recommend halting all recovery efforts for this invoice."
cc1178fd-5d63-44d4-83c6-bc02e96ff551,checkout_abandonment,2026-08-10T15:48:15.514340+00:00,5923.85,cust_checko_6723,abandoned,1,2.78,"{""total_past_payments"": 0, ""past_successful_payments"": 0, ""past_recovery_rate"": 0.0}",0,0,0.0,checkout_abandoner,0,0.0827,STOP,APPROVED,STOP,NO_ACTION,0.0,"The predicted recovery probability is extremely low (16.3%), indicating high likelihood of permanent failure. Given 1 prior failed attempt(s) and poor past payment performance, continuing automated attempts would incur unnecessary fees and annoy the customer. We recommend halting all recovery efforts for this invoice."
80d983c2-eff9-4315-99d7-d20e2dc58d91,payment_failure,2026-07-27T11:20:58.221752+00:00,149087.59,cust_high_v_3257,network_error,2,1.11,"{""total_past_payments"": 12, ""past_successful_payments"": 7, ""past_recovery_rate"": 0.5833}",12,7,0.5833,high_value_link_responder,1,0.5302,PAYMENT_LINK,APPROVED,PAYMENT_LINK,SUCCESS,149087.59,"This is a high-value transaction of ₹149,087.59 INR that requires customer-initiated 2FA authentication. Automated gateway retries frequently fail for transactions of this scale due to bank security policies. Sending a secure payment link directly to the customer provides a seamless authentication flow and yields optimal recovery."
fefe159b-80a1-423e-8b09-42867993885d,payment_failure,2026-07-30T12:54:44.977518+00:00,181627.57,cust_high_v_2208,card_declined,2,1.43,"{""total_past_payments"": 27, ""past_successful_payments"": 17, ""past_recovery_rate"": 0.6296}",27,17,0.6296,high_value_link_responder,1,0.8487,PAYMENT_LINK,APPROVED,PAYMENT_LINK,SUCCESS,181627.57,"This is a high-value transaction of ₹181,627.57 INR that requires customer-initiated 2FA authentication. Automated gateway retries frequently fail for transactions of this scale due to bank security policies. Sending a secure payment link directly to the customer provides a seamless authentication flow and yields optimal recovery."
d8b1ca15-7268-4aa5-a927-cb5def30bdb6,payment_failure,2026-08-14T04:17:53.552727+00:00,297.33,cust_chroni_3295,card_declined,6,1.9,"{""total_past_payments"": 7, ""past_successful_payments"": 1, ""past_recovery_rate"": 0.1429}",7,1,0.1429,chronic_failer,0,0.0593,STOP,APPROVED,STOP,NO_ACTION,0.0,"The predicted recovery probability is extremely low (1.2%), indicating high likelihood of permanent failure. Given 6 prior failed attempt(s) and poor past payment performance, continuing automated attempts would incur unnecessary fees and annoy the customer. We recommend halting all recovery efforts for this invoice."
90bde46a-e5ff-4795-8ea8-ad2195af319e,subscription_failure,2026-08-09T04:26:06.000282+00:00,2831.23,cust_chroni_1526,card_declined,3,2.72,"{""total_past_payments"": 6, ""past_successful_payments"": 0, ""past_recovery_rate"": 0.0}",6,0,0.0,chronic_failer,0,0.0032,STOP,APPROVED,STOP,NO_ACTION,0.0,"The predicted recovery probability is extremely low (1.1%), indicating high likelihood of permanent failure. Given 3 prior failed attempt(s) and poor past payment performance, continuing automated attempts would incur unnecessary fees and annoy the customer. We recommend halting all recovery efforts for this invoice."
57ac53c9-f3f5-4dca-94d5-7c72c68e765a,checkout_abandonment,2026-07-24T01:59:49.108622+00:00,5697.12,cust_checko_4724,abandoned,2,2.77,"{""total_past_payments"": 8, ""past_successful_payments"": 3, ""past_recovery_rate"": 0.375}",8,3,0.375,checkout_abandoner,0,0.0694,REMINDER,APPROVED,REMINDER,FAILED,0.0,"The customer abandoned checkout for an order worth ₹5,697.12 INR. Since no transaction was submitted to the payment gateway, automated retries are inapplicable. We recommend sending a targeted checkout reminder notice with an instant payment link."
3af6971d-d357-464c-829e-60bc52aa2590,payment_failure,2026-08-05T21:15:01.568853+00:00,245033.41,cust_high_v_4586,insufficient_funds,1,2.36,"{""total_past_payments"": 17, ""past_successful_payments"": 13, ""past_recovery_rate"": 0.7647}",17,13,0.7647,high_value_link_responder,0,0.9165,PAYMENT_LINK,APPROVED,PAYMENT_LINK,FAILED,0.0,"This is a high-value transaction of ₹245,033.41 INR that requires customer-initiated 2FA authentication. Automated gateway retries frequently fail for transactions of this scale due to bank security policies. Sending a secure payment link directly to the customer provides a seamless authentication flow and yields optimal recovery."
758e171e-f36d-4d47-b964-b5b7fb9bcdcb,payment_failure,2026-07-31T18:11:02.541083+00:00,132418.66,cust_high_v_7086,card_declined,3,2.1,"{""total_past_payments"": 17, ""past_successful_payments"": 11, ""past_recovery_rate"": 0.6471}",17,11,0.6471,high_value_link_responder,1,0.9293,PAYMENT_LINK,APPROVED,PAYMENT_LINK,SUCCESS,132418.66,"This is a high-value transaction of ₹132,418.66 INR that requires customer-initiated 2FA authentication. Automated gateway retries frequently fail for transactions of this scale due to bank security policies. Sending a secure payment link directly to the customer provides a seamless authentication flow and yields optimal recovery."
26ae6bfe-14f5-42bf-a48b-54babd550071,checkout_abandonment,2026-08-19T04:42:32.446487+00:00,7416.85,cust_checko_2744,abandoned,2,0.28,"{""total_past_payments"": 4, ""past_successful_payments"": 1, ""past_recovery_rate"": 0.25}",4,1,0.25,checkout_abandoner,0,0.2028,REMINDER,BLOCKED: max_daily_contact_attempts_per_customer,STOP,NO_ACTION,0.0,"The customer abandoned checkout for an order worth ₹7,416.85 INR. Since no transaction was submitted to the payment gateway, automated retries are inapplicable. We recommend sending a targeted checkout reminder notice with an instant payment link."
a36ecca3-5734-451a-aaaf-526a18e1868d,overdue_invoice,2026-08-02T09:05:28.089918+00:00,12913.01,cust_slow_b_8926,overdue,2,7.13,"{""total_past_payments"": 22, ""past_successful_payments"": 19, ""past_recovery_rate"": 0.8636}",22,19,0.8636,slow_but_reliable_payer,1,0.4547,REMINDER,APPROVED,REMINDER,SUCCESS,12913.01,"The invoice of ₹12,913.01 INR is overdue with 2 previous attempt(s). The customer has a solid historical recovery rate of 86.4%, indicating willingness to pay once notified. Sending a formal payment reminder notice is the most effective approach to prompt settlement."
e33133c7-d520-478d-92e2-c868bb3967c4,payment_failure,2026-08-21T06:37:35.406743+00:00,105246.06,cust_high_v_7400,insufficient_funds,2,2.9,"{""total_past_payments"": 21, ""past_successful_payments"": 14, ""past_recovery_rate"": 0.6667}",21,14,0.6667,high_value_link_responder,0,0.4392,PAYMENT_LINK,APPROVED,PAYMENT_LINK,FAILED,0.0,"This is a high-value transaction of ₹105,246.06 INR that requires customer-initiated 2FA authentication. Automated gateway retries frequently fail for transactions of this scale due to bank security policies. Sending a secure payment link directly to the customer provides a seamless authentication flow and yields optimal recovery."
8a6a51bd-adc9-4cc6-a35b-6c86c01e567c,payment_failure,2026-07-30T06:53:10.399262+00:00,47725.65,cust_high_v_1612,network_error,1,0.56,"{""total_past_payments"": 30, ""past_successful_payments"": 21, ""past_recovery_rate"": 0.7}",30,21,0.7,high_value_link_responder,1,0.1202,PAYMENT_LINK,APPROVED,PAYMENT_LINK,SUCCESS,47725.65,"This is a high-value transaction of ₹47,725.65 INR that requires customer-initiated 2FA authentication. Automated gateway retries frequently fail for transactions of this scale due to bank security policies. Sending a secure payment link directly to the customer provides a seamless authentication flow and yields optimal recovery."
02eb8323-b40a-4673-8832-2d725c0595c1,payment_failure,2026-07-25T23:23:03.838582+00:00,1852.72,cust_reliab_3638,network_error,1,1.78,"{""total_past_payments"": 19, ""past_successful_payments"": 18, ""past_recovery_rate"": 0.9474}",19,18,0.9474,reliable_temporary_glitch,0,0.9644,RETRY,APPROVED,RETRY,FAILED,0.0,The failure reason 'network_error' appears transient with an estimated recovery probability of 99.2%. The customer maintains a healthy historical success rate of 94.7% across 19 past payments. An automated payment gateway retry within standard cooldown limits is recommended.
87ae418e-377f-4cb2-a994-b233ba23ddfa,subscription_failure,2026-07-29T11:18:47.209467+00:00,3690.35,cust_chroni_8059,expired_card,4,3.03,"{""total_past_payments"": 13, ""past_successful_payments"": 3, ""past_recovery_rate"": 0.2308}",13,3,0.2308,chronic_failer,1,0.0267,STOP,APPROVED,STOP,NO_ACTION,0.0,"The predicted recovery probability is extremely low (0.7%), indicating high likelihood of permanent failure. Given 4 prior failed attempt(s) and poor past payment performance, continuing automated attempts would incur unnecessary fees and annoy the customer. We recommend halting all recovery efforts for this invoice."
c486386d-4d3f-4014-b18b-58b7e90309b9,overdue_invoice,2026-08-14T08:34:17.529579+00:00,99730.85,cust_slow_b_9151,overdue,3,6.87,"{""total_past_payments"": 8, ""past_successful_payments"": 7, ""past_recovery_rate"": 0.875}",8,7,0.875,slow_but_reliable_payer,0,0.9384,REMINDER,APPROVED,REMINDER,FAILED,0.0,"The invoice of ₹99,730.85 INR is overdue with 3 previous attempt(s). The customer has a solid historical recovery rate of 87.5%, indicating willingness to pay once notified. Sending a formal payment reminder notice is the most effective approach to prompt settlement."
cb062fd8-084d-4559-9b50-dc5983f74baf,overdue_invoice,2026-07-28T14:36:55.460299+00:00,90562.14,cust_slow_b_5843,insufficient_funds,2,7.35,"{""total_past_payments"": 14, ""past_successful_payments"": 10, ""past_recovery_rate"": 0.7143}",14,10,0.7143,slow_but_reliable_payer,1,0.7615,REMINDER,APPROVED,REMINDER,SUCCESS,90562.14,"The invoice of ₹90,562.14 INR is overdue with 2 previous attempt(s). The customer has a solid historical recovery rate of 71.4%, indicating willingness to pay once notified. Sending a formal payment reminder notice is the most effective approach to prompt settlement."
d19cb1ff-1346-43be-aebe-50db213337c4,overdue_invoice,2026-08-18T20:29:10.082863+00:00,26126.76,cust_slow_b_8242,overdue,2,11.45,"{""total_past_payments"": 19, ""past_successful_payments"": 18, ""past_recovery_rate"": 0.9474}",19,18,0.9474,slow_but_reliable_payer,1,0.9411,REMINDER,APPROVED,REMINDER,SUCCESS,26126.76,"The invoice of ₹26,126.76 INR is overdue with 2 previous attempt(s). The customer has a solid historical recovery rate of 94.7%, indicating willingness to pay once notified. Sending a formal payment reminder notice is the most effective approach to prompt settlement."
e1e737e6-a54c-4793-970e-7802742d068d,subscription_failure,2026-07-26T18:14:55.838911+00:00,3327.33,cust_chroni_6138,card_declined,4,3.64,"{""total_past_payments"": 18, ""past_successful_payments"": 5, ""past_recovery_rate"": 0.2778}",18,5,0.2778,chronic_failer,0,0.0385,ESCALATE,APPROVED,ESCALATE,PENDING,0.0,"Automated recovery has failed after 4 attempts for this transaction of ₹3,327.33 INR. With ML recovery probability estimated at 20.7%, automated retries have diminishing returns. Escalating to a human customer success representative is recommended for personalized outreach."
6c6366ba-e73c-4fc7-9aed-e4f20cc6b0fa,payment_failure,2026-08-13T15:29:43.571315+00:00,221995.7,cust_high_v_5011,network_error,3,0.61,"{""total_past_payments"": 25, ""past_successful_payments"": 15, ""past_recovery_rate"": 0.6}",25,15,0.6,high_value_link_responder,1,0.3831,PAYMENT_LINK,APPROVED,PAYMENT_LINK,SUCCESS,221995.7,"This is a high-value transaction of ₹221,995.70 INR that requires customer-initiated 2FA authentication. Automated gateway retries frequently fail for transactions of this scale due to bank security policies. Sending a secure payment link directly to the customer provides a seamless authentication flow and yields optimal recovery."
fe27a20f-cf95-4930-bf51-5d7aa4362649,checkout_abandonment,2026-08-04T10:14:05.658411+00:00,10311.73,cust_checko_6716,abandoned,1,1.29,"{""total_past_payments"": 7, ""past_successful_payments"": 4, ""past_recovery_rate"": 0.5714}",7,4,0.5714,checkout_abandoner,0,0.7819,STOP,APPROVED,STOP,NO_ACTION,0.0,"The predicted recovery probability is extremely low (20.0%), indicating high likelihood of permanent failure. Given 1 prior failed attempt(s) and poor past payment performance, continuing automated attempts would incur unnecessary fees and annoy the customer. We recommend halting all recovery efforts for this invoice."
0c17eab2-4c80-46e8-9a81-a64518f85063,payment_failure,2026-08-07T14:02:13.308789+00:00,44310.07,cust_high_v_4268,insufficient_funds,3,0.77,"{""total_past_payments"": 17, ""past_successful_payments"": 14, ""past_recovery_rate"": 0.8235}",17,14,0.8235,high_value_link_responder,1,0.2913,PAYMENT_LINK,APPROVED,PAYMENT_LINK,SUCCESS,44310.07,"This is a high-value transaction of ₹44,310.07 INR that requires customer-initiated 2FA authentication. Automated gateway retries frequently fail for transactions of this scale due to bank security policies. Sending a secure payment link directly to the customer provides a seamless authentication flow and yields optimal recovery."
a3005651-dccf-4c30-afa6-11a9acc8149f,overdue_invoice,2026-07-30T07:00:22.175425+00:00,20289.38,cust_slow_b_3384,overdue,2,5.96,"{""total_past_payments"": 8, ""past_successful_payments"": 7, ""past_recovery_rate"": 0.875}",8,7,0.875,slow_but_reliable_payer,1,0.2525,REMINDER,APPROVED,REMINDER,SUCCESS,20289.38,"The invoice of ₹20,289.38 INR is overdue with 2 previous attempt(s). The customer has a solid historical recovery rate of 87.5%, indicating willingness to pay once notified. Sending a formal payment reminder notice is the most effective approach to prompt settlement."
694b0765-2c3d-4fb5-a0af-7a8b3458b96d,payment_failure,2026-08-03T11:57:19.621535+00:00,6014.13,cust_reliab_4465,network_error,2,1.6,"{""total_past_payments"": 40, ""past_successful_payments"": 35, ""past_recovery_rate"": 0.875}",40,35,0.875,reliable_temporary_glitch,1,0.994,RETRY,APPROVED,RETRY,SUCCESS,6014.13,The failure reason 'network_error' appears transient with an estimated recovery probability of 99.6%. The customer maintains a healthy historical success rate of 87.5% across 40 past payments. An automated payment gateway retry within standard cooldown limits is recommended.
e6cc152a-fcd1-40fc-b46f-e7244f2cb6b5,checkout_abandonment,2026-08-19T00:32:43.670357+00:00,1249.94,cust_checko_9597,abandoned,2,0.43,"{""total_past_payments"": 7, ""past_successful_payments"": 4, ""past_recovery_rate"": 0.5714}",7,4,0.5714,checkout_abandoner,1,0.1858,STOP,APPROVED,STOP,NO_ACTION,0.0,"The predicted recovery probability is extremely low (10.0%), indicating high likelihood of permanent failure. Given 2 prior failed attempt(s) and poor past payment performance, continuing automated attempts would incur unnecessary fees and annoy the customer. We recommend halting all recovery efforts for this invoice."
78166893-ed4e-4364-9bc3-b7b13d2fcf24,payment_failure,2026-08-19T22:02:12.280029+00:00,90546.09,cust_slow_b_6722,overdue,2,13.55,"{""total_past_payments"": 13, ""past_successful_payments"": 10, ""past_recovery_rate"": 0.7692}",13,10,0.7692,slow_but_reliable_payer,1,0.9514,PAYMENT_LINK,APPROVED,PAYMENT_LINK,SUCCESS,90546.09,"This is a high-value transaction of ₹90,546.09 INR that requires customer-initiated 2FA authentication. Automated gateway retries frequently fail for transactions of this scale due to bank security policies. Sending a secure payment link directly to the customer provides a seamless authentication flow and yields optimal recovery."
927036cb-6396-489b-aea8-daa58027bcb8,subscription_failure,2026-08-08T10:14:48.182840+00:00,7318.26,cust_chroni_4253,insufficient_funds,6,5.94,"{""total_past_payments"": 19, ""past_successful_payments"": 5, ""past_recovery_rate"": 0.2632}",19,5,0.2632,chronic_failer,1,0.3106,ESCALATE,APPROVED,ESCALATE,PENDING,0.0,"Automated recovery has failed after 6 attempts for this transaction of ₹7,318.26 INR. With ML recovery probability estimated at 28.8%, automated retries have diminishing returns. Escalating to a human customer success representative is recommended for personalized outreach."
9f04b662-84df-4634-b02a-8cb34d46b128,subscription_failure,2026-08-11T19:38:37.443229+00:00,14802.34,cust_reliab_9182,insufficient_funds,2,0.13,"{""total_past_payments"": 39, ""past_successful_payments"": 38, ""past_recovery_rate"": 0.9744}",39,38,0.9744,reliable_temporary_glitch,0,0.7269,RETRY,APPROVED,RETRY,FAILED,0.0,The failure reason 'insufficient_funds' appears transient with an estimated recovery probability of 96.2%. The customer maintains a healthy historical success rate of 97.4% across 39 past payments. An automated payment gateway retry within standard cooldown limits is recommended.
eb1857a1-b80b-4486-8e73-3615b59a9e1f,payment_failure,2026-08-21T10:05:01.774925+00:00,126375.77,cust_high_v_2596,network_error,1,2.09,"{""total_past_payments"": 25, ""past_successful_payments"": 22, ""past_recovery_rate"": 0.88}",25,22,0.88,high_value_link_responder,1,0.6624,PAYMENT_LINK,APPROVED,PAYMENT_LINK,SUCCESS,126375.77,"This is a high-value transaction of ₹126,375.77 INR that requires customer-initiated 2FA authentication. Automated gateway retries frequently fail for transactions of this scale due to bank security policies. Sending a secure payment link directly to the customer provides a seamless authentication flow and yields optimal recovery."
c2f7f325-a364-43d4-9e2a-c50cd17a676f,subscription_failure,2026-07-31T15:17:24.018089+00:00,199236.49,cust_high_v_4131,card_declined,3,1.44,"{""total_past_payments"": 16, ""past_successful_payments"": 11, ""past_recovery_rate"": 0.6875}",16,11,0.6875,high_value_link_responder,1,0.5158,PAYMENT_LINK,APPROVED,PAYMENT_LINK,SUCCESS,199236.49,"This is a high-value transaction of ₹199,236.49 INR that requires customer-initiated 2FA authentication. Automated gateway retries frequently fail for transactions of this scale due to bank security policies. Sending a secure payment link directly to the customer provides a seamless authentication flow and yields optimal recovery."
5344a4fa-e295-4f66-bbc9-0491184f390f,subscription_failure,2026-07-25T15:08:22.740917+00:00,7780.24,cust_reliab_6762,network_error,1,1.43,"{""total_past_payments"": 39, ""past_successful_payments"": 35, ""past_recovery_rate"": 0.8974}",39,35,0.8974,reliable_temporary_glitch,1,0.9702,RETRY,APPROVED,RETRY,SUCCESS,7780.24,The failure reason 'network_error' appears transient with an estimated recovery probability of 99.4%. The customer maintains a healthy historical success rate of 89.7% across 39 past payments. An automated payment gateway retry within standard cooldown limits is recommended.
f092f6c4-640a-48ec-91ea-f6855a421045,checkout_abandonment,2026-07-29T13:52:21.962369+00:00,1759.54,cust_checko_3664,abandoned,1,1.48,"{""total_past_payments"": 5, ""past_successful_payments"": 1, ""past_recovery_rate"": 0.2}",5,1,0.2,checkout_abandoner,0,0.6835,REMINDER,APPROVED,REMINDER,FAILED,0.0,"The customer abandoned checkout for an order worth ₹1,759.54 INR. Since no transaction was submitted to the payment gateway, automated retries are inapplicable. We recommend sending a targeted checkout reminder notice with an instant payment link."
5c37e446-c5fb-4e54-bbb0-48ecf289686e,checkout_abandonment,2026-08-13T00:47:32.520918+00:00,7615.35,cust_checko_1269,abandoned,1,2.99,"{""total_past_payments"": 1, ""past_successful_payments"": 0, ""past_recovery_rate"": 0.0}",1,0,0.0,checkout_abandoner,0,0.1417,REMINDER,APPROVED,REMINDER,FAILED,0.0,"The customer abandoned checkout for an order worth ₹7,615.35 INR. Since no transaction was submitted to the payment gateway, automated retries are inapplicable. We recommend sending a targeted checkout reminder notice with an instant payment link."
3d185289-c8c5-4a77-b5d4-65206a5a2c43,payment_failure,2026-07-29T23:29:16.518617+00:00,233626.5,cust_high_v_1534,network_error,1,2.08,"{""total_past_payments"": 21, ""past_successful_payments"": 16, ""past_recovery_rate"": 0.7619}",21,16,0.7619,high_value_link_responder,1,0.7133,PAYMENT_LINK,APPROVED,PAYMENT_LINK,SUCCESS,233626.5,"This is a high-value transaction of ₹233,626.50 INR that requires customer-initiated 2FA authentication. Automated gateway retries frequently fail for transactions of this scale due to bank security policies. Sending a secure payment link directly to the customer provides a seamless authentication flow and yields optimal recovery."
e84f949c-2098-49d1-8706-9b11e10c95a7,subscription_failure,2026-08-18T02:17:25.412344+00:00,12916.97,cust_reliab_7484,insufficient_funds,1,0.77,"{""total_past_payments"": 39, ""past_successful_payments"": 35, ""past_recovery_rate"": 0.8974}",39,35,0.8974,reliable_temporary_glitch,1,0.5881,RETRY,APPROVED,RETRY,SUCCESS,12916.97,The failure reason 'insufficient_funds' appears transient with an estimated recovery probability of 79.9%. The customer maintains a healthy historical success rate of 89.7% across 39 past payments. An automated payment gateway retry within standard cooldown limits is recommended.
1993dbac-4f87-49d9-85ec-50dfc07226ca,checkout_abandonment,2026-08-13T00:32:09.613392+00:00,10609.46,cust_checko_1068,abandoned,2,1.06,"{""total_past_payments"": 6, ""past_successful_payments"": 3, ""past_recovery_rate"": 0.5}",6,3,0.5,checkout_abandoner,1,0.6531,REMINDER,APPROVED,REMINDER,SUCCESS,10609.46,"The customer abandoned checkout for an order worth ₹10,609.46 INR. Since no transaction was submitted to the payment gateway, automated retries are inapplicable. We recommend sending a targeted checkout reminder notice with an instant payment link."
caac82d5-90ca-47c6-b650-dfed8eddf013,payment_failure,2026-07-28T00:42:07.703388+00:00,209507.74,cust_high_v_8045,card_declined,3,1.29,"{""total_past_payments"": 10, ""past_successful_payments"": 9, ""past_recovery_rate"": 0.9}",10,9,0.9,high_value_link_responder,1,0.9654,PAYMENT_LINK,APPROVED,PAYMENT_LINK,SUCCESS,209507.74,"This is a high-value transaction of ₹209,507.74 INR that requires customer-initiated 2FA authentication. Automated gateway retries frequently fail for transactions of this scale due to bank security policies. Sending a secure payment link directly to the customer provides a seamless authentication flow and yields optimal recovery."
4537cabd-af03-4d9d-8219-c10c4a216771,payment_failure,2026-08-02T04:44:18.420811+00:00,84569.49,cust_slow_b_3846,overdue,3,15.73,"{""total_past_payments"": 24, ""past_successful_payments"": 19, ""past_recovery_rate"": 0.7917}",24,19,0.7917,slow_but_reliable_payer,1,0.9818,PAYMENT_LINK,APPROVED,PAYMENT_LINK,SUCCESS,84569.49,"This is a high-value transaction of ₹84,569.49 INR that requires customer-initiated 2FA authentication. Automated gateway retries frequently fail for transactions of this scale due to bank security policies. Sending a secure payment link directly to the customer provides a seamless authentication flow and yields optimal recovery."
6b4c9e21-198b-4330-abc5-465e6a28cd87,payment_failure,2026-08-17T17:46:24.184665+00:00,51633.86,cust_high_v_5263,insufficient_funds,3,2.46,"{""total_past_payments"": 29, ""past_successful_payments"": 23, ""past_recovery_rate"": 0.7931}",29,23,0.7931,high_value_link_responder,0,0.6813,PAYMENT_LINK,APPROVED,PAYMENT_LINK,FAILED,0.0,"This is a high-value transaction of ₹51,633.86 INR that requires customer-initiated 2FA authentication. Automated gateway retries frequently fail for transactions of this scale due to bank security policies. Sending a secure payment link directly to the customer provides a seamless authentication flow and yields optimal recovery."
7561a546-ef76-491f-807d-81f71e462771,payment_failure,2026-08-18T17:35:16.806649+00:00,399.99,cust_chroni_9907,card_declined,3,4.77,"{""total_past_payments"": 20, ""past_successful_payments"": 2, ""past_recovery_rate"": 0.1}",20,2,0.1,chronic_failer,0,0.0542,STOP,APPROVED,STOP,NO_ACTION,0.0,"The predicted recovery probability is extremely low (11.5%), indicating high likelihood of permanent failure. Given 3 prior failed attempt(s) and poor past payment performance, continuing automated attempts would incur unnecessary fees and annoy the customer. We recommend halting all recovery efforts for this invoice."
fcd65b14-0968-45a7-aee3-89d3b302256e,checkout_abandonment,2026-08-07T22:03:45.646588+00:00,7743.85,cust_checko_5864,abandoned,2,0.72,"{""total_past_payments"": 10, ""past_successful_payments"": 6, ""past_recovery_rate"": 0.6}",10,6,0.6,checkout_abandoner,1,0.4084,REMINDER,BLOCKED: max_daily_contact_attempts_per_customer,STOP,NO_ACTION,0.0,"The customer abandoned checkout for an order worth ₹7,743.85 INR. Since no transaction was submitted to the payment gateway, automated retries are inapplicable. We recommend sending a targeted checkout reminder notice with an instant payment link."
df82c120-35a8-4e70-a27f-1bc1fd114fbb,checkout_abandonment,2026-07-28T07:37:15.826286+00:00,4817.14,cust_checko_3355,abandoned,2,2.05,"{""total_past_payments"": 4, ""past_successful_payments"": 1, ""past_recovery_rate"": 0.25}",4,1,0.25,checkout_abandoner,0,0.8278,REMINDER,APPROVED,REMINDER,FAILED,0.0,"The customer abandoned checkout for an order worth ₹4,817.14 INR. Since no transaction was submitted to the payment gateway, automated retries are inapplicable. We recommend sending a targeted checkout reminder notice with an instant payment link."
a1217e17-80db-43f2-9ddd-9f001086f1f0,payment_failure,2026-08-03T15:41:13.883651+00:00,1035.2,cust_chroni_9097,expired_card,5,2.57,"{""total_past_payments"": 7, ""past_successful_payments"": 1, ""past_recovery_rate"": 0.1429}",7,1,0.1429,chronic_failer,0,0.0898,STOP,APPROVED,STOP,NO_ACTION,0.0,"The predicted recovery probability is extremely low (2.3%), indicating high likelihood of permanent failure. Given 5 prior failed attempt(s) and poor past payment performance, continuing automated attempts would incur unnecessary fees and annoy the customer. We recommend halting all recovery efforts for this invoice."
2331a15f-2a1e-4b85-ad0b-17f9c4a23044,subscription_failure,2026-08-18T12:14:51.179676+00:00,203974.33,cust_high_v_7879,card_declined,2,0.68,"{""total_past_payments"": 25, ""past_successful_payments"": 16, ""past_recovery_rate"": 0.64}",25,16,0.64,high_value_link_responder,0,0.9667,PAYMENT_LINK,APPROVED,PAYMENT_LINK,FAILED,0.0,"This is a high-value transaction of ₹203,974.33 INR that requires customer-initiated 2FA authentication. Automated gateway retries frequently fail for transactions of this scale due to bank security policies. Sending a secure payment link directly to the customer provides a seamless authentication flow and yields optimal recovery."
65d12f0c-c140-4606-a7b4-332dbf2f77ce,subscription_failure,2026-08-21T05:25:48.641226+00:00,1593.68,cust_chroni_8928,card_declined,3,1.7,"{""total_past_payments"": 12, ""past_successful_payments"": 4, ""past_recovery_rate"": 0.3333}",12,4,0.3333,chronic_failer,0,0.0231,STOP,APPROVED,STOP,NO_ACTION,0.0,"The predicted recovery probability is extremely low (12.2%), indicating high likelihood of permanent failure. Given 3 prior failed attempt(s) and poor past payment performance, continuing automated attempts would incur unnecessary fees and annoy the customer. We recommend halting all recovery efforts for this invoice."
709b023c-c6fe-497e-954a-971afa5b19f6,checkout_abandonment,2026-08-05T21:04:20.020598+00:00,3389.49,cust_checko_9781,abandoned,1,0.74,"{""total_past_payments"": 0, ""past_successful_payments"": 0, ""past_recovery_rate"": 0.0}",0,0,0.0,checkout_abandoner,1,0.2204,STOP,APPROVED,STOP,NO_ACTION,0.0,"The predicted recovery probability is extremely low (2.4%), indicating high likelihood of permanent failure. Given 1 prior failed attempt(s) and poor past payment performance, continuing automated attempts would incur unnecessary fees and annoy the customer. We recommend halting all recovery efforts for this invoice."
75148b3b-b2fb-4921-9d00-122dc7e3da7d,subscription_failure,2026-08-15T00:31:17.697370+00:00,98696.44,cust_high_v_5384,card_declined,1,0.71,"{""total_past_payments"": 27, ""past_successful_payments"": 24, ""past_recovery_rate"": 0.8889}",27,24,0.8889,high_value_link_responder,1,0.5282,STOP,APPROVED,STOP,NO_ACTION,0.0,"The predicted recovery probability is extremely low (15.7%), indicating high likelihood of permanent failure. Given 1 prior failed attempt(s) and poor past payment performance, continuing automated attempts would incur unnecessary fees and annoy the customer. We recommend halting all recovery efforts for this invoice."
61457323-5839-4c4c-972a-d307abc8b359,checkout_abandonment,2026-07-31T06:54:39.653057+00:00,7979.73,cust_checko_7552,abandoned,2,2.29,"{""total_past_payments"": 7, ""past_successful_payments"": 3, ""past_recovery_rate"": 0.4286}",7,3,0.4286,checkout_abandoner,1,0.5659,REMINDER,APPROVED,REMINDER,SUCCESS,7979.73,"The customer abandoned checkout for an order worth ₹7,979.73 INR. Since no transaction was submitted to the payment gateway, automated retries are inapplicable. We recommend sending a targeted checkout reminder notice with an instant payment link."
0c028834-f1a0-43d1-a91b-4d26c321e5ad,checkout_abandonment,2026-07-23T16:11:01.869911+00:00,1638.43,cust_checko_8992,abandoned,2,0.66,"{""total_past_payments"": 3, ""past_successful_payments"": 2, ""past_recovery_rate"": 0.6667}",3,2,0.6667,checkout_abandoner,0,0.6009,REMINDER,BLOCKED: max_daily_contact_attempts_per_customer,STOP,NO_ACTION,0.0,"The customer abandoned checkout for an order worth ₹1,638.43 INR. Since no transaction was submitted to the payment gateway, automated retries are inapplicable. We recommend sending a targeted checkout reminder notice with an instant payment link."
440d01a6-472e-4669-bf56-bf04c7b3df91,payment_failure,2026-08-13T09:07:33.466553+00:00,2686.24,cust_chroni_6782,expired_card,3,4.64,"{""total_past_payments"": 15, ""past_successful_payments"": 2, ""past_recovery_rate"": 0.1333}",15,2,0.1333,chronic_failer,0,0.0043,STOP,APPROVED,STOP,NO_ACTION,0.0,"The predicted recovery probability is extremely low (1.3%), indicating high likelihood of permanent failure. Given 3 prior failed attempt(s) and poor past payment performance, continuing automated attempts would incur unnecessary fees and annoy the customer. We recommend halting all recovery efforts for this invoice."
60d9b937-03d9-4ecf-9c1d-b7948301f0d1,overdue_invoice,2026-08-06T04:33:15.425317+00:00,62818.23,cust_slow_b_9691,overdue,2,20.1,"{""total_past_payments"": 24, ""past_successful_payments"": 23, ""past_recovery_rate"": 0.9583}",24,23,0.9583,slow_but_reliable_payer,1,0.7163,REMINDER,APPROVED,REMINDER,SUCCESS,62818.23,"The invoice of ₹62,818.23 INR is overdue with 2 previous attempt(s). The customer has a solid historical recovery rate of 95.8%, indicating willingness to pay once notified. Sending a formal payment reminder notice is the most effective approach to prompt settlement."
f6f6300e-3cb9-4b3d-b59f-4d4e850ef01b,payment_failure,2026-08-11T20:24:02.705329+00:00,202951.68,cust_high_v_7094,card_declined,2,1.11,"{""total_past_payments"": 11, ""past_successful_payments"": 9, ""past_recovery_rate"": 0.8182}",11,9,0.8182,high_value_link_responder,1,0.4193,PAYMENT_LINK,APPROVED,PAYMENT_LINK,SUCCESS,202951.68,"This is a high-value transaction of ₹202,951.68 INR that requires customer-initiated 2FA authentication. Automated gateway retries frequently fail for transactions of this scale due to bank security policies. Sending a secure payment link directly to the customer provides a seamless authentication flow and yields optimal recovery."
f0053201-a3ae-44f0-a436-54597cb7a0d6,checkout_abandonment,2026-08-15T02:48:54.146321+00:00,7004.27,cust_checko_5646,abandoned,2,2.72,"{""total_past_payments"": 8, ""past_successful_payments"": 2, ""past_recovery_rate"": 0.25}",8,2,0.25,checkout_abandoner,0,0.0831,STOP,APPROVED,STOP,NO_ACTION,0.0,"The predicted recovery probability is extremely low (5.3%), indicating high likelihood of permanent failure. Given 2 prior failed attempt(s) and poor past payment performance, continuing automated attempts would incur unnecessary fees and annoy the customer. We recommend halting all recovery efforts for this invoice."
421c939b-e7f5-4c2c-8407-c4c0b5d533ea,payment_failure,2026-08-13T04:32:10.646839+00:00,161778.48,cust_high_v_8130,card_declined,3,0.69,"{""total_past_payments"": 25, ""past_successful_payments"": 18, ""past_recovery_rate"": 0.72}",25,18,0.72,high_value_link_responder,1,0.6318,PAYMENT_LINK,APPROVED,PAYMENT_LINK,SUCCESS,161778.48,"This is a high-value transaction of ₹161,778.48 INR that requires customer-initiated 2FA authentication. Automated gateway retries frequently fail for transactions of this scale due to bank security policies. Sending a secure payment link directly to the customer provides a seamless authentication flow and yields optimal recovery."
c6812143-7d5b-418d-9c80-7d1f4173fb9a,checkout_abandonment,2026-07-22T19:44:39.092116+00:00,5315.29,cust_checko_7272,abandoned,1,1.47,"{""total_past_payments"": 9, ""past_successful_payments"": 3, ""past_recovery_rate"": 0.3333}",9,3,0.3333,checkout_abandoner,1,0.6914,REMINDER,APPROVED,REMINDER,SUCCESS,5315.29,"The customer abandoned checkout for an order worth ₹5,315.29 INR. Since no transaction was submitted to the payment gateway, automated retries are inapplicable. We recommend sending a targeted checkout reminder notice with an instant payment link."
7b1ebc1a-e38a-4e9f-a96d-081ee888c82f,payment_failure,2026-07-29T00:45:04.067490+00:00,4690.92,cust_chroni_7599,card_declined,3,6.47,"{""total_past_payments"": 11, ""past_successful_payments"": 1, ""past_recovery_rate"": 0.0909}",11,1,0.0909,chronic_failer,0,0.0174,STOP,APPROVED,STOP,NO_ACTION,0.0,"The predicted recovery probability is extremely low (0.1%), indicating high likelihood of permanent failure. Given 3 prior failed attempt(s) and poor past payment performance, continuing automated attempts would incur unnecessary fees and annoy the customer. We recommend halting all recovery efforts for this invoice."
785ed2ac-8ad8-484a-be76-3ce0bac59d12,payment_failure,2026-08-07T10:24:28.709079+00:00,6672.83,cust_chroni_6665,card_declined,6,5.34,"{""total_past_payments"": 10, ""past_successful_payments"": 1, ""past_recovery_rate"": 0.1}",10,1,0.1,chronic_failer,0,0.0158,STOP,APPROVED,STOP,NO_ACTION,0.0,"The predicted recovery probability is extremely low (0.1%), indicating high likelihood of permanent failure. Given 6 prior failed attempt(s) and poor past payment performance, continuing automated attempts would incur unnecessary fees and annoy the customer. We recommend halting all recovery efforts for this invoice."
8f9cf860-a6ad-462c-87d2-cd47044b878e,payment_failure,2026-08-03T03:51:37.160216+00:00,113498.69,cust_high_v_2989,card_declined,3,2.96,"{""total_past_payments"": 20, ""past_successful_payments"": 17, ""past_recovery_rate"": 0.85}",20,17,0.85,high_value_link_responder,1,0.3719,PAYMENT_LINK,APPROVED,PAYMENT_LINK,SUCCESS,113498.69,"This is a high-value transaction of ₹113,498.69 INR that requires customer-initiated 2FA authentication. Automated gateway retries frequently fail for transactions of this scale due to bank security policies. Sending a secure payment link directly to the customer provides a seamless authentication flow and yields optimal recovery."
b2cb7968-53b9-4390-b9e3-4686dc30a669,checkout_abandonment,2026-08-17T08:50:32.651760+00:00,11925.39,cust_checko_7043,abandoned,2,0.83,"{""total_past_payments"": 1, ""past_successful_payments"": 0, ""past_recovery_rate"": 0.0}",1,0,0.0,checkout_abandoner,0,0.5076,REMINDER,BLOCKED: max_daily_contact_attempts_per_customer,STOP,NO_ACTION,0.0,"The customer abandoned checkout for an order worth ₹11,925.39 INR. Since no transaction was submitted to the payment gateway, automated retries are inapplicable. We recommend sending a targeted checkout reminder notice with an instant payment link."
c3063254-18d7-4885-8025-5a5c100a3fbf,payment_failure,2026-07-31T21:11:50.957681+00:00,36810.47,cust_high_v_6395,card_declined,1,0.78,"{""total_past_payments"": 14, ""past_successful_payments"": 9, ""past_recovery_rate"": 0.6429}",14,9,0.6429,high_value_link_responder,1,0.2635,PAYMENT_LINK,APPROVED,PAYMENT_LINK,SUCCESS,36810.47,"This is a high-value transaction of ₹36,810.47 INR that requires customer-initiated 2FA authentication. Automated gateway retries frequently fail for transactions of this scale due to bank security policies. Sending a secure payment link directly to the customer provides a seamless authentication flow and yields optimal recovery."
d1382582-86bf-483a-a335-f2fb318f307d,subscription_failure,2026-08-04T00:38:41.571985+00:00,2238.57,cust_reliab_7771,card_declined,2,1.74,"{""total_past_payments"": 47, ""past_successful_payments"": 46, ""past_recovery_rate"": 0.9787}",47,46,0.9787,reliable_temporary_glitch,1,0.9428,RETRY,APPROVED,RETRY,SUCCESS,2238.57,The failure reason 'card_declined' appears transient with an estimated recovery probability of 99.9%. The customer maintains a healthy historical success rate of 97.9% across 47 past payments. An automated payment gateway retry within standard cooldown limits is recommended.
fd31e055-91d4-4756-837c-a4f775b588a7,payment_failure,2026-08-14T07:33:15.502804+00:00,132533.53,cust_high_v_8908,network_error,2,2.94,"{""total_past_payments"": 15, ""past_successful_payments"": 12, ""past_recovery_rate"": 0.8}",15,12,0.8,high_value_link_responder,1,0.7149,PAYMENT_LINK,APPROVED,PAYMENT_LINK,SUCCESS,132533.53,"This is a high-value transaction of ₹132,533.53 INR that requires customer-initiated 2FA authentication. Automated gateway retries frequently fail for transactions of this scale due to bank security policies. Sending a secure payment link directly to the customer provides a seamless authentication flow and yields optimal recovery."
acca634e-fe3c-4dc2-8241-217723d9e1d8,payment_failure,2026-07-26T08:15:47.192574+00:00,5343.95,cust_chroni_1987,expired_card,4,5.17,"{""total_past_payments"": 4, ""past_successful_payments"": 1, ""past_recovery_rate"": 0.25}",4,1,0.25,chronic_failer,0,0.0838,ESCALATE,APPROVED,ESCALATE,PENDING,0.0,"Automated recovery has failed after 4 attempts for this transaction of ₹5,343.95 INR. With ML recovery probability estimated at 23.9%, automated retries have diminishing returns. Escalating to a human customer success representative is recommended for personalized outreach."
7033f638-b831-4025-b904-cd18da3a0fa2,payment_failure,2026-08-09T23:29:16.180915+00:00,134720.25,cust_high_v_9420,network_error,2,1.02,"{""total_past_payments"": 23, ""past_successful_payments"": 19, ""past_recovery_rate"": 0.8261}",23,19,0.8261,high_value_link_responder,1,0.7616,PAYMENT_LINK,APPROVED,PAYMENT_LINK,SUCCESS,134720.25,"This is a high-value transaction of ₹134,720.25 INR that requires customer-initiated 2FA authentication. Automated gateway retries frequently fail for transactions of this scale due to bank security policies. Sending a secure payment link directly to the customer provides a seamless authentication flow and yields optimal recovery."
c0525849-66a2-4071-a336-81b73a466b2d,payment_failure,2026-08-06T09:28:58.704377+00:00,230678.18,cust_high_v_9412,card_declined,1,2.79,"{""total_past_payments"": 17, ""past_successful_payments"": 15, ""past_recovery_rate"": 0.8824}",17,15,0.8824,high_value_link_responder,1,0.2495,PAYMENT_LINK,APPROVED,PAYMENT_LINK,SUCCESS,230678.18,"This is a high-value transaction of ₹230,678.18 INR that requires customer-initiated 2FA authentication. Automated gateway retries frequently fail for transactions of this scale due to bank security policies. Sending a secure payment link directly to the customer provides a seamless authentication flow and yields optimal recovery."
92dc316d-f803-43f1-afc6-641adf530b46,payment_failure,2026-08-08T20:06:12.672655+00:00,179409.85,cust_high_v_2755,card_declined,3,2.12,"{""total_past_payments"": 9, ""past_successful_payments"": 7, ""past_recovery_rate"": 0.7778}",9,7,0.7778,high_value_link_responder,0,0.8514,PAYMENT_LINK,APPROVED,PAYMENT_LINK,FAILED,0.0,"This is a high-value transaction of ₹179,409.85 INR that requires customer-initiated 2FA authentication. Automated gateway retries frequently fail for transactions of this scale due to bank security policies. Sending a secure payment link directly to the customer provides a seamless authentication flow and yields optimal recovery."
fa30a5bc-8fa0-44bb-9098-600844954266,payment_failure,2026-08-01T16:10:25.051149+00:00,3730.6,cust_chroni_8069,card_declined,5,1.71,"{""total_past_payments"": 19, ""past_successful_payments"": 1, ""past_recovery_rate"": 0.0526}",19,1,0.0526,chronic_failer,0,0.0035,STOP,APPROVED,STOP,NO_ACTION,0.0,"The predicted recovery probability is extremely low (1.8%), indicating high likelihood of permanent failure. Given 5 prior failed attempt(s) and poor past payment performance, continuing automated attempts would incur unnecessary fees and annoy the customer. We recommend halting all recovery efforts for this invoice."
396a0fe0-dfbe-42ab-b65f-8a3238c42d37,payment_failure,2026-08-11T12:26:19.481329+00:00,6899.44,cust_reliab_7923,network_error,2,0.29,"{""total_past_payments"": 34, ""past_successful_payments"": 32, ""past_recovery_rate"": 0.9412}",34,32,0.9412,reliable_temporary_glitch,1,0.8935,RETRY,APPROVED,RETRY,SUCCESS,6899.44,The failure reason 'network_error' appears transient with an estimated recovery probability of 82.3%. The customer maintains a healthy historical success rate of 94.1% across 34 past payments. An automated payment gateway retry within standard cooldown limits is recommended.
9cb2208c-c392-45ca-bbde-92e29f088e86,overdue_invoice,2026-08-05T23:19:33.228328+00:00,19826.61,cust_slow_b_1870,overdue,1,21.16,"{""total_past_payments"": 7, ""past_successful_payments"": 5, ""past_recovery_rate"": 0.7143}",7,5,0.7143,slow_but_reliable_payer,0,0.6199,REMINDER,APPROVED,REMINDER,FAILED,0.0,"The invoice of ₹19,826.61 INR is overdue with 1 previous attempt(s). The customer has a solid historical recovery rate of 71.4%, indicating willingness to pay once notified. Sending a formal payment reminder notice is the most effective approach to prompt settlement."
30c4ae9d-19e1-4700-ad03-f7e3bfe70ff5,payment_failure,2026-08-05T13:35:46.846587+00:00,86978.38,cust_high_v_2659,card_declined,3,2.25,"{""total_past_payments"": 17, ""past_successful_payments"": 12, ""past_recovery_rate"": 0.7059}",17,12,0.7059,high_value_link_responder,0,0.9048,PAYMENT_LINK,APPROVED,PAYMENT_LINK,FAILED,0.0,"This is a high-value transaction of ₹86,978.38 INR that requires customer-initiated 2FA authentication. Automated gateway retries frequently fail for transactions of this scale due to bank security policies. Sending a secure payment link directly to the customer provides a seamless authentication flow and yields optimal recovery."
db8d2fd1-226b-400a-810a-25de27db9577,payment_failure,2026-08-15T10:09:24.634200+00:00,5167.81,cust_chroni_8811,card_declined,5,5.4,"{""total_past_payments"": 5, ""past_successful_payments"": 1, ""past_recovery_rate"": 0.2}",5,1,0.2,chronic_failer,0,0.0141,STOP,APPROVED,STOP,NO_ACTION,0.0,"The predicted recovery probability is extremely low (0.5%), indicating high likelihood of permanent failure. Given 5 prior failed attempt(s) and poor past payment performance, continuing automated attempts would incur unnecessary fees and annoy the customer. We recommend halting all recovery efforts for this invoice."
57fd2e33-189d-4cbb-9e56-3edcc5faf853,payment_failure,2026-08-16T10:09:49.445482+00:00,71329.82,cust_slow_b_1208,overdue,1,9.68,"{""total_past_payments"": 18, ""past_successful_payments"": 13, ""past_recovery_rate"": 0.7222}",18,13,0.7222,slow_but_reliable_payer,1,0.7701,PAYMENT_LINK,APPROVED,PAYMENT_LINK,SUCCESS,71329.82,"This is a high-value transaction of ₹71,329.82 INR that requires customer-initiated 2FA authentication. Automated gateway retries frequently fail for transactions of this scale due to bank security policies. Sending a secure payment link directly to the customer provides a seamless authentication flow and yields optimal recovery."
c33f044f-7e2e-450a-ab22-db6fa286a3e4,subscription_failure,2026-08-16T09:48:32.786360+00:00,11523.78,cust_reliab_9000,insufficient_funds,1,1.23,"{""total_past_payments"": 40, ""past_successful_payments"": 37, ""past_recovery_rate"": 0.925}",40,37,0.925,reliable_temporary_glitch,0,0.9281,RETRY,APPROVED,RETRY,FAILED,0.0,The failure reason 'insufficient_funds' appears transient with an estimated recovery probability of 53.8%. The customer maintains a healthy historical success rate of 92.5% across 40 past payments. An automated payment gateway retry within standard cooldown limits is recommended.
220202b6-9c5f-4a1f-af38-4ad542764951,overdue_invoice,2026-08-21T00:12:35.267661+00:00,71204.16,cust_slow_b_3401,overdue,2,25.88,"{""total_past_payments"": 20, ""past_successful_payments"": 17, ""past_recovery_rate"": 0.85}",20,17,0.85,slow_but_reliable_payer,0,0.8988,REMINDER,APPROVED,REMINDER,FAILED,0.0,"The invoice of ₹71,204.16 INR is overdue with 2 previous attempt(s). The customer has a solid historical recovery rate of 85.0%, indicating willingness to pay once notified. Sending a formal payment reminder notice is the most effective approach to prompt settlement."
de8866de-785c-4011-89f9-f29695d44a3c,overdue_invoice,2026-08-11T00:10:07.806676+00:00,59114.36,cust_slow_b_6777,overdue,3,17.16,"{""total_past_payments"": 15, ""past_successful_payments"": 12, ""past_recovery_rate"": 0.8}",15,12,0.8,slow_but_reliable_payer,1,0.8765,REMINDER,APPROVED,REMINDER,SUCCESS,59114.36,"The invoice of ₹59,114.36 INR is overdue with 3 previous attempt(s). The customer has a solid historical recovery rate of 80.0%, indicating willingness to pay once notified. Sending a formal payment reminder notice is the most effective approach to prompt settlement."
6c097896-60f0-4421-8375-ae0ff6945255,checkout_abandonment,2026-08-01T14:41:47.511892+00:00,10442.23,cust_checko_1339,abandoned,2,0.52,"{""total_past_payments"": 10, ""past_successful_payments"": 5, ""past_recovery_rate"": 0.5}",10,5,0.5,checkout_abandoner,1,0.6665,REMINDER,BLOCKED: max_daily_contact_attempts_per_customer,STOP,NO_ACTION,0.0,"The customer abandoned checkout for an order worth ₹10,442.23 INR. Since no transaction was submitted to the payment gateway, automated retries are inapplicable. We recommend sending a targeted checkout reminder notice with an instant payment link."
31c9f562-5d45-4856-a66e-fbc255960d11,subscription_failure,2026-08-20T14:28:47.360106+00:00,4705.16,cust_chroni_7189,card_declined,6,3.16,"{""total_past_payments"": 4, ""past_successful_payments"": 0, ""past_recovery_rate"": 0.0}",4,0,0.0,chronic_failer,0,0.0046,STOP,APPROVED,STOP,NO_ACTION,0.0,"The predicted recovery probability is extremely low (1.1%), indicating high likelihood of permanent failure. Given 6 prior failed attempt(s) and poor past payment performance, continuing automated attempts would incur unnecessary fees and annoy the customer. We recommend halting all recovery efforts for this invoice."
1768c2a6-11d6-4720-bb6a-0edb7b28f66b,payment_failure,2026-08-01T03:59:38.722689+00:00,90929.92,cust_slow_b_6715,insufficient_funds,2,29.68,"{""total_past_payments"": 20, ""past_successful_payments"": 15, ""past_recovery_rate"": 0.75}",20,15,0.75,slow_but_reliable_payer,1,0.8083,PAYMENT_LINK,APPROVED,PAYMENT_LINK,SUCCESS,90929.92,"This is a high-value transaction of ₹90,929.92 INR that requires customer-initiated 2FA authentication. Automated gateway retries frequently fail for transactions of this scale due to bank security policies. Sending a secure payment link directly to the customer provides a seamless authentication flow and yields optimal recovery."
0b468ba9-5064-4b29-8230-4af70c6ca815,checkout_abandonment,2026-08-20T07:08:21.136091+00:00,6456.9,cust_checko_8455,abandoned,2,2.54,"{""total_past_payments"": 1, ""past_successful_payments"": 0, ""past_recovery_rate"": 0.0}",1,0,0.0,checkout_abandoner,0,0.0518,REMINDER,APPROVED,REMINDER,FAILED,0.0,"The customer abandoned checkout for an order worth ₹6,456.90 INR. Since no transaction was submitted to the payment gateway, automated retries are inapplicable. We recommend sending a targeted checkout reminder notice with an instant payment link."
8cbd8044-de21-4f42-812a-58da6657896a,checkout_abandonment,2026-08-18T05:23:38.300284+00:00,546.27,cust_checko_5747,abandoned,1,1.51,"{""total_past_payments"": 2, ""past_successful_payments"": 1, ""past_recovery_rate"": 0.5}",2,1,0.5,checkout_abandoner,1,0.4782,REMINDER,APPROVED,REMINDER,SUCCESS,546.27,"The customer abandoned checkout for an order worth ₹546.27 INR. Since no transaction was submitted to the payment gateway, automated retries are inapplicable. We recommend sending a targeted checkout reminder notice with an instant payment link."
e9fb3e0b-bc6e-4190-9ee0-8d124e3df352,payment_failure,2026-08-21T01:30:16.777502+00:00,34214.45,cust_high_v_6010,insufficient_funds,2,2.56,"{""total_past_payments"": 8, ""past_successful_payments"": 5, ""past_recovery_rate"": 0.625}",8,5,0.625,high_value_link_responder,1,0.8428,PAYMENT_LINK,APPROVED,PAYMENT_LINK,SUCCESS,34214.45,"This is a high-value transaction of ₹34,214.45 INR that requires customer-initiated 2FA authentication. Automated gateway retries frequently fail for transactions of this scale due to bank security policies. Sending a secure payment link directly to the customer provides a seamless authentication flow and yields optimal recovery."
090b6ebc-b9a6-4ba9-a25c-a0087279846a,payment_failure,2026-08-20T00:48:06.173860+00:00,2496.92,cust_reliab_3540,insufficient_funds,2,1.59,"{""total_past_payments"": 42, ""past_successful_payments"": 40, ""past_recovery_rate"": 0.9524}",42,40,0.9524,reliable_temporary_glitch,1,0.9592,RETRY,APPROVED,RETRY,SUCCESS,2496.92,The failure reason 'insufficient_funds' appears transient with an estimated recovery probability of 97.6%. The customer maintains a healthy historical success rate of 95.2% across 42 past payments. An automated payment gateway retry within standard cooldown limits is recommended.
0ff4f8c4-9361-4056-b6c5-a815ef8e42cf,subscription_failure,2026-07-24T23:35:02.779013+00:00,90430.46,cust_high_v_7328,network_error,1,1.68,"{""total_past_payments"": 16, ""past_successful_payments"": 11, ""past_recovery_rate"": 0.6875}",16,11,0.6875,high_value_link_responder,1,0.8895,PAYMENT_LINK,APPROVED,PAYMENT_LINK,SUCCESS,90430.46,"This is a high-value transaction of ₹90,430.46 INR that requires customer-initiated 2FA authentication. Automated gateway retries frequently fail for transactions of this scale due to bank security policies. Sending a secure payment link directly to the customer provides a seamless authentication flow and yields optimal recovery."
788c1a1f-d9c0-4056-9ba4-ddfe1af156cb,subscription_failure,2026-08-13T16:37:23.995489+00:00,92955.1,cust_high_v_6283,card_declined,2,0.93,"{""total_past_payments"": 18, ""past_successful_payments"": 14, ""past_recovery_rate"": 0.7778}",18,14,0.7778,high_value_link_responder,0,0.8138,PAYMENT_LINK,APPROVED,PAYMENT_LINK,FAILED,0.0,"This is a high-value transaction of ₹92,955.10 INR that requires customer-initiated 2FA authentication. Automated gateway retries frequently fail for transactions of this scale due to bank security policies. Sending a secure payment link directly to the customer provides a seamless authentication flow and yields optimal recovery."
938b2709-de35-4b3e-8473-70b10e82c259,checkout_abandonment,2026-08-15T13:04:28.206461+00:00,3972.7,cust_checko_4004,abandoned,2,1.79,"{""total_past_payments"": 10, ""past_successful_payments"": 4, ""past_recovery_rate"": 0.4}",10,4,0.4,checkout_abandoner,1,0.2857,STOP,APPROVED,STOP,NO_ACTION,0.0,"The predicted recovery probability is extremely low (8.7%), indicating high likelihood of permanent failure. Given 2 prior failed attempt(s) and poor past payment performance, continuing automated attempts would incur unnecessary fees and annoy the customer. We recommend halting all recovery efforts for this invoice."
ac4be889-437b-4ce1-947e-85f4f55e9121,checkout_abandonment,2026-08-17T08:55:55.480909+00:00,5553.96,cust_checko_8673,abandoned,2,1.61,"{""total_past_payments"": 10, ""past_successful_payments"": 6, ""past_recovery_rate"": 0.6}",10,6,0.6,checkout_abandoner,0,0.7617,REMINDER,APPROVED,REMINDER,FAILED,0.0,"The customer abandoned checkout for an order worth ₹5,553.96 INR. Since no transaction was submitted to the payment gateway, automated retries are inapplicable. We recommend sending a targeted checkout reminder notice with an instant payment link."
8e70bd2f-ceaf-4958-836e-31e37ec4be94,payment_failure,2026-08-20T17:42:26.141561+00:00,197523.18,cust_high_v_4975,insufficient_funds,1,2.39,"{""total_past_payments"": 24, ""past_successful_payments"": 21, ""past_recovery_rate"": 0.875}",24,21,0.875,high_value_link_responder,1,0.7436,PAYMENT_LINK,APPROVED,PAYMENT_LINK,SUCCESS,197523.18,"This is a high-value transaction of ₹197,523.18 INR that requires customer-initiated 2FA authentication. Automated gateway retries frequently fail for transactions of this scale due to bank security policies. Sending a secure payment link directly to the customer provides a seamless authentication flow and yields optimal recovery."
12263a12-b337-4d13-952e-fcdf104bc054,payment_failure,2026-07-25T12:47:39.301116+00:00,222506.18,cust_high_v_1097,network_error,1,2.39,"{""total_past_payments"": 17, ""past_successful_payments"": 11, ""past_recovery_rate"": 0.6471}",17,11,0.6471,high_value_link_responder,1,0.8818,PAYMENT_LINK,APPROVED,PAYMENT_LINK,SUCCESS,222506.18,"This is a high-value transaction of ₹222,506.18 INR that requires customer-initiated 2FA authentication. Automated gateway retries frequently fail for transactions of this scale due to bank security policies. Sending a secure payment link directly to the customer provides a seamless authentication flow and yields optimal recovery."
234dbbf2-db8f-48e4-9d22-fa5da417a9ab,subscription_failure,2026-08-13T10:12:19.079744+00:00,246889.04,cust_high_v_8888,card_declined,1,1.33,"{""total_past_payments"": 8, ""past_successful_payments"": 7, ""past_recovery_rate"": 0.875}",8,7,0.875,high_value_link_responder,0,0.2684,PAYMENT_LINK,APPROVED,PAYMENT_LINK,FAILED,0.0,"This is a high-value transaction of ₹246,889.04 INR that requires customer-initiated 2FA authentication. Automated gateway retries frequently fail for transactions of this scale due to bank security policies. Sending a secure payment link directly to the customer provides a seamless authentication flow and yields optimal recovery."
3e0f2150-7b72-46f2-961f-b9521fb1fbd7,payment_failure,2026-08-03T23:48:23.754604+00:00,55973.88,cust_slow_b_9115,overdue,3,6.33,"{""total_past_payments"": 10, ""past_successful_payments"": 8, ""past_recovery_rate"": 0.8}",10,8,0.8,slow_but_reliable_payer,1,0.8612,PAYMENT_LINK,APPROVED,PAYMENT_LINK,SUCCESS,55973.88,"This is a high-value transaction of ₹55,973.88 INR that requires customer-initiated 2FA authentication. Automated gateway retries frequently fail for transactions of this scale due to bank security policies. Sending a secure payment link directly to the customer provides a seamless authentication flow and yields optimal recovery."
0175a69a-bb07-46c5-a164-aa21ca239834,payment_failure,2026-07-30T22:56:56.104527+00:00,235719.52,cust_high_v_1000,network_error,2,2.06,"{""total_past_payments"": 11, ""past_successful_payments"": 7, ""past_recovery_rate"": 0.6364}",11,7,0.6364,high_value_link_responder,1,0.7363,PAYMENT_LINK,APPROVED,PAYMENT_LINK,SUCCESS,235719.52,"This is a high-value transaction of ₹235,719.52 INR that requires customer-initiated 2FA authentication. Automated gateway retries frequently fail for transactions of this scale due to bank security policies. Sending a secure payment link directly to the customer provides a seamless authentication flow and yields optimal recovery."
cef98a6c-eabd-4cb0-95f9-75a641729408,payment_failure,2026-08-14T02:44:34.102660+00:00,19324.63,cust_slow_b_2995,overdue,1,25.82,"{""total_past_payments"": 18, ""past_successful_payments"": 14, ""past_recovery_rate"": 0.7778}",18,14,0.7778,slow_but_reliable_payer,1,0.5209,REMINDER,APPROVED,REMINDER,SUCCESS,19324.63,"The invoice of ₹19,324.63 INR is overdue with 1 previous attempt(s). The customer has a solid historical recovery rate of 77.8%, indicating willingness to pay once notified. Sending a formal payment reminder notice is the most effective approach to prompt settlement."
9de17f87-db3e-4e68-9ce0-150827957463,payment_failure,2026-08-13T17:20:08.483243+00:00,9385.02,cust_reliab_3396,insufficient_funds,2,1.73,"{""total_past_payments"": 49, ""past_successful_payments"": 42, ""past_recovery_rate"": 0.8571}",49,42,0.8571,reliable_temporary_glitch,1,0.987,RETRY,APPROVED,RETRY,SUCCESS,9385.02,The failure reason 'insufficient_funds' appears transient with an estimated recovery probability of 93.4%. The customer maintains a healthy historical success rate of 85.7% across 49 past payments. An automated payment gateway retry within standard cooldown limits is recommended.
c8441f25-edb2-4045-b30b-7b730b9e65ee,payment_failure,2026-08-01T19:21:22.056949+00:00,63424.49,cust_high_v_5751,insufficient_funds,3,2.25,"{""total_past_payments"": 11, ""past_successful_payments"": 8, ""past_recovery_rate"": 0.7273}",11,8,0.7273,high_value_link_responder,1,0.8589,PAYMENT_LINK,APPROVED,PAYMENT_LINK,SUCCESS,63424.49,"This is a high-value transaction of ₹63,424.49 INR that requires customer-initiated 2FA authentication. Automated gateway retries frequently fail for transactions of this scale due to bank security policies. Sending a secure payment link directly to the customer provides a seamless authentication flow and yields optimal recovery."
f94407a2-3760-4c93-9b47-e856ca5b8fba,checkout_abandonment,2026-08-09T22:56:24.792709+00:00,9688.33,cust_checko_5643,abandoned,2,1.37,"{""total_past_payments"": 6, ""past_successful_payments"": 2, ""past_recovery_rate"": 0.3333}",6,2,0.3333,checkout_abandoner,0,0.4405,REMINDER,APPROVED,REMINDER,FAILED,0.0,"The customer abandoned checkout for an order worth ₹9,688.33 INR. Since no transaction was submitted to the payment gateway, automated retries are inapplicable. We recommend sending a targeted checkout reminder notice with an instant payment link."
9a1f8b21-0a4c-4033-b267-f4e082f990ad,subscription_failure,2026-08-12T10:44:34.288362+00:00,5231.85,cust_chroni_8666,card_declined,6,1.26,"{""total_past_payments"": 13, ""past_successful_payments"": 4, ""past_recovery_rate"": 0.3077}",13,4,0.3077,chronic_failer,1,0.0196,ESCALATE,APPROVED,ESCALATE,PENDING,0.0,"Automated recovery has failed after 6 attempts for this transaction of ₹5,231.85 INR. With ML recovery probability estimated at 47.3%, automated retries have diminishing returns. Escalating to a human customer success representative is recommended for personalized outreach."
40fc91b4-f141-4525-b324-5b26e058a8ca,overdue_invoice,2026-07-26T16:47:42.830449+00:00,28970.21,cust_slow_b_3480,overdue,3,18.13,"{""total_past_payments"": 20, ""past_successful_payments"": 14, ""past_recovery_rate"": 0.7}",20,14,0.7,slow_but_reliable_payer,1,0.6329,REMINDER,APPROVED,REMINDER,SUCCESS,28970.21,"The invoice of ₹28,970.21 INR is overdue with 3 previous attempt(s). The customer has a solid historical recovery rate of 70.0%, indicating willingness to pay once notified. Sending a formal payment reminder notice is the most effective approach to prompt settlement."
13b730a1-7e20-4338-982a-d4591898bfb2,overdue_invoice,2026-07-31T01:47:59.670009+00:00,80802.72,cust_slow_b_7454,overdue,2,24.62,"{""total_past_payments"": 25, ""past_successful_payments"": 19, ""past_recovery_rate"": 0.76}",25,19,0.76,slow_but_reliable_payer,1,0.7575,REMINDER,APPROVED,REMINDER,SUCCESS,80802.72,"The invoice of ₹80,802.72 INR is overdue with 2 previous attempt(s). The customer has a solid historical recovery rate of 76.0%, indicating willingness to pay once notified. Sending a formal payment reminder notice is the most effective approach to prompt settlement."
de1d50cf-f5d0-4d48-9a23-068698ea4fe6,checkout_abandonment,2026-08-16T02:51:41.476993+00:00,8633.18,cust_checko_6703,abandoned,2,0.56,"{""total_past_payments"": 5, ""past_successful_payments"": 2, ""past_recovery_rate"": 0.4}",5,2,0.4,checkout_abandoner,0,0.7898,REMINDER,BLOCKED: max_daily_contact_attempts_per_customer,STOP,NO_ACTION,0.0,"The customer abandoned checkout for an order worth ₹8,633.18 INR. Since no transaction was submitted to the payment gateway, automated retries are inapplicable. We recommend sending a targeted checkout reminder notice with an instant payment link."
1aff580b-e910-4c54-b778-09662d54558f,checkout_abandonment,2026-08-20T15:28:31.657388+00:00,8914.74,cust_checko_8805,abandoned,1,0.47,"{""total_past_payments"": 1, ""past_successful_payments"": 0, ""past_recovery_rate"": 0.0}",1,0,0.0,checkout_abandoner,0,0.7021,REMINDER,APPROVED,REMINDER,FAILED,0.0,"The customer abandoned checkout for an order worth ₹8,914.74 INR. Since no transaction was submitted to the payment gateway, automated retries are inapplicable. We recommend sending a targeted checkout reminder notice with an instant payment link."
e652029f-c0cc-4892-853d-f0010f988b74,checkout_abandonment,2026-08-18T08:49:13.027865+00:00,10622.72,cust_checko_2014,abandoned,2,2.32,"{""total_past_payments"": 6, ""past_successful_payments"": 4, ""past_recovery_rate"": 0.6667}",6,4,0.6667,checkout_abandoner,0,0.5544,REMINDER,APPROVED,REMINDER,FAILED,0.0,"The customer abandoned checkout for an order worth ₹10,622.72 INR. Since no transaction was submitted to the payment gateway, automated retries are inapplicable. We recommend sending a targeted checkout reminder notice with an instant payment link."
0a838a26-f4e9-44d8-8658-da51711ae773,payment_failure,2026-08-19T08:15:22.925504+00:00,6154.15,cust_chroni_8364,insufficient_funds,3,6.54,"{""total_past_payments"": 12, ""past_successful_payments"": 1, ""past_recovery_rate"": 0.0833}",12,1,0.0833,chronic_failer,0,0.1745,STOP,APPROVED,STOP,NO_ACTION,0.0,"The predicted recovery probability is extremely low (1.2%), indicating high likelihood of permanent failure. Given 3 prior failed attempt(s) and poor past payment performance, continuing automated attempts would incur unnecessary fees and annoy the customer. We recommend halting all recovery efforts for this invoice."
9f770345-e0c8-476b-807c-65886a62d1fa,payment_failure,2026-08-08T09:43:13.775788+00:00,2431.5,cust_chroni_4150,card_declined,4,5.45,"{""total_past_payments"": 15, ""past_successful_payments"": 4, ""past_recovery_rate"": 0.2667}",15,4,0.2667,chronic_failer,1,0.0045,STOP,APPROVED,STOP,NO_ACTION,0.0,"The predicted recovery probability is extremely low (2.6%), indicating high likelihood of permanent failure. Given 4 prior failed attempt(s) and poor past payment performance, continuing automated attempts would incur unnecessary fees and annoy the customer. We recommend halting all recovery efforts for this invoice."
10182cba-5755-4fac-9c33-83fd4a7495df,overdue_invoice,2026-08-18T15:27:46.026899+00:00,12991.53,cust_slow_b_9955,insufficient_funds,1,27.33,"{""total_past_payments"": 15, ""past_successful_payments"": 13, ""past_recovery_rate"": 0.8667}",15,13,0.8667,slow_but_reliable_payer,1,0.8903,REMINDER,APPROVED,REMINDER,SUCCESS,12991.53,"The invoice of ₹12,991.53 INR is overdue with 1 previous attempt(s). The customer has a solid historical recovery rate of 86.7%, indicating willingness to pay once notified. Sending a formal payment reminder notice is the most effective approach to prompt settlement."
58c6cb95-a2e8-4ce0-9d44-2ff7cc196239,payment_failure,2026-08-05T16:27:35.804398+00:00,27112.32,cust_slow_b_6840,overdue,1,19.26,"{""total_past_payments"": 19, ""past_successful_payments"": 16, ""past_recovery_rate"": 0.8421}",19,16,0.8421,slow_but_reliable_payer,1,0.683,PAYMENT_LINK,APPROVED,PAYMENT_LINK,SUCCESS,27112.32,"This is a high-value transaction of ₹27,112.32 INR that requires customer-initiated 2FA authentication. Automated gateway retries frequently fail for transactions of this scale due to bank security policies. Sending a secure payment link directly to the customer provides a seamless authentication flow and yields optimal recovery."
4ff27b43-1f41-4f24-bce5-e157b6c9122a,checkout_abandonment,2026-08-19T12:22:47.349596+00:00,5387.76,cust_checko_9474,abandoned,2,2.65,"{""total_past_payments"": 9, ""past_successful_payments"": 2, ""past_recovery_rate"": 0.2222}",9,2,0.2222,checkout_abandoner,1,0.4149,REMINDER,APPROVED,REMINDER,SUCCESS,5387.76,"The customer abandoned checkout for an order worth ₹5,387.76 INR. Since no transaction was submitted to the payment gateway, automated retries are inapplicable. We recommend sending a targeted checkout reminder notice with an instant payment link."
8ade87aa-aa39-4f30-a8e5-11aaca5ae516,payment_failure,2026-08-14T19:26:09.262773+00:00,14138.95,cust_reliab_3586,network_error,2,0.84,"{""total_past_payments"": 32, ""past_successful_payments"": 28, ""past_recovery_rate"": 0.875}",32,28,0.875,reliable_temporary_glitch,0,0.3316,RETRY,APPROVED,RETRY,FAILED,0.0,The failure reason 'network_error' appears transient with an estimated recovery probability of 43.0%. The customer maintains a healthy historical success rate of 87.5% across 32 past payments. An automated payment gateway retry within standard cooldown limits is recommended.
f1a8906f-7e37-436b-b23e-8b98e0757efe,payment_failure,2026-07-26T22:25:50.276028+00:00,14011.23,cust_reliab_2816,insufficient_funds,2,0.86,"{""total_past_payments"": 13, ""past_successful_payments"": 12, ""past_recovery_rate"": 0.9231}",13,12,0.9231,reliable_temporary_glitch,0,0.4381,RETRY,APPROVED,RETRY,FAILED,0.0,The failure reason 'insufficient_funds' appears transient with an estimated recovery probability of 79.1%. The customer maintains a healthy historical success rate of 92.3% across 13 past payments. An automated payment gateway retry within standard cooldown limits is recommended.
c1a4e51a-ba5b-4a8e-8fe0-7eb0afbc179f,overdue_invoice,2026-08-08T21:19:08.710103+00:00,28046.01,cust_slow_b_6400,overdue,1,8.48,"{""total_past_payments"": 21, ""past_successful_payments"": 19, ""past_recovery_rate"": 0.9048}",21,19,0.9048,slow_but_reliable_payer,0,0.7502,REMINDER,APPROVED,REMINDER,FAILED,0.0,"The invoice of ₹28,046.01 INR is overdue with 1 previous attempt(s). The customer has a solid historical recovery rate of 90.5%, indicating willingness to pay once notified. Sending a formal payment reminder notice is the most effective approach to prompt settlement."
92c3c1c5-e1e2-4875-bfb8-eb87feab716a,checkout_abandonment,2026-08-14T11:05:12.490692+00:00,1292.13,cust_checko_2320,abandoned,1,1.17,"{""total_past_payments"": 1, ""past_successful_payments"": 1, ""past_recovery_rate"": 1.0}",1,1,1.0,checkout_abandoner,1,0.4988,REMINDER,APPROVED,REMINDER,SUCCESS,1292.13,"The customer abandoned checkout for an order worth ₹1,292.13 INR. Since no transaction was submitted to the payment gateway, automated retries are inapplicable. We recommend sending a targeted checkout reminder notice with an instant payment link."
22aa6e0a-5134-4fb8-a09f-f6dce18d7a02,checkout_abandonment,2026-08-06T15:10:53.579009+00:00,3051.58,cust_checko_4731,abandoned,2,1.41,"{""total_past_payments"": 4, ""past_successful_payments"": 2, ""past_recovery_rate"": 0.5}",4,2,0.5,checkout_abandoner,1,0.5487,REMINDER,APPROVED,REMINDER,SUCCESS,3051.58,"The customer abandoned checkout for an order worth ₹3,051.58 INR. Since no transaction was submitted to the payment gateway, automated retries are inapplicable. We recommend sending a targeted checkout reminder notice with an instant payment link."
a6af13a6-c0b0-4b66-9109-52f09bf7d44e,overdue_invoice,2026-07-28T04:32:58.942180+00:00,58076.73,cust_slow_b_1854,overdue,2,22.05,"{""total_past_payments"": 4, ""past_successful_payments"": 3, ""past_recovery_rate"": 0.75}",4,3,0.75,slow_but_reliable_payer,1,0.6454,REMINDER,APPROVED,REMINDER,SUCCESS,58076.73,"The invoice of ₹58,076.73 INR is overdue with 2 previous attempt(s). The customer has a solid historical recovery rate of 75.0%, indicating willingness to pay once notified. Sending a formal payment reminder notice is the most effective approach to prompt settlement."
c9f38d37-897f-4105-a04e-461f06978892,subscription_failure,2026-08-18T01:30:40.625615+00:00,51548.33,cust_high_v_6621,network_error,3,2.96,"{""total_past_payments"": 16, ""past_successful_payments"": 11, ""past_recovery_rate"": 0.6875}",16,11,0.6875,high_value_link_responder,1,0.3914,PAYMENT_LINK,APPROVED,PAYMENT_LINK,SUCCESS,51548.33,"This is a high-value transaction of ₹51,548.33 INR that requires customer-initiated 2FA authentication. Automated gateway retries frequently fail for transactions of this scale due to bank security policies. Sending a secure payment link directly to the customer provides a seamless authentication flow and yields optimal recovery."
98d985d8-d3cc-4754-a18d-624638dfb233,payment_failure,2026-08-03T20:55:35.786458+00:00,3793.33,cust_reliab_5094,network_error,1,1.98,"{""total_past_payments"": 10, ""past_successful_payments"": 10, ""past_recovery_rate"": 1.0}",10,10,1.0,reliable_temporary_glitch,1,0.6851,RETRY,APPROVED,RETRY,SUCCESS,3793.33,The failure reason 'network_error' appears transient with an estimated recovery probability of 92.7%. The customer maintains a healthy historical success rate of 100.0% across 10 past payments. An automated payment gateway retry within standard cooldown limits is recommended.
173f77cb-78e4-4438-a47e-951c2b835e94,overdue_invoice,2026-08-11T00:58:14.211611+00:00,68968.81,cust_slow_b_8843,overdue,1,29.95,"{""total_past_payments"": 8, ""past_successful_payments"": 7, ""past_recovery_rate"": 0.875}",8,7,0.875,slow_but_reliable_payer,1,0.6056,REMINDER,APPROVED,REMINDER,SUCCESS,68968.81,"The invoice of ₹68,968.81 INR is overdue with 1 previous attempt(s). The customer has a solid historical recovery rate of 87.5%, indicating willingness to pay once notified. Sending a formal payment reminder notice is the most effective approach to prompt settlement."
4d40db6e-23ae-4acf-8b9b-7edd1d039a14,checkout_abandonment,2026-07-24T09:06:16.869613+00:00,2827.69,cust_checko_5959,abandoned,2,2.71,"{""total_past_payments"": 3, ""past_successful_payments"": 1, ""past_recovery_rate"": 0.3333}",3,1,0.3333,checkout_abandoner,1,0.0148,STOP,APPROVED,STOP,NO_ACTION,0.0,"The predicted recovery probability is extremely low (3.5%), indicating high likelihood of permanent failure. Given 2 prior failed attempt(s) and poor past payment performance, continuing automated attempts would incur unnecessary fees and annoy the customer. We recommend halting all recovery efforts for this invoice."
26e04b77-d154-480d-8090-64c5f8a2f415,payment_failure,2026-08-13T12:06:20.912725+00:00,181998.63,cust_high_v_8966,network_error,3,0.76,"{""total_past_payments"": 16, ""past_successful_payments"": 14, ""past_recovery_rate"": 0.875}",16,14,0.875,high_value_link_responder,1,0.6342,PAYMENT_LINK,APPROVED,PAYMENT_LINK,SUCCESS,181998.63,"This is a high-value transaction of ₹181,998.63 INR that requires customer-initiated 2FA authentication. Automated gateway retries frequently fail for transactions of this scale due to bank security policies. Sending a secure payment link directly to the customer provides a seamless authentication flow and yields optimal recovery."
7ff81eeb-63e5-4fcc-b11b-74e08529deb2,overdue_invoice,2026-07-23T06:03:19.930531+00:00,30748.23,cust_slow_b_3325,overdue,3,18.82,"{""total_past_payments"": 7, ""past_successful_payments"": 6, ""past_recovery_rate"": 0.8571}",7,6,0.8571,slow_but_reliable_payer,1,0.6804,REMINDER,APPROVED,REMINDER,SUCCESS,30748.23,"The invoice of ₹30,748.23 INR is overdue with 3 previous attempt(s). The customer has a solid historical recovery rate of 85.7%, indicating willingness to pay once notified. Sending a formal payment reminder notice is the most effective approach to prompt settlement."
05bab35e-bf20-4b73-aa19-e83061b4c94f,checkout_abandonment,2026-08-20T21:24:09.505197+00:00,10109.56,cust_checko_2384,abandoned,2,0.98,"{""total_past_payments"": 6, ""past_successful_payments"": 2, ""past_recovery_rate"": 0.3333}",6,2,0.3333,checkout_abandoner,1,0.4001,REMINDER,BLOCKED: max_daily_contact_attempts_per_customer,STOP,NO_ACTION,0.0,"The customer abandoned checkout for an order worth ₹10,109.56 INR. Since no transaction was submitted to the payment gateway, automated retries are inapplicable. We recommend sending a targeted checkout reminder notice with an instant payment link."
ce82bee2-39b6-45fe-b92e-227357cf1a2c,subscription_failure,2026-08-20T23:09:37.024508+00:00,6047.53,cust_reliab_8062,network_error,2,0.18,"{""total_past_payments"": 23, ""past_successful_payments"": 21, ""past_recovery_rate"": 0.913}",23,21,0.913,reliable_temporary_glitch,1,0.9657,RETRY,APPROVED,RETRY,SUCCESS,6047.53,The failure reason 'network_error' appears transient with an estimated recovery probability of 99.7%. The customer maintains a healthy historical success rate of 91.3% across 23 past payments. An automated payment gateway retry within standard cooldown limits is recommended.
05fcd7ac-7e42-4ccf-931a-26f4034958a9,overdue_invoice,2026-07-25T05:29:32.303727+00:00,77903.03,cust_slow_b_4547,insufficient_funds,2,28.07,"{""total_past_payments"": 12, ""past_successful_payments"": 11, ""past_recovery_rate"": 0.9167}",12,11,0.9167,slow_but_reliable_payer,0,0.9882,REMINDER,APPROVED,REMINDER,FAILED,0.0,"The invoice of ₹77,903.03 INR is overdue with 2 previous attempt(s). The customer has a solid historical recovery rate of 91.7%, indicating willingness to pay once notified. Sending a formal payment reminder notice is the most effective approach to prompt settlement."
48000913-c1d4-4e35-90ff-0cee99bcb4c8,payment_failure,2026-08-08T12:11:47.260518+00:00,3534.88,cust_chroni_5709,insufficient_funds,3,5.84,"{""total_past_payments"": 19, ""past_successful_payments"": 3, ""past_recovery_rate"": 0.1579}",19,3,0.1579,chronic_failer,0,0.1177,ESCALATE,APPROVED,ESCALATE,PENDING,0.0,"Automated recovery has failed after 3 attempts for this transaction of ₹3,534.88 INR. With ML recovery probability estimated at 29.8%, automated retries have diminishing returns. Escalating to a human customer success representative is recommended for personalized outreach."
cb63f44e-d153-4bbf-9ad3-0df45d7d3e8d,subscription_failure,2026-08-05T23:06:50.142686+00:00,1467.88,cust_chroni_1248,expired_card,6,3.8,"{""total_past_payments"": 9, ""past_successful_payments"": 1, ""past_recovery_rate"": 0.1111}",9,1,0.1111,chronic_failer,0,0.1996,STOP,APPROVED,STOP,NO_ACTION,0.0,"The predicted recovery probability is extremely low (0.8%), indicating high likelihood of permanent failure. Given 6 prior failed attempt(s) and poor past payment performance, continuing automated attempts would incur unnecessary fees and annoy the customer. We recommend halting all recovery efforts for this invoice."
edd55347-236a-469c-97a9-e9a260674644,subscription_failure,2026-07-22T13:35:26.890984+00:00,11684.42,cust_reliab_5493,network_error,2,0.74,"{""total_past_payments"": 35, ""past_successful_payments"": 30, ""past_recovery_rate"": 0.8571}",35,30,0.8571,reliable_temporary_glitch,1,0.8003,RETRY,APPROVED,RETRY,SUCCESS,11684.42,The failure reason 'network_error' appears transient with an estimated recovery probability of 59.9%. The customer maintains a healthy historical success rate of 85.7% across 35 past payments. An automated payment gateway retry within standard cooldown limits is recommended.
d3bb2469-c5bf-48e1-97d8-3c0e18ff55cd,subscription_failure,2026-08-17T19:13:50.056852+00:00,152899.24,cust_high_v_1282,network_error,2,2.59,"{""total_past_payments"": 10, ""past_successful_payments"": 7, ""past_recovery_rate"": 0.7}",10,7,0.7,high_value_link_responder,1,0.6053,PAYMENT_LINK,APPROVED,PAYMENT_LINK,SUCCESS,152899.24,"This is a high-value transaction of ₹152,899.24 INR that requires customer-initiated 2FA authentication. Automated gateway retries frequently fail for transactions of this scale due to bank security policies. Sending a secure payment link directly to the customer provides a seamless authentication flow and yields optimal recovery."
a512f8cc-57ad-4c69-acc1-33e00031e945,payment_failure,2026-08-07T02:58:53.376409+00:00,214973.2,cust_high_v_5529,insufficient_funds,1,1.52,"{""total_past_payments"": 23, ""past_successful_payments"": 20, ""past_recovery_rate"": 0.8696}",23,20,0.8696,high_value_link_responder,0,0.7661,PAYMENT_LINK,APPROVED,PAYMENT_LINK,FAILED,0.0,"This is a high-value transaction of ₹214,973.20 INR that requires customer-initiated 2FA authentication. Automated gateway retries frequently fail for transactions of this scale due to bank security policies. Sending a secure payment link directly to the customer provides a seamless authentication flow and yields optimal recovery."
dbfe9cc9-5465-453e-a7db-1668b5b0e705,overdue_invoice,2026-07-28T22:16:53.323575+00:00,33358.67,cust_slow_b_1812,overdue,2,8.18,"{""total_past_payments"": 24, ""past_successful_payments"": 18, ""past_recovery_rate"": 0.75}",24,18,0.75,slow_but_reliable_payer,1,0.795,REMINDER,APPROVED,REMINDER,SUCCESS,33358.67,"The invoice of ₹33,358.67 INR is overdue with 2 previous attempt(s). The customer has a solid historical recovery rate of 75.0%, indicating willingness to pay once notified. Sending a formal payment reminder notice is the most effective approach to prompt settlement."
558e54e0-5cd4-48d8-a9a8-b8dd082c8bb1,subscription_failure,2026-08-06T07:53:36.149190+00:00,6884.48,cust_reliab_5244,network_error,2,0.18,"{""total_past_payments"": 24, ""past_successful_payments"": 21, ""past_recovery_rate"": 0.875}",24,21,0.875,reliable_temporary_glitch,1,0.9744,RETRY,APPROVED,RETRY,SUCCESS,6884.48,The failure reason 'network_error' appears transient with an estimated recovery probability of 99.0%. The customer maintains a healthy historical success rate of 87.5% across 24 past payments. An automated payment gateway retry within standard cooldown limits is recommended.
87a50078-03eb-495b-ba91-3fef3c6950db,subscription_failure,2026-08-20T04:31:24.169650+00:00,3903.1,cust_reliab_2268,network_error,1,0.25,"{""total_past_payments"": 38, ""past_successful_payments"": 33, ""past_recovery_rate"": 0.8684}",38,33,0.8684,reliable_temporary_glitch,1,0.9916,RETRY,APPROVED,RETRY,SUCCESS,3903.1,The failure reason 'network_error' appears transient with an estimated recovery probability of 96.9%. The customer maintains a healthy historical success rate of 86.8% across 38 past payments. An automated payment gateway retry within standard cooldown limits is recommended.
5fd45e30-0ff9-4d9f-b389-cabae76aa57f,checkout_abandonment,2026-07-27T20:23:32.170126+00:00,5254.45,cust_checko_6902,abandoned,2,2.65,"{""total_past_payments"": 2, ""past_successful_payments"": 0, ""past_recovery_rate"": 0.0}",2,0,0.0,checkout_abandoner,0,0.0335,REMINDER,APPROVED,REMINDER,FAILED,0.0,"The customer abandoned checkout for an order worth ₹5,254.45 INR. Since no transaction was submitted to the payment gateway, automated retries are inapplicable. We recommend sending a targeted checkout reminder notice with an instant payment link."
de11e2bb-02d2-42b6-a2de-8d47515b43be,overdue_invoice,2026-08-02T20:57:05.050943+00:00,24428.15,cust_slow_b_1418,insufficient_funds,1,12.27,"{""total_past_payments"": 8, ""past_successful_payments"": 7, ""past_recovery_rate"": 0.875}",8,7,0.875,slow_but_reliable_payer,1,0.961,REMINDER,APPROVED,REMINDER,SUCCESS,24428.15,"The invoice of ₹24,428.15 INR is overdue with 1 previous attempt(s). The customer has a solid historical recovery rate of 87.5%, indicating willingness to pay once notified. Sending a formal payment reminder notice is the most effective approach to prompt settlement."
2dda417d-f829-4084-b13d-1bc6720ef243,payment_failure,2026-07-31T01:22:41.699336+00:00,5987.94,cust_chroni_1534,card_declined,5,6.64,"{""total_past_payments"": 14, ""past_successful_payments"": 4, ""past_recovery_rate"": 0.2857}",14,4,0.2857,chronic_failer,0,0.0557,STOP,APPROVED,STOP,NO_ACTION,0.0,"The predicted recovery probability is extremely low (13.1%), indicating high likelihood of permanent failure. Given 5 prior failed attempt(s) and poor past payment performance, continuing automated attempts would incur unnecessary fees and annoy the customer. We recommend halting all recovery efforts for this invoice."
b8347912-123c-408b-a078-9c09301e865e,checkout_abandonment,2026-07-23T18:31:15.845784+00:00,11911.29,cust_checko_9646,abandoned,2,1.71,"{""total_past_payments"": 1, ""past_successful_payments"": 1, ""past_recovery_rate"": 1.0}",1,1,1.0,checkout_abandoner,0,0.6107,REMINDER,APPROVED,REMINDER,FAILED,0.0,"The customer abandoned checkout for an order worth ₹11,911.29 INR. Since no transaction was submitted to the payment gateway, automated retries are inapplicable. We recommend sending a targeted checkout reminder notice with an instant payment link."
2ae3e6c9-3c9e-41f5-84d4-a941fa29fa19,payment_failure,2026-08-05T22:05:21.372307+00:00,5095.62,cust_reliab_6385,insufficient_funds,1,1.69,"{""total_past_payments"": 28, ""past_successful_payments"": 27, ""past_recovery_rate"": 0.9643}",28,27,0.9643,reliable_temporary_glitch,1,0.9683,RETRY,APPROVED,RETRY,SUCCESS,5095.62,The failure reason 'insufficient_funds' appears transient with an estimated recovery probability of 97.5%. The customer maintains a healthy historical success rate of 96.4% across 28 past payments. An automated payment gateway retry within standard cooldown limits is recommended.
69fb736b-1f78-4b2e-be12-bfbfe9a12b39,payment_failure,2026-08-18T01:37:51.623936+00:00,79235.46,cust_high_v_6766,insufficient_funds,3,2.89,"{""total_past_payments"": 18, ""past_successful_payments"": 13, ""past_recovery_rate"": 0.7222}",18,13,0.7222,high_value_link_responder,1,0.4935,PAYMENT_LINK,APPROVED,PAYMENT_LINK,SUCCESS,79235.46,"This is a high-value transaction of ₹79,235.46 INR that requires customer-initiated 2FA authentication. Automated gateway retries frequently fail for transactions of this scale due to bank security policies. Sending a secure payment link directly to the customer provides a seamless authentication flow and yields optimal recovery."
37d81279-b927-44f0-b21e-d45ce2d7e711,payment_failure,2026-08-07T00:08:23.764511+00:00,1996.73,cust_chroni_5013,card_declined,6,2.38,"{""total_past_payments"": 6, ""past_successful_payments"": 2, ""past_recovery_rate"": 0.3333}",6,2,0.3333,chronic_failer,0,0.0156,STOP,APPROVED,STOP,NO_ACTION,0.0,"The predicted recovery probability is extremely low (1.0%), indicating high likelihood of permanent failure. Given 6 prior failed attempt(s) and poor past payment performance, continuing automated attempts would incur unnecessary fees and annoy the customer. We recommend halting all recovery efforts for this invoice."
8f0857d9-1523-481c-b184-a9ff02d8f7d7,payment_failure,2026-08-12T22:10:25.867626+00:00,2647.99,cust_chroni_9096,card_declined,3,3.45,"{""total_past_payments"": 18, ""past_successful_payments"": 6, ""past_recovery_rate"": 0.3333}",18,6,0.3333,chronic_failer,0,0.0164,STOP,APPROVED,STOP,NO_ACTION,0.0,"The predicted recovery probability is extremely low (1.7%), indicating high likelihood of permanent failure. Given 3 prior failed attempt(s) and poor past payment performance, continuing automated attempts would incur unnecessary fees and annoy the customer. We recommend halting all recovery efforts for this invoice."
5cfc9b69-c2a5-47b5-9aaf-c356bef3074a,subscription_failure,2026-07-26T05:43:08.712454+00:00,724.93,cust_reliab_8698,insufficient_funds,1,0.9,"{""total_past_payments"": 45, ""past_successful_payments"": 43, ""past_recovery_rate"": 0.9556}",45,43,0.9556,reliable_temporary_glitch,1,0.4287,RETRY,APPROVED,RETRY,SUCCESS,724.93,The failure reason 'insufficient_funds' appears transient with an estimated recovery probability of 99.3%. The customer maintains a healthy historical success rate of 95.6% across 45 past payments. An automated payment gateway retry within standard cooldown limits is recommended.
49fbf99e-6440-4f64-a002-fd709f80b721,checkout_abandonment,2026-07-22T19:58:44.688887+00:00,1978.96,cust_checko_4955,abandoned,2,2.73,"{""total_past_payments"": 5, ""past_successful_payments"": 1, ""past_recovery_rate"": 0.2}",5,1,0.2,checkout_abandoner,0,0.6444,REMINDER,APPROVED,REMINDER,FAILED,0.0,"The customer abandoned checkout for an order worth ₹1,978.96 INR. Since no transaction was submitted to the payment gateway, automated retries are inapplicable. We recommend sending a targeted checkout reminder notice with an instant payment link."
9e3dbb64-15d4-4295-bedd-1d131daf8daf,checkout_abandonment,2026-07-25T13:54:58.990719+00:00,7281.57,cust_checko_2208,abandoned,1,2.98,"{""total_past_payments"": 0, ""past_successful_payments"": 0, ""past_recovery_rate"": 0.0}",0,0,0.0,checkout_abandoner,0,0.1892,STOP,APPROVED,STOP,NO_ACTION,0.0,"The predicted recovery probability is extremely low (16.7%), indicating high likelihood of permanent failure. Given 1 prior failed attempt(s) and poor past payment performance, continuing automated attempts would incur unnecessary fees and annoy the customer. We recommend halting all recovery efforts for this invoice."
54bf1876-52ba-4d2c-b325-6aafa863fab9,overdue_invoice,2026-07-27T11:40:18.568509+00:00,36036.2,cust_slow_b_9345,overdue,2,22.5,"{""total_past_payments"": 9, ""past_successful_payments"": 8, ""past_recovery_rate"": 0.8889}",9,8,0.8889,slow_but_reliable_payer,1,0.6457,REMINDER,APPROVED,REMINDER,SUCCESS,36036.2,"The invoice of ₹36,036.20 INR is overdue with 2 previous attempt(s). The customer has a solid historical recovery rate of 88.9%, indicating willingness to pay once notified. Sending a formal payment reminder notice is the most effective approach to prompt settlement."
9b0f2590-129d-447b-b773-142b59737744,subscription_failure,2026-08-10T10:25:19.107654+00:00,9916.37,cust_reliab_5576,insufficient_funds,2,0.71,"{""total_past_payments"": 21, ""past_successful_payments"": 19, ""past_recovery_rate"": 0.9048}",21,19,0.9048,reliable_temporary_glitch,1,0.131,RETRY,APPROVED,RETRY,SUCCESS,9916.37,The failure reason 'insufficient_funds' appears transient with an estimated recovery probability of 91.1%. The customer maintains a healthy historical success rate of 90.5% across 21 past payments. An automated payment gateway retry within standard cooldown limits is recommended.
b56f14ad-4251-49cd-8654-18ed215a23fb,payment_failure,2026-07-25T14:40:26.465363+00:00,155461.35,cust_high_v_3923,network_error,2,1.21,"{""total_past_payments"": 17, ""past_successful_payments"": 12, ""past_recovery_rate"": 0.7059}",17,12,0.7059,high_value_link_responder,0,0.9186,PAYMENT_LINK,APPROVED,PAYMENT_LINK,FAILED,0.0,"This is a high-value transaction of ₹155,461.35 INR that requires customer-initiated 2FA authentication. Automated gateway retries frequently fail for transactions of this scale due to bank security policies. Sending a secure payment link directly to the customer provides a seamless authentication flow and yields optimal recovery."
c9607e75-263f-4363-8de0-a77f08d97c7d,payment_failure,2026-07-26T01:24:52.520671+00:00,5901.68,cust_chroni_6150,insufficient_funds,6,4.11,"{""total_past_payments"": 20, ""past_successful_payments"": 6, ""past_recovery_rate"": 0.3}",20,6,0.3,chronic_failer,1,0.3926,STOP,APPROVED,STOP,NO_ACTION,0.0,"The predicted recovery probability is extremely low (3.8%), indicating high likelihood of permanent failure. Given 6 prior failed attempt(s) and poor past payment performance, continuing automated attempts would incur unnecessary fees and annoy the customer. We recommend halting all recovery efforts for this invoice."
87b0110b-7d16-4a58-adad-38cacae56757,payment_failure,2026-07-25T23:16:47.248082+00:00,89907.73,cust_high_v_4795,network_error,2,2.97,"{""total_past_payments"": 29, ""past_successful_payments"": 18, ""past_recovery_rate"": 0.6207}",29,18,0.6207,high_value_link_responder,1,0.4561,PAYMENT_LINK,APPROVED,PAYMENT_LINK,SUCCESS,89907.73,"This is a high-value transaction of ₹89,907.73 INR that requires customer-initiated 2FA authentication. Automated gateway retries frequently fail for transactions of this scale due to bank security policies. Sending a secure payment link directly to the customer provides a seamless authentication flow and yields optimal recovery."
b4d45181-4d1c-4bd0-83e1-c0ed2ca5315d,overdue_invoice,2026-07-27T08:48:08.609885+00:00,77937.83,cust_slow_b_9844,overdue,1,19.96,"{""total_past_payments"": 5, ""past_successful_payments"": 5, ""past_recovery_rate"": 1.0}",5,5,1.0,slow_but_reliable_payer,1,0.8133,REMINDER,APPROVED,REMINDER,SUCCESS,77937.83,"The invoice of ₹77,937.83 INR is overdue with 1 previous attempt(s). The customer has a solid historical recovery rate of 100.0%, indicating willingness to pay once notified. Sending a formal payment reminder notice is the most effective approach to prompt settlement."
8d6744f0-7175-4f78-9f83-ccda1482d6f0,subscription_failure,2026-08-13T01:48:29.420618+00:00,238272.95,cust_high_v_8435,card_declined,2,2.33,"{""total_past_payments"": 21, ""past_successful_payments"": 13, ""past_recovery_rate"": 0.619}",21,13,0.619,high_value_link_responder,1,0.1508,PAYMENT_LINK,APPROVED,PAYMENT_LINK,SUCCESS,238272.95,"This is a high-value transaction of ₹238,272.95 INR that requires customer-initiated 2FA authentication. Automated gateway retries frequently fail for transactions of this scale due to bank security policies. Sending a secure payment link directly to the customer provides a seamless authentication flow and yields optimal recovery."
b7bc5350-4ff0-4488-81b7-3d58c1e97637,payment_failure,2026-07-27T04:30:55.508598+00:00,3666.36,cust_chroni_5562,expired_card,6,3.96,"{""total_past_payments"": 4, ""past_successful_payments"": 1, ""past_recovery_rate"": 0.25}",4,1,0.25,chronic_failer,0,0.0293,STOP,APPROVED,STOP,NO_ACTION,0.0,"The predicted recovery probability is extremely low (4.7%), indicating high likelihood of permanent failure. Given 6 prior failed attempt(s) and poor past payment performance, continuing automated attempts would incur unnecessary fees and annoy the customer. We recommend halting all recovery efforts for this invoice."
6b430a9a-c972-44d1-9d9d-c7f052da85e0,checkout_abandonment,2026-07-30T17:01:51.037220+00:00,4228.19,cust_checko_2213,abandoned,2,0.97,"{""total_past_payments"": 10, ""past_successful_payments"": 6, ""past_recovery_rate"": 0.6}",10,6,0.6,checkout_abandoner,0,0.1403,REMINDER,BLOCKED: max_daily_contact_attempts_per_customer,STOP,NO_ACTION,0.0,"The customer abandoned checkout for an order worth ₹4,228.19 INR. Since no transaction was submitted to the payment gateway, automated retries are inapplicable. We recommend sending a targeted checkout reminder notice with an instant payment link."
91e08f78-02fa-4038-a9d9-801cf1b192c9,payment_failure,2026-08-08T12:41:57.476886+00:00,14019.34,cust_reliab_1583,card_declined,2,0.46,"{""total_past_payments"": 45, ""past_successful_payments"": 42, ""past_recovery_rate"": 0.9333}",45,42,0.9333,reliable_temporary_glitch,1,0.3578,RETRY,APPROVED,RETRY,SUCCESS,14019.34,The failure reason 'card_declined' appears transient with an estimated recovery probability of 90.6%. The customer maintains a healthy historical success rate of 93.3% across 45 past payments. An automated payment gateway retry within standard cooldown limits is recommended.
97ff5452-b605-45dc-84a9-12d4e1607c00,subscription_failure,2026-08-14T22:10:49.121856+00:00,1726.29,cust_chroni_5630,insufficient_funds,6,1.91,"{""total_past_payments"": 7, ""past_successful_payments"": 2, ""past_recovery_rate"": 0.2857}",7,2,0.2857,chronic_failer,0,0.0061,STOP,APPROVED,STOP,NO_ACTION,0.0,"The predicted recovery probability is extremely low (0.5%), indicating high likelihood of permanent failure. Given 6 prior failed attempt(s) and poor past payment performance, continuing automated attempts would incur unnecessary fees and annoy the customer. We recommend halting all recovery efforts for this invoice."
02238382-4883-41af-a994-c5fbd00d0e2d,payment_failure,2026-08-06T00:59:26.536459+00:00,187738.81,cust_high_v_4416,card_declined,1,0.51,"{""total_past_payments"": 7, ""past_successful_payments"": 5, ""past_recovery_rate"": 0.7143}",7,5,0.7143,high_value_link_responder,0,0.3674,PAYMENT_LINK,APPROVED,PAYMENT_LINK,FAILED,0.0,"This is a high-value transaction of ₹187,738.81 INR that requires customer-initiated 2FA authentication. Automated gateway retries frequently fail for transactions of this scale due to bank security policies. Sending a secure payment link directly to the customer provides a seamless authentication flow and yields optimal recovery."
38ab5df4-9502-460a-9a57-a42d479fff43,subscription_failure,2026-08-14T11:44:08.959575+00:00,2919.89,cust_chroni_8947,expired_card,4,6.27,"{""total_past_payments"": 9, ""past_successful_payments"": 3, ""past_recovery_rate"": 0.3333}",9,3,0.3333,chronic_failer,0,0.0139,STOP,APPROVED,STOP,NO_ACTION,0.0,"The predicted recovery probability is extremely low (1.0%), indicating high likelihood of permanent failure. Given 4 prior failed attempt(s) and poor past payment performance, continuing automated attempts would incur unnecessary fees and annoy the customer. We recommend halting all recovery efforts for this invoice."
536777a8-a085-48fb-a66c-a98780f8c12a,payment_failure,2026-08-05T05:28:24.967085+00:00,91468.87,cust_high_v_7874,network_error,1,0.78,"{""total_past_payments"": 29, ""past_successful_payments"": 24, ""past_recovery_rate"": 0.8276}",29,24,0.8276,high_value_link_responder,1,0.8155,PAYMENT_LINK,APPROVED,PAYMENT_LINK,SUCCESS,91468.87,"This is a high-value transaction of ₹91,468.87 INR that requires customer-initiated 2FA authentication. Automated gateway retries frequently fail for transactions of this scale due to bank security policies. Sending a secure payment link directly to the customer provides a seamless authentication flow and yields optimal recovery."
9a60cbe1-f388-4966-aa5a-0e6efa081363,payment_failure,2026-08-11T23:07:08.045019+00:00,50545.67,cust_high_v_8925,network_error,3,1.5,"{""total_past_payments"": 9, ""past_successful_payments"": 7, ""past_recovery_rate"": 0.7778}",9,7,0.7778,high_value_link_responder,0,0.5521,PAYMENT_LINK,APPROVED,PAYMENT_LINK,FAILED,0.0,"This is a high-value transaction of ₹50,545.67 INR that requires customer-initiated 2FA authentication. Automated gateway retries frequently fail for transactions of this scale due to bank security policies. Sending a secure payment link directly to the customer provides a seamless authentication flow and yields optimal recovery."
37a7dd32-052d-419f-abce-0120c5e8e83d,checkout_abandonment,2026-07-31T21:55:53.033506+00:00,784.52,cust_checko_6295,abandoned,2,1.62,"{""total_past_payments"": 6, ""past_successful_payments"": 1, ""past_recovery_rate"": 0.1667}",6,1,0.1667,checkout_abandoner,1,0.7689,REMINDER,APPROVED,REMINDER,SUCCESS,784.52,"The customer abandoned checkout for an order worth ₹784.52 INR. Since no transaction was submitted to the payment gateway, automated retries are inapplicable. We recommend sending a targeted checkout reminder notice with an instant payment link."
37abbb72-9ad6-49a3-94ed-e33aa346b2cb,payment_failure,2026-07-25T03:49:32.530670+00:00,2292.87,cust_chroni_7714,card_declined,4,3.04,"{""total_past_payments"": 3, ""past_successful_payments"": 0, ""past_recovery_rate"": 0.0}",3,0,0.0,chronic_failer,0,0.1453,STOP,APPROVED,STOP,NO_ACTION,0.0,"The predicted recovery probability is extremely low (13.2%), indicating high likelihood of permanent failure. Given 4 prior failed attempt(s) and poor past payment performance, continuing automated attempts would incur unnecessary fees and annoy the customer. We recommend halting all recovery efforts for this invoice."
955e8676-ff9e-40d1-9b3c-9b0aa351eb1d,checkout_abandonment,2026-07-29T03:27:13.488818+00:00,1724.15,cust_checko_1345,abandoned,2,0.56,"{""total_past_payments"": 8, ""past_successful_payments"": 2, ""past_recovery_rate"": 0.25}",8,2,0.25,checkout_abandoner,0,0.5327,STOP,APPROVED,STOP,NO_ACTION,0.0,"The predicted recovery probability is extremely low (13.3%), indicating high likelihood of permanent failure. Given 2 prior failed attempt(s) and poor past payment performance, continuing automated attempts would incur unnecessary fees and annoy the customer. We recommend halting all recovery efforts for this invoice."
b9cb5f79-3ab9-426f-b682-75514e7e7855,payment_failure,2026-08-04T22:38:50.537562+00:00,68943.84,cust_slow_b_3572,overdue,3,10.26,"{""total_past_payments"": 21, ""past_successful_payments"": 16, ""past_recovery_rate"": 0.7619}",21,16,0.7619,slow_but_reliable_payer,0,0.9824,PAYMENT_LINK,APPROVED,PAYMENT_LINK,FAILED,0.0,"This is a high-value transaction of ₹68,943.84 INR that requires customer-initiated 2FA authentication. Automated gateway retries frequently fail for transactions of this scale due to bank security policies. Sending a secure payment link directly to the customer provides a seamless authentication flow and yields optimal recovery."
5f0014fb-58e7-45d5-b03a-00a86a96a553,payment_failure,2026-08-12T19:47:46.320534+00:00,1458.95,cust_chroni_5074,expired_card,5,2.99,"{""total_past_payments"": 8, ""past_successful_payments"": 2, ""past_recovery_rate"": 0.25}",8,2,0.25,chronic_failer,1,0.0012,STOP,APPROVED,STOP,NO_ACTION,0.0,"The predicted recovery probability is extremely low (0.2%), indicating high likelihood of permanent failure. Given 5 prior failed attempt(s) and poor past payment performance, continuing automated attempts would incur unnecessary fees and annoy the customer. We recommend halting all recovery efforts for this invoice."
7b0dabef-2e1f-4b06-9ef6-332bda851e5f,subscription_failure,2026-08-09T14:12:58.517559+00:00,134102.49,cust_high_v_5051,card_declined,1,1.21,"{""total_past_payments"": 5, ""past_successful_payments"": 3, ""past_recovery_rate"": 0.6}",5,3,0.6,high_value_link_responder,1,0.4234,PAYMENT_LINK,APPROVED,PAYMENT_LINK,SUCCESS,134102.49,"This is a high-value transaction of ₹134,102.49 INR that requires customer-initiated 2FA authentication. Automated gateway retries frequently fail for transactions of this scale due to bank security policies. Sending a secure payment link directly to the customer provides a seamless authentication flow and yields optimal recovery."
638b1b45-5bfd-4201-a4c6-ac357bc503b7,overdue_invoice,2026-08-10T04:40:27.618684+00:00,46067.58,cust_slow_b_9265,overdue,3,26.92,"{""total_past_payments"": 6, ""past_successful_payments"": 4, ""past_recovery_rate"": 0.6667}",6,4,0.6667,slow_but_reliable_payer,1,0.1398,REMINDER,APPROVED,REMINDER,SUCCESS,46067.58,"The invoice of ₹46,067.58 INR is overdue with 3 previous attempt(s). The customer has a solid historical recovery rate of 66.7%, indicating willingness to pay once notified. Sending a formal payment reminder notice is the most effective approach to prompt settlement."
0b82b2eb-f151-47e3-898f-298a478d47ae,overdue_invoice,2026-08-03T09:13:24.415375+00:00,23666.28,cust_slow_b_6114,overdue,3,19.7,"{""total_past_payments"": 16, ""past_successful_payments"": 12, ""past_recovery_rate"": 0.75}",16,12,0.75,slow_but_reliable_payer,0,0.9137,REMINDER,APPROVED,REMINDER,FAILED,0.0,"The invoice of ₹23,666.28 INR is overdue with 3 previous attempt(s). The customer has a solid historical recovery rate of 75.0%, indicating willingness to pay once notified. Sending a formal payment reminder notice is the most effective approach to prompt settlement."
0287131c-5689-449d-a703-f874c048fc8f,payment_failure,2026-08-12T11:10:49.171279+00:00,7154.13,cust_reliab_5771,insufficient_funds,1,0.6,"{""total_past_payments"": 46, ""past_successful_payments"": 42, ""past_recovery_rate"": 0.913}",46,42,0.913,reliable_temporary_glitch,1,0.9499,RETRY,APPROVED,RETRY,SUCCESS,7154.13,The failure reason 'insufficient_funds' appears transient with an estimated recovery probability of 71.8%. The customer maintains a healthy historical success rate of 91.3% across 46 past payments. An automated payment gateway retry within standard cooldown limits is recommended.
6cf9a0d6-f77c-444b-be7f-8516e18b591c,overdue_invoice,2026-07-31T10:39:28.712026+00:00,55593.42,cust_slow_b_7106,overdue,2,5.43,"{""total_past_payments"": 19, ""past_successful_payments"": 17, ""past_recovery_rate"": 0.8947}",19,17,0.8947,slow_but_reliable_payer,0,0.8903,REMINDER,APPROVED,REMINDER,FAILED,0.0,"The invoice of ₹55,593.42 INR is overdue with 2 previous attempt(s). The customer has a solid historical recovery rate of 89.5%, indicating willingness to pay once notified. Sending a formal payment reminder notice is the most effective approach to prompt settlement."
e6a14f94-2f41-4f73-8d69-24aafe3eac1f,subscription_failure,2026-08-04T04:39:28.645562+00:00,30600.67,cust_high_v_6089,network_error,1,1.62,"{""total_past_payments"": 20, ""past_successful_payments"": 15, ""past_recovery_rate"": 0.75}",20,15,0.75,high_value_link_responder,0,0.6891,PAYMENT_LINK,APPROVED,PAYMENT_LINK,FAILED,0.0,"This is a high-value transaction of ₹30,600.67 INR that requires customer-initiated 2FA authentication. Automated gateway retries frequently fail for transactions of this scale due to bank security policies. Sending a secure payment link directly to the customer provides a seamless authentication flow and yields optimal recovery."
3c5ce2f3-a1bc-4dcb-addc-9264aae8d2fd,checkout_abandonment,2026-07-26T14:03:18.843399+00:00,6107.32,cust_checko_8758,abandoned,1,0.43,"{""total_past_payments"": 6, ""past_successful_payments"": 3, ""past_recovery_rate"": 0.5}",6,3,0.5,checkout_abandoner,0,0.2632,REMINDER,APPROVED,REMINDER,FAILED,0.0,"The customer abandoned checkout for an order worth ₹6,107.32 INR. Since no transaction was submitted to the payment gateway, automated retries are inapplicable. We recommend sending a targeted checkout reminder notice with an instant payment link."
8972e4fe-3375-481c-8038-cf1f0c18df5d,subscription_failure,2026-08-19T18:17:58.051290+00:00,4048.66,cust_chroni_1598,expired_card,6,2.87,"{""total_past_payments"": 12, ""past_successful_payments"": 4, ""past_recovery_rate"": 0.3333}",12,4,0.3333,chronic_failer,0,0.003,STOP,APPROVED,STOP,NO_ACTION,0.0,"The predicted recovery probability is extremely low (1.1%), indicating high likelihood of permanent failure. Given 6 prior failed attempt(s) and poor past payment performance, continuing automated attempts would incur unnecessary fees and annoy the customer. We recommend halting all recovery efforts for this invoice."
05c0f19a-2f22-490d-b7d9-57006464fc36,overdue_invoice,2026-07-29T21:06:13.963803+00:00,81522.62,cust_slow_b_8559,overdue,3,17.5,"{""total_past_payments"": 24, ""past_successful_payments"": 18, ""past_recovery_rate"": 0.75}",24,18,0.75,slow_but_reliable_payer,1,0.8673,REMINDER,APPROVED,REMINDER,SUCCESS,81522.62,"The invoice of ₹81,522.62 INR is overdue with 3 previous attempt(s). The customer has a solid historical recovery rate of 75.0%, indicating willingness to pay once notified. Sending a formal payment reminder notice is the most effective approach to prompt settlement."
39306c94-0851-4ff3-ac99-297ff0f8ad29,overdue_invoice,2026-07-22T17:56:50.388917+00:00,17329.09,cust_slow_b_1223,insufficient_funds,1,15.64,"{""total_past_payments"": 6, ""past_successful_payments"": 5, ""past_recovery_rate"": 0.8333}",6,5,0.8333,slow_but_reliable_payer,1,0.6609,STOP,APPROVED,STOP,NO_ACTION,0.0,"The predicted recovery probability is extremely low (16.8%), indicating high likelihood of permanent failure. Given 1 prior failed attempt(s) and poor past payment performance, continuing automated attempts would incur unnecessary fees and annoy the customer. We recommend halting all recovery efforts for this invoice."
2ed56195-efc8-440e-9c63-0ec6636643e5,payment_failure,2026-08-20T08:36:23.710516+00:00,3508.62,cust_chroni_9963,insufficient_funds,4,4.76,"{""total_past_payments"": 18, ""past_successful_payments"": 4, ""past_recovery_rate"": 0.2222}",18,4,0.2222,chronic_failer,0,0.1006,STOP,APPROVED,STOP,NO_ACTION,0.0,"The predicted recovery probability is extremely low (8.8%), indicating high likelihood of permanent failure. Given 4 prior failed attempt(s) and poor past payment performance, continuing automated attempts would incur unnecessary fees and annoy the customer. We recommend halting all recovery efforts for this invoice."
e54544ec-4129-4f37-b38c-8f5fd6443404,overdue_invoice,2026-07-22T15:47:43.021200+00:00,74794.87,cust_slow_b_7088,overdue,3,11.78,"{""total_past_payments"": 14, ""past_successful_payments"": 12, ""past_recovery_rate"": 0.8571}",14,12,0.8571,slow_but_reliable_payer,1,0.9279,REMINDER,APPROVED,REMINDER,SUCCESS,74794.87,"The invoice of ₹74,794.87 INR is overdue with 3 previous attempt(s). The customer has a solid historical recovery rate of 85.7%, indicating willingness to pay once notified. Sending a formal payment reminder notice is the most effective approach to prompt settlement."
5207a55b-e929-44a1-ad44-8d5942237b60,overdue_invoice,2026-07-23T23:17:40.297836+00:00,43412.8,cust_slow_b_6409,overdue,3,11.28,"{""total_past_payments"": 18, ""past_successful_payments"": 14, ""past_recovery_rate"": 0.7778}",18,14,0.7778,slow_but_reliable_payer,0,0.966,REMINDER,APPROVED,REMINDER,FAILED,0.0,"The invoice of ₹43,412.80 INR is overdue with 3 previous attempt(s). The customer has a solid historical recovery rate of 77.8%, indicating willingness to pay once notified. Sending a formal payment reminder notice is the most effective approach to prompt settlement."
de01727c-7ff0-4d9a-9024-9152b75c6e2d,overdue_invoice,2026-08-17T11:17:12.952513+00:00,57194.06,cust_slow_b_8708,insufficient_funds,2,5.25,"{""total_past_payments"": 17, ""past_successful_payments"": 13, ""past_recovery_rate"": 0.7647}",17,13,0.7647,slow_but_reliable_payer,1,0.5071,REMINDER,APPROVED,REMINDER,SUCCESS,57194.06,"The invoice of ₹57,194.06 INR is overdue with 2 previous attempt(s). The customer has a solid historical recovery rate of 76.5%, indicating willingness to pay once notified. Sending a formal payment reminder notice is the most effective approach to prompt settlement."
9532455d-b1db-4f2f-a18d-f880de21ba16,overdue_invoice,2026-08-05T09:33:52.245647+00:00,39793.16,cust_slow_b_6741,overdue,1,20.62,"{""total_past_payments"": 23, ""past_successful_payments"": 17, ""past_recovery_rate"": 0.7391}",23,17,0.7391,slow_but_reliable_payer,1,0.9327,REMINDER,APPROVED,REMINDER,SUCCESS,39793.16,"The invoice of ₹39,793.16 INR is overdue with 1 previous attempt(s). The customer has a solid historical recovery rate of 73.9%, indicating willingness to pay once notified. Sending a formal payment reminder notice is the most effective approach to prompt settlement."
79f9a85b-5fd6-4482-b111-8fc42103e48e,payment_failure,2026-08-21T02:33:28.643450+00:00,27337.66,cust_slow_b_6009,overdue,2,25.52,"{""total_past_payments"": 17, ""past_successful_payments"": 14, ""past_recovery_rate"": 0.8235}",17,14,0.8235,slow_but_reliable_payer,0,0.7919,PAYMENT_LINK,APPROVED,PAYMENT_LINK,FAILED,0.0,"This is a high-value transaction of ₹27,337.66 INR that requires customer-initiated 2FA authentication. Automated gateway retries frequently fail for transactions of this scale due to bank security policies. Sending a secure payment link directly to the customer provides a seamless authentication flow and yields optimal recovery."
d6b74ef0-d66e-451e-93ce-0c3252034bbc,checkout_abandonment,2026-08-15T10:52:03.893635+00:00,7294.98,cust_checko_2676,abandoned,1,2.25,"{""total_past_payments"": 4, ""past_successful_payments"": 1, ""past_recovery_rate"": 0.25}",4,1,0.25,checkout_abandoner,1,0.2753,REMINDER,APPROVED,REMINDER,SUCCESS,7294.98,"The customer abandoned checkout for an order worth ₹7,294.98 INR. Since no transaction was submitted to the payment gateway, automated retries are inapplicable. We recommend sending a targeted checkout reminder notice with an instant payment link."
6b525891-6caa-48a1-843c-ea26ef4fd2fd,overdue_invoice,2026-08-10T01:00:34.909660+00:00,61809.01,cust_slow_b_8756,overdue,3,20.12,"{""total_past_payments"": 23, ""past_successful_payments"": 20, ""past_recovery_rate"": 0.8696}",23,20,0.8696,slow_but_reliable_payer,1,0.7734,REMINDER,APPROVED,REMINDER,SUCCESS,61809.01,"The invoice of ₹61,809.01 INR is overdue with 3 previous attempt(s). The customer has a solid historical recovery rate of 87.0%, indicating willingness to pay once notified. Sending a formal payment reminder notice is the most effective approach to prompt settlement."
d5361d28-2df7-4bd1-88a3-0fa4289ee2b5,checkout_abandonment,2026-08-03T01:59:10.063570+00:00,2105.5,cust_checko_1855,abandoned,2,2.65,"{""total_past_payments"": 5, ""past_successful_payments"": 1, ""past_recovery_rate"": 0.2}",5,1,0.2,checkout_abandoner,1,0.5167,REMINDER,APPROVED,REMINDER,SUCCESS,2105.5,"The customer abandoned checkout for an order worth ₹2,105.50 INR. Since no transaction was submitted to the payment gateway, automated retries are inapplicable. We recommend sending a targeted checkout reminder notice with an instant payment link."
9b31204f-a781-4020-a090-b2c2e7f01c1e,overdue_invoice,2026-08-07T09:06:54.189967+00:00,37230.25,cust_slow_b_7316,overdue,1,11.02,"{""total_past_payments"": 16, ""past_successful_payments"": 13, ""past_recovery_rate"": 0.8125}",16,13,0.8125,slow_but_reliable_payer,0,0.8999,REMINDER,APPROVED,REMINDER,FAILED,0.0,"The invoice of ₹37,230.25 INR is overdue with 1 previous attempt(s). The customer has a solid historical recovery rate of 81.2%, indicating willingness to pay once notified. Sending a formal payment reminder notice is the most effective approach to prompt settlement."
bf94dd81-e91a-46e6-b0d4-8b6ed97e2902,payment_failure,2026-08-03T08:51:24.737954+00:00,1868.42,cust_chroni_8163,card_declined,4,6.67,"{""total_past_payments"": 10, ""past_successful_payments"": 3, ""past_recovery_rate"": 0.3}",10,3,0.3,chronic_failer,0,0.0317,STOP,APPROVED,STOP,NO_ACTION,0.0,"The predicted recovery probability is extremely low (1.9%), indicating high likelihood of permanent failure. Given 4 prior failed attempt(s) and poor past payment performance, continuing automated attempts would incur unnecessary fees and annoy the customer. We recommend halting all recovery efforts for this invoice."
410f4a80-e8b5-4b7c-b515-fe095cba60e7,payment_failure,2026-07-31T23:15:59.498655+00:00,150528.64,cust_high_v_6991,insufficient_funds,2,2.13,"{""total_past_payments"": 10, ""past_successful_payments"": 6, ""past_recovery_rate"": 0.6}",10,6,0.6,high_value_link_responder,1,0.7872,PAYMENT_LINK,APPROVED,PAYMENT_LINK,SUCCESS,150528.64,"This is a high-value transaction of ₹150,528.64 INR that requires customer-initiated 2FA authentication. Automated gateway retries frequently fail for transactions of this scale due to bank security policies. Sending a secure payment link directly to the customer provides a seamless authentication flow and yields optimal recovery."
ae250d6f-7289-4a6e-abe4-e97153df8394,payment_failure,2026-07-26T05:47:56.063390+00:00,232136.39,cust_high_v_1174,network_error,1,1.46,"{""total_past_payments"": 10, ""past_successful_payments"": 9, ""past_recovery_rate"": 0.9}",10,9,0.9,high_value_link_responder,1,0.9532,PAYMENT_LINK,APPROVED,PAYMENT_LINK,SUCCESS,232136.39,"This is a high-value transaction of ₹232,136.39 INR that requires customer-initiated 2FA authentication. Automated gateway retries frequently fail for transactions of this scale due to bank security policies. Sending a secure payment link directly to the customer provides a seamless authentication flow and yields optimal recovery."
0ae62bca-ce2b-4872-add2-86bcca6e929d,overdue_invoice,2026-08-03T22:40:31.925605+00:00,39560.64,cust_slow_b_5473,overdue,2,27.9,"{""total_past_payments"": 20, ""past_successful_payments"": 19, ""past_recovery_rate"": 0.95}",20,19,0.95,slow_but_reliable_payer,1,0.9396,REMINDER,APPROVED,REMINDER,SUCCESS,39560.64,"The invoice of ₹39,560.64 INR is overdue with 2 previous attempt(s). The customer has a solid historical recovery rate of 95.0%, indicating willingness to pay once notified. Sending a formal payment reminder notice is the most effective approach to prompt settlement."
14242352-9225-46e8-ac62-76510cc8462d,payment_failure,2026-08-13T22:32:37.902730+00:00,9566.42,cust_reliab_8446,insufficient_funds,1,1.74,"{""total_past_payments"": 40, ""past_successful_payments"": 40, ""past_recovery_rate"": 1.0}",40,40,1.0,reliable_temporary_glitch,1,0.9555,RETRY,APPROVED,RETRY,SUCCESS,9566.42,The failure reason 'insufficient_funds' appears transient with an estimated recovery probability of 89.6%. The customer maintains a healthy historical success rate of 100.0% across 40 past payments. An automated payment gateway retry within standard cooldown limits is recommended.
88d8572d-b89f-40eb-8fcc-f55c7d4655c6,payment_failure,2026-07-30T00:18:32.460493+00:00,6497.96,cust_chroni_3898,insufficient_funds,3,3.22,"{""total_past_payments"": 6, ""past_successful_payments"": 2, ""past_recovery_rate"": 0.3333}",6,2,0.3333,chronic_failer,0,0.1446,STOP,APPROVED,STOP,NO_ACTION,0.0,"The predicted recovery probability is extremely low (7.2%), indicating high likelihood of permanent failure. Given 3 prior failed attempt(s) and poor past payment performance, continuing automated attempts would incur unnecessary fees and annoy the customer. We recommend halting all recovery efforts for this invoice."
3539e1d5-506f-42b4-80ab-8fca8b8be29f,overdue_invoice,2026-08-02T09:44:48.899697+00:00,15609.29,cust_slow_b_4181,overdue,1,26.45,"{""total_past_payments"": 12, ""past_successful_payments"": 11, ""past_recovery_rate"": 0.9167}",12,11,0.9167,slow_but_reliable_payer,1,0.5818,REMINDER,APPROVED,REMINDER,SUCCESS,15609.29,"The invoice of ₹15,609.29 INR is overdue with 1 previous attempt(s). The customer has a solid historical recovery rate of 91.7%, indicating willingness to pay once notified. Sending a formal payment reminder notice is the most effective approach to prompt settlement."
79af1f62-9cfc-468f-b8ff-18770d082dad,subscription_failure,2026-08-01T08:53:51.808337+00:00,13545.16,cust_reliab_7000,network_error,1,1.82,"{""total_past_payments"": 47, ""past_successful_payments"": 45, ""past_recovery_rate"": 0.9574}",47,45,0.9574,reliable_temporary_glitch,1,0.7427,RETRY,APPROVED,RETRY,SUCCESS,13545.16,The failure reason 'network_error' appears transient with an estimated recovery probability of 70.4%. The customer maintains a healthy historical success rate of 95.7% across 47 past payments. An automated payment gateway retry within standard cooldown limits is recommended.
570c7f97-a649-499e-942c-d645eaecfc50,subscription_failure,2026-08-19T13:57:49.176754+00:00,12463.19,cust_reliab_1729,insufficient_funds,1,1.49,"{""total_past_payments"": 15, ""past_successful_payments"": 13, ""past_recovery_rate"": 0.8667}",15,13,0.8667,reliable_temporary_glitch,1,0.9356,RETRY,APPROVED,RETRY,SUCCESS,12463.19,The failure reason 'insufficient_funds' appears transient with an estimated recovery probability of 91.9%. The customer maintains a healthy historical success rate of 86.7% across 15 past payments. An automated payment gateway retry within standard cooldown limits is recommended.
7613c72b-03a7-42c1-a2af-91e27cc2bb20,payment_failure,2026-08-16T08:11:38.669894+00:00,193036.4,cust_high_v_6594,network_error,1,1.28,"{""total_past_payments"": 22, ""past_successful_payments"": 16, ""past_recovery_rate"": 0.7273}",22,16,0.7273,high_value_link_responder,1,0.8557,PAYMENT_LINK,APPROVED,PAYMENT_LINK,SUCCESS,193036.4,"This is a high-value transaction of ₹193,036.40 INR that requires customer-initiated 2FA authentication. Automated gateway retries frequently fail for transactions of this scale due to bank security policies. Sending a secure payment link directly to the customer provides a seamless authentication flow and yields optimal recovery."
7017189b-9867-41b1-953c-3acbabbbd087,checkout_abandonment,2026-07-24T23:45:47.528048+00:00,2557.89,cust_checko_1329,abandoned,1,0.72,"{""total_past_payments"": 9, ""past_successful_payments"": 5, ""past_recovery_rate"": 0.5556}",9,5,0.5556,checkout_abandoner,0,0.3879,REMINDER,APPROVED,REMINDER,FAILED,0.0,"The customer abandoned checkout for an order worth ₹2,557.89 INR. Since no transaction was submitted to the payment gateway, automated retries are inapplicable. We recommend sending a targeted checkout reminder notice with an instant payment link."
8e4ddfaf-dc9f-4ce8-a5ad-30d15702d0fe,subscription_failure,2026-08-10T07:04:11.662768+00:00,43286.86,cust_high_v_4130,card_declined,3,2.86,"{""total_past_payments"": 14, ""past_successful_payments"": 12, ""past_recovery_rate"": 0.8571}",14,12,0.8571,high_value_link_responder,1,0.8574,PAYMENT_LINK,APPROVED,PAYMENT_LINK,SUCCESS,43286.86,"This is a high-value transaction of ₹43,286.86 INR that requires customer-initiated 2FA authentication. Automated gateway retries frequently fail for transactions of this scale due to bank security policies. Sending a secure payment link directly to the customer provides a seamless authentication flow and yields optimal recovery."
3113ae48-9920-4911-94b7-39b82c08a67c,checkout_abandonment,2026-08-13T03:52:39.158206+00:00,6976.21,cust_checko_4264,abandoned,2,0.83,"{""total_past_payments"": 3, ""past_successful_payments"": 1, ""past_recovery_rate"": 0.3333}",3,1,0.3333,checkout_abandoner,1,0.2967,STOP,APPROVED,STOP,NO_ACTION,0.0,"The predicted recovery probability is extremely low (6.2%), indicating high likelihood of permanent failure. Given 2 prior failed attempt(s) and poor past payment performance, continuing automated attempts would incur unnecessary fees and annoy the customer. We recommend halting all recovery efforts for this invoice."
87929669-caf6-46b6-9c5f-25de83185e04,checkout_abandonment,2026-08-13T14:15:31.267838+00:00,6108.18,cust_checko_3793,abandoned,2,1.18,"{""total_past_payments"": 10, ""past_successful_payments"": 5, ""past_recovery_rate"": 0.5}",10,5,0.5,checkout_abandoner,1,0.5262,REMINDER,APPROVED,REMINDER,SUCCESS,6108.18,"The customer abandoned checkout for an order worth ₹6,108.18 INR. Since no transaction was submitted to the payment gateway, automated retries are inapplicable. We recommend sending a targeted checkout reminder notice with an instant payment link."
60521584-7b23-4c2a-b6f3-e24e1ceb708e,subscription_failure,2026-07-31T11:09:22.365243+00:00,2905.99,cust_chroni_5406,card_declined,5,2.24,"{""total_past_payments"": 18, ""past_successful_payments"": 4, ""past_recovery_rate"": 0.2222}",18,4,0.2222,chronic_failer,1,0.0087,STOP,APPROVED,STOP,NO_ACTION,0.0,"The predicted recovery probability is extremely low (2.7%), indicating high likelihood of permanent failure. Given 5 prior failed attempt(s) and poor past payment performance, continuing automated attempts would incur unnecessary fees and annoy the customer. We recommend halting all recovery efforts for this invoice."
58a59347-c3be-44f2-bd32-62fa788d2a2e,checkout_abandonment,2026-08-07T11:59:44.471853+00:00,813.22,cust_checko_3290,abandoned,1,1.65,"{""total_past_payments"": 10, ""past_successful_payments"": 3, ""past_recovery_rate"": 0.3}",10,3,0.3,checkout_abandoner,0,0.5257,REMINDER,APPROVED,REMINDER,FAILED,0.0,"The customer abandoned checkout for an order worth ₹813.22 INR. Since no transaction was submitted to the payment gateway, automated retries are inapplicable. We recommend sending a targeted checkout reminder notice with an instant payment link."
625f760c-49bb-4ac6-be89-0b8f48129245,payment_failure,2026-08-11T20:37:23.933911+00:00,48537.92,cust_high_v_8790,insufficient_funds,2,2.67,"{""total_past_payments"": 5, ""past_successful_payments"": 3, ""past_recovery_rate"": 0.6}",5,3,0.6,high_value_link_responder,1,0.8696,PAYMENT_LINK,APPROVED,PAYMENT_LINK,SUCCESS,48537.92,"This is a high-value transaction of ₹48,537.92 INR that requires customer-initiated 2FA authentication. Automated gateway retries frequently fail for transactions of this scale due to bank security policies. Sending a secure payment link directly to the customer provides a seamless authentication flow and yields optimal recovery."
fa6b1522-75d8-4fa7-b88c-371bf45ef73b,checkout_abandonment,2026-07-25T03:15:50.530007+00:00,3987.48,cust_checko_8192,abandoned,2,1.73,"{""total_past_payments"": 0, ""past_successful_payments"": 0, ""past_recovery_rate"": 0.0}",0,0,0.0,checkout_abandoner,0,0.4788,STOP,APPROVED,STOP,NO_ACTION,0.0,"The predicted recovery probability is extremely low (16.0%), indicating high likelihood of permanent failure. Given 2 prior failed attempt(s) and poor past payment performance, continuing automated attempts would incur unnecessary fees and annoy the customer. We recommend halting all recovery efforts for this invoice."
21d8fea7-56b6-4ef1-a34e-7b3c230f7cb7,overdue_invoice,2026-07-27T12:10:54.381586+00:00,32731.73,cust_slow_b_5918,overdue,2,20.02,"{""total_past_payments"": 19, ""past_successful_payments"": 17, ""past_recovery_rate"": 0.8947}",19,17,0.8947,slow_but_reliable_payer,1,0.8681,REMINDER,APPROVED,REMINDER,SUCCESS,32731.73,"The invoice of ₹32,731.73 INR is overdue with 2 previous attempt(s). The customer has a solid historical recovery rate of 89.5%, indicating willingness to pay once notified. Sending a formal payment reminder notice is the most effective approach to prompt settlement."
13c593b1-ec27-4c81-b840-ab50501010ab,subscription_failure,2026-07-24T11:42:28.756907+00:00,7429.71,cust_chroni_7565,card_declined,3,3.53,"{""total_past_payments"": 10, ""past_successful_payments"": 3, ""past_recovery_rate"": 0.3}",10,3,0.3,chronic_failer,0,0.0955,STOP,APPROVED,STOP,NO_ACTION,0.0,"The predicted recovery probability is extremely low (1.6%), indicating high likelihood of permanent failure. Given 3 prior failed attempt(s) and poor past payment performance, continuing automated attempts would incur unnecessary fees and annoy the customer. We recommend halting all recovery efforts for this invoice."
d3d51c4a-0ae0-4024-a43a-c2422b90a204,payment_failure,2026-07-31T14:26:11.411495+00:00,8099.24,cust_reliab_1881,insufficient_funds,1,0.35,"{""total_past_payments"": 31, ""past_successful_payments"": 30, ""past_recovery_rate"": 0.9677}",31,30,0.9677,reliable_temporary_glitch,0,0.8237,RETRY,APPROVED,RETRY,FAILED,0.0,The failure reason 'insufficient_funds' appears transient with an estimated recovery probability of 80.1%. The customer maintains a healthy historical success rate of 96.8% across 31 past payments. An automated payment gateway retry within standard cooldown limits is recommended.
2a5c9002-860c-4c76-a5c3-5c7e8b1240b9,checkout_abandonment,2026-07-28T11:39:31.174068+00:00,5748.14,cust_checko_3819,abandoned,1,1.49,"{""total_past_payments"": 10, ""past_successful_payments"": 3, ""past_recovery_rate"": 0.3}",10,3,0.3,checkout_abandoner,1,0.6799,REMINDER,APPROVED,REMINDER,SUCCESS,5748.14,"The customer abandoned checkout for an order worth ₹5,748.14 INR. Since no transaction was submitted to the payment gateway, automated retries are inapplicable. We recommend sending a targeted checkout reminder notice with an instant payment link."
8f5d1d06-0124-4c24-a5a7-eb6d426457d9,payment_failure,2026-08-14T04:31:25.580791+00:00,10428.35,cust_reliab_8713,network_error,2,0.11,"{""total_past_payments"": 20, ""past_successful_payments"": 18, ""past_recovery_rate"": 0.9}",20,18,0.9,reliable_temporary_glitch,1,0.854,RETRY,APPROVED,RETRY,SUCCESS,10428.35,The failure reason 'network_error' appears transient with an estimated recovery probability of 99.9%. The customer maintains a healthy historical success rate of 90.0% across 20 past payments. An automated payment gateway retry within standard cooldown limits is recommended.
9923ac27-98e7-44d3-bf04-27f6b27e5421,checkout_abandonment,2026-08-07T08:40:15.254359+00:00,4796.17,cust_checko_6215,abandoned,2,2.18,"{""total_past_payments"": 1, ""past_successful_payments"": 0, ""past_recovery_rate"": 0.0}",1,0,0.0,checkout_abandoner,0,0.0675,STOP,APPROVED,STOP,NO_ACTION,0.0,"The predicted recovery probability is extremely low (15.6%), indicating high likelihood of permanent failure. Given 2 prior failed attempt(s) and poor past payment performance, continuing automated attempts would incur unnecessary fees and annoy the customer. We recommend halting all recovery efforts for this invoice."
d64b0379-2011-4e44-9d14-444ec21ad628,checkout_abandonment,2026-07-30T14:51:47.776618+00:00,5354.04,cust_checko_1440,abandoned,2,1.7,"{""total_past_payments"": 5, ""past_successful_payments"": 2, ""past_recovery_rate"": 0.4}",5,2,0.4,checkout_abandoner,1,0.6859,REMINDER,APPROVED,REMINDER,SUCCESS,5354.04,"The customer abandoned checkout for an order worth ₹5,354.04 INR. Since no transaction was submitted to the payment gateway, automated retries are inapplicable. We recommend sending a targeted checkout reminder notice with an instant payment link."
ba8efed9-ccc9-4a73-9c15-9c1ab71e8ce1,overdue_invoice,2026-08-10T10:57:20.667934+00:00,40586.59,cust_slow_b_4769,overdue,1,20.26,"{""total_past_payments"": 16, ""past_successful_payments"": 15, ""past_recovery_rate"": 0.9375}",16,15,0.9375,slow_but_reliable_payer,1,0.8729,REMINDER,APPROVED,REMINDER,SUCCESS,40586.59,"The invoice of ₹40,586.59 INR is overdue with 1 previous attempt(s). The customer has a solid historical recovery rate of 93.8%, indicating willingness to pay once notified. Sending a formal payment reminder notice is the most effective approach to prompt settlement."
b2b1e272-3c89-43a3-ab01-ca9b5edb1659,checkout_abandonment,2026-08-01T21:49:07.808047+00:00,5366.97,cust_checko_1570,abandoned,2,1.07,"{""total_past_payments"": 10, ""past_successful_payments"": 6, ""past_recovery_rate"": 0.6}",10,6,0.6,checkout_abandoner,1,0.3452,REMINDER,APPROVED,REMINDER,SUCCESS,5366.97,"The customer abandoned checkout for an order worth ₹5,366.97 INR. Since no transaction was submitted to the payment gateway, automated retries are inapplicable. We recommend sending a targeted checkout reminder notice with an instant payment link."
b255cae0-98d0-4bbf-983e-5a1457065f77,checkout_abandonment,2026-08-09T14:00:56.042291+00:00,6425.38,cust_checko_2661,abandoned,1,1.5,"{""total_past_payments"": 1, ""past_successful_payments"": 0, ""past_recovery_rate"": 0.0}",1,0,0.0,checkout_abandoner,0,0.0567,STOP,APPROVED,STOP,NO_ACTION,0.0,"The predicted recovery probability is extremely low (7.8%), indicating high likelihood of permanent failure. Given 1 prior failed attempt(s) and poor past payment performance, continuing automated attempts would incur unnecessary fees and annoy the customer. We recommend halting all recovery efforts for this invoice."
c383de04-40c3-4095-ba20-056b5ad8cb9b,checkout_abandonment,2026-08-06T07:42:44.922857+00:00,8376.75,cust_checko_1893,abandoned,1,1.56,"{""total_past_payments"": 10, ""past_successful_payments"": 4, ""past_recovery_rate"": 0.4}",10,4,0.4,checkout_abandoner,1,0.3889,REMINDER,APPROVED,REMINDER,SUCCESS,8376.75,"The customer abandoned checkout for an order worth ₹8,376.75 INR. Since no transaction was submitted to the payment gateway, automated retries are inapplicable. We recommend sending a targeted checkout reminder notice with an instant payment link."
a253e47f-15af-4b17-a3ff-f827964c94ef,payment_failure,2026-08-03T10:06:47.644880+00:00,6458.86,cust_chroni_9765,expired_card,6,4.01,"{""total_past_payments"": 17, ""past_successful_payments"": 4, ""past_recovery_rate"": 0.2353}",17,4,0.2353,chronic_failer,0,0.0094,STOP,APPROVED,STOP,NO_ACTION,0.0,"The predicted recovery probability is extremely low (5.6%), indicating high likelihood of permanent failure. Given 6 prior failed attempt(s) and poor past payment performance, continuing automated attempts would incur unnecessary fees and annoy the customer. We recommend halting all recovery efforts for this invoice."
e4c83112-8af4-403d-8959-653aa01ecc9b,overdue_invoice,2026-07-26T10:06:17.620008+00:00,17200.82,cust_slow_b_9436,overdue,1,13.43,"{""total_past_payments"": 22, ""past_successful_payments"": 17, ""past_recovery_rate"": 0.7727}",22,17,0.7727,slow_but_reliable_payer,0,0.9766,REMINDER,APPROVED,REMINDER,FAILED,0.0,"The invoice of ₹17,200.82 INR is overdue with 1 previous attempt(s). The customer has a solid historical recovery rate of 77.3%, indicating willingness to pay once notified. Sending a formal payment reminder notice is the most effective approach to prompt settlement."
61d0569b-5697-45e6-af4b-28be4a658975,subscription_failure,2026-08-20T01:46:47.272850+00:00,4584.85,cust_reliab_7050,network_error,1,1.75,"{""total_past_payments"": 39, ""past_successful_payments"": 35, ""past_recovery_rate"": 0.8974}",39,35,0.8974,reliable_temporary_glitch,1,0.9964,RETRY,APPROVED,RETRY,SUCCESS,4584.85,The failure reason 'network_error' appears transient with an estimated recovery probability of 99.1%. The customer maintains a healthy historical success rate of 89.7% across 39 past payments. An automated payment gateway retry within standard cooldown limits is recommended.
6f110463-1905-465a-a5df-c32f3a8b6802,subscription_failure,2026-08-16T04:02:48.836084+00:00,105299.21,cust_high_v_2829,network_error,1,1.62,"{""total_past_payments"": 14, ""past_successful_payments"": 11, ""past_recovery_rate"": 0.7857}",14,11,0.7857,high_value_link_responder,1,0.9485,PAYMENT_LINK,APPROVED,PAYMENT_LINK,SUCCESS,105299.21,"This is a high-value transaction of ₹105,299.21 INR that requires customer-initiated 2FA authentication. Automated gateway retries frequently fail for transactions of this scale due to bank security policies. Sending a secure payment link directly to the customer provides a seamless authentication flow and yields optimal recovery."
e273c561-2fb8-4afc-810d-871fe8a9b266,payment_failure,2026-08-14T01:43:11.827117+00:00,43910.54,cust_high_v_8063,insufficient_funds,1,0.82,"{""total_past_payments"": 9, ""past_successful_payments"": 7, ""past_recovery_rate"": 0.7778}",9,7,0.7778,high_value_link_responder,1,0.8298,PAYMENT_LINK,APPROVED,PAYMENT_LINK,SUCCESS,43910.54,"This is a high-value transaction of ₹43,910.54 INR that requires customer-initiated 2FA authentication. Automated gateway retries frequently fail for transactions of this scale due to bank security policies. Sending a secure payment link directly to the customer provides a seamless authentication flow and yields optimal recovery."
0f2c78f2-a74e-4e51-bd9c-fb51350b9f12,overdue_invoice,2026-07-25T10:09:11.680288+00:00,93903.97,cust_slow_b_7107,insufficient_funds,3,19.23,"{""total_past_payments"": 5, ""past_successful_payments"": 4, ""past_recovery_rate"": 0.8}",5,4,0.8,slow_but_reliable_payer,1,0.961,REMINDER,APPROVED,REMINDER,SUCCESS,93903.97,"The invoice of ₹93,903.97 INR is overdue with 3 previous attempt(s). The customer has a solid historical recovery rate of 80.0%, indicating willingness to pay once notified. Sending a formal payment reminder notice is the most effective approach to prompt settlement."
2b9da0a3-2f16-42b4-aa4c-873bc5a37cab,overdue_invoice,2026-07-28T03:44:53.249476+00:00,19101.04,cust_slow_b_5947,overdue,3,29.51,"{""total_past_payments"": 6, ""past_successful_payments"": 5, ""past_recovery_rate"": 0.8333}",6,5,0.8333,slow_but_reliable_payer,0,0.7531,REMINDER,APPROVED,REMINDER,FAILED,0.0,"The invoice of ₹19,101.04 INR is overdue with 3 previous attempt(s). The customer has a solid historical recovery rate of 83.3%, indicating willingness to pay once notified. Sending a formal payment reminder notice is the most effective approach to prompt settlement."
41633d07-3f13-40e2-a82f-1ed99a0a1b9f,payment_failure,2026-07-26T01:01:29.741253+00:00,213292.0,cust_high_v_5275,network_error,2,2.91,"{""total_past_payments"": 30, ""past_successful_payments"": 20, ""past_recovery_rate"": 0.6667}",30,20,0.6667,high_value_link_responder,0,0.9087,PAYMENT_LINK,APPROVED,PAYMENT_LINK,FAILED,0.0,"This is a high-value transaction of ₹213,292.00 INR that requires customer-initiated 2FA authentication. Automated gateway retries frequently fail for transactions of this scale due to bank security policies. Sending a secure payment link directly to the customer provides a seamless authentication flow and yields optimal recovery."
5dc80e7c-6d74-4d6a-9132-8a91116011e9,checkout_abandonment,2026-07-28T17:15:01.056099+00:00,8468.67,cust_checko_8158,abandoned,1,1.25,"{""total_past_payments"": 7, ""past_successful_payments"": 2, ""past_recovery_rate"": 0.2857}",7,2,0.2857,checkout_abandoner,1,0.213,REMINDER,APPROVED,REMINDER,SUCCESS,8468.67,"The customer abandoned checkout for an order worth ₹8,468.67 INR. Since no transaction was submitted to the payment gateway, automated retries are inapplicable. We recommend sending a targeted checkout reminder notice with an instant payment link."
c6d68c7b-9e9f-4233-af2a-115734b1df5f,checkout_abandonment,2026-08-09T13:41:17.992459+00:00,2543.56,cust_checko_7788,abandoned,2,0.96,"{""total_past_payments"": 6, ""past_successful_payments"": 2, ""past_recovery_rate"": 0.3333}",6,2,0.3333,checkout_abandoner,0,0.1561,STOP,APPROVED,STOP,NO_ACTION,0.0,"The predicted recovery probability is extremely low (13.6%), indicating high likelihood of permanent failure. Given 2 prior failed attempt(s) and poor past payment performance, continuing automated attempts would incur unnecessary fees and annoy the customer. We recommend halting all recovery efforts for this invoice."
af17eb66-30a4-4e54-97c2-dbaae3a6e950,payment_failure,2026-07-28T19:44:42.970322+00:00,9705.42,cust_reliab_4621,network_error,1,0.52,"{""total_past_payments"": 11, ""past_successful_payments"": 10, ""past_recovery_rate"": 0.9091}",11,10,0.9091,reliable_temporary_glitch,1,0.9726,RETRY,APPROVED,RETRY,SUCCESS,9705.42,The failure reason 'network_error' appears transient with an estimated recovery probability of 98.7%. The customer maintains a healthy historical success rate of 90.9% across 11 past payments. An automated payment gateway retry within standard cooldown limits is recommended.
dffca8c6-3e83-4bc5-a58b-25b8b3592f76,subscription_failure,2026-08-02T11:41:41.537612+00:00,2764.27,cust_chroni_6580,expired_card,6,3.85,"{""total_past_payments"": 19, ""past_successful_payments"": 1, ""past_recovery_rate"": 0.0526}",19,1,0.0526,chronic_failer,0,0.1334,ESCALATE,APPROVED,ESCALATE,PENDING,0.0,"Automated recovery has failed after 6 attempts for this transaction of ₹2,764.27 INR. With ML recovery probability estimated at 32.4%, automated retries have diminishing returns. Escalating to a human customer success representative is recommended for personalized outreach."
ecba0ff0-0e47-472f-9017-53624318e41c,subscription_failure,2026-07-26T21:35:41.556144+00:00,7735.13,cust_reliab_2287,network_error,1,1.38,"{""total_past_payments"": 26, ""past_successful_payments"": 24, ""past_recovery_rate"": 0.9231}",26,24,0.9231,reliable_temporary_glitch,1,0.8269,RETRY,APPROVED,RETRY,SUCCESS,7735.13,The failure reason 'network_error' appears transient with an estimated recovery probability of 89.9%. The customer maintains a healthy historical success rate of 92.3% across 26 past payments. An automated payment gateway retry within standard cooldown limits is recommended.
047bc588-4f03-4869-8240-dab42cf32b57,checkout_abandonment,2026-08-10T10:54:48.027871+00:00,3820.56,cust_checko_3731,abandoned,2,1.46,"{""total_past_payments"": 7, ""past_successful_payments"": 2, ""past_recovery_rate"": 0.2857}",7,2,0.2857,checkout_abandoner,0,0.2154,REMINDER,APPROVED,REMINDER,FAILED,0.0,"The customer abandoned checkout for an order worth ₹3,820.56 INR. Since no transaction was submitted to the payment gateway, automated retries are inapplicable. We recommend sending a targeted checkout reminder notice with an instant payment link."
d4ee6634-3f2b-4a9c-9b50-088b73464152,payment_failure,2026-07-29T13:58:27.390787+00:00,194062.39,cust_high_v_7148,network_error,2,1.89,"{""total_past_payments"": 20, ""past_successful_payments"": 18, ""past_recovery_rate"": 0.9}",20,18,0.9,high_value_link_responder,1,0.6246,PAYMENT_LINK,APPROVED,PAYMENT_LINK,SUCCESS,194062.39,"This is a high-value transaction of ₹194,062.39 INR that requires customer-initiated 2FA authentication. Automated gateway retries frequently fail for transactions of this scale due to bank security policies. Sending a secure payment link directly to the customer provides a seamless authentication flow and yields optimal recovery."
abd83f43-d4a0-4831-b738-e73bd281d62e,checkout_abandonment,2026-08-14T23:33:04.732729+00:00,11909.11,cust_checko_7571,abandoned,2,0.7,"{""total_past_payments"": 2, ""past_successful_payments"": 1, ""past_recovery_rate"": 0.5}",2,1,0.5,checkout_abandoner,0,0.8597,REMINDER,BLOCKED: max_daily_contact_attempts_per_customer,STOP,NO_ACTION,0.0,"The customer abandoned checkout for an order worth ₹11,909.11 INR. Since no transaction was submitted to the payment gateway, automated retries are inapplicable. We recommend sending a targeted checkout reminder notice with an instant payment link."
ac1f062a-c969-4348-ba5a-5df56e971f66,payment_failure,2026-07-25T12:24:02.793709+00:00,2375.26,cust_chroni_9724,card_declined,5,4.78,"{""total_past_payments"": 12, ""past_successful_payments"": 2, ""past_recovery_rate"": 0.1667}",12,2,0.1667,chronic_failer,0,0.0017,STOP,APPROVED,STOP,NO_ACTION,0.0,"The predicted recovery probability is extremely low (1.2%), indicating high likelihood of permanent failure. Given 5 prior failed attempt(s) and poor past payment performance, continuing automated attempts would incur unnecessary fees and annoy the customer. We recommend halting all recovery efforts for this invoice."
4686d14e-a100-48b7-85f9-391952a77e93,payment_failure,2026-08-08T01:07:22.520687+00:00,13896.7,cust_reliab_6473,insufficient_funds,1,0.86,"{""total_past_payments"": 10, ""past_successful_payments"": 9, ""past_recovery_rate"": 0.9}",10,9,0.9,reliable_temporary_glitch,1,0.4289,RETRY,APPROVED,RETRY,SUCCESS,13896.7,The failure reason 'insufficient_funds' appears transient with an estimated recovery probability of 91.6%. The customer maintains a healthy historical success rate of 90.0% across 10 past payments. An automated payment gateway retry within standard cooldown limits is recommended.
74b6990e-fac7-4b4e-8f82-7f303e7522dd,checkout_abandonment,2026-08-18T13:56:18.837389+00:00,7150.82,cust_checko_1475,abandoned,2,2.93,"{""total_past_payments"": 6, ""past_successful_payments"": 2, ""past_recovery_rate"": 0.3333}",6,2,0.3333,checkout_abandoner,0,0.0208,STOP,APPROVED,STOP,NO_ACTION,0.0,"The predicted recovery probability is extremely low (2.1%), indicating high likelihood of permanent failure. Given 2 prior failed attempt(s) and poor past payment performance, continuing automated attempts would incur unnecessary fees and annoy the customer. We recommend halting all recovery efforts for this invoice."
debe15d2-c225-40a0-9c36-43a3bc1b7f60,checkout_abandonment,2026-07-30T13:35:04.677332+00:00,11370.4,cust_checko_8731,abandoned,2,1.91,"{""total_past_payments"": 2, ""past_successful_payments"": 1, ""past_recovery_rate"": 0.5}",2,1,0.5,checkout_abandoner,0,0.4362,STOP,APPROVED,STOP,NO_ACTION,0.0,"The predicted recovery probability is extremely low (9.4%), indicating high likelihood of permanent failure. Given 2 prior failed attempt(s) and poor past payment performance, continuing automated attempts would incur unnecessary fees and annoy the customer. We recommend halting all recovery efforts for this invoice."
938d8cba-67f6-4928-bc88-ee62621f79f8,subscription_failure,2026-08-03T11:45:52.292043+00:00,6361.06,cust_chroni_3644,card_declined,6,4.31,"{""total_past_payments"": 8, ""past_successful_payments"": 2, ""past_recovery_rate"": 0.25}",8,2,0.25,chronic_failer,0,0.0125,STOP,APPROVED,STOP,NO_ACTION,0.0,"The predicted recovery probability is extremely low (1.4%), indicating high likelihood of permanent failure. Given 6 prior failed attempt(s) and poor past payment performance, continuing automated attempts would incur unnecessary fees and annoy the customer. We recommend halting all recovery efforts for this invoice."
88e6312a-e93a-4018-b685-178a80e41f92,payment_failure,2026-08-15T12:53:08.776821+00:00,54846.26,cust_high_v_8523,insufficient_funds,1,2.74,"{""total_past_payments"": 11, ""past_successful_payments"": 9, ""past_recovery_rate"": 0.8182}",11,9,0.8182,high_value_link_responder,1,0.7456,PAYMENT_LINK,APPROVED,PAYMENT_LINK,SUCCESS,54846.26,"This is a high-value transaction of ₹54,846.26 INR that requires customer-initiated 2FA authentication. Automated gateway retries frequently fail for transactions of this scale due to bank security policies. Sending a secure payment link directly to the customer provides a seamless authentication flow and yields optimal recovery."
a412a2a7-d8a7-44ca-9e8a-eda2e285d314,payment_failure,2026-07-28T15:04:07.060255+00:00,14605.68,cust_reliab_3609,card_declined,1,1.63,"{""total_past_payments"": 31, ""past_successful_payments"": 30, ""past_recovery_rate"": 0.9677}",31,30,0.9677,reliable_temporary_glitch,1,0.39,RETRY,APPROVED,RETRY,SUCCESS,14605.68,The failure reason 'card_declined' appears transient with an estimated recovery probability of 58.0%. The customer maintains a healthy historical success rate of 96.8% across 31 past payments. An automated payment gateway retry within standard cooldown limits is recommended.
2a62f7e2-ece3-4bb9-9b05-2c581b38018b,checkout_abandonment,2026-08-09T08:09:41.613669+00:00,6453.31,cust_checko_5260,abandoned,2,2.61,"{""total_past_payments"": 1, ""past_successful_payments"": 1, ""past_recovery_rate"": 1.0}",1,1,1.0,checkout_abandoner,0,0.8271,REMINDER,APPROVED,REMINDER,FAILED,0.0,"The customer abandoned checkout for an order worth ₹6,453.31 INR. Since no transaction was submitted to the payment gateway, automated retries are inapplicable. We recommend sending a targeted checkout reminder notice with an instant payment link."
4c9979b0-6bf9-41de-8b53-a22672b096cb,subscription_failure,2026-08-03T07:42:28.112721+00:00,7915.83,cust_chroni_7527,expired_card,3,3.63,"{""total_past_payments"": 3, ""past_successful_payments"": 0, ""past_recovery_rate"": 0.0}",3,0,0.0,chronic_failer,1,0.0088,STOP,APPROVED,STOP,NO_ACTION,0.0,"The predicted recovery probability is extremely low (1.5%), indicating high likelihood of permanent failure. Given 3 prior failed attempt(s) and poor past payment performance, continuing automated attempts would incur unnecessary fees and annoy the customer. We recommend halting all recovery efforts for this invoice."
48199d86-c77f-4bbe-8e1f-e2951c993356,payment_failure,2026-08-02T15:39:29.114066+00:00,124010.31,cust_high_v_2831,insufficient_funds,1,0.76,"{""total_past_payments"": 13, ""past_successful_payments"": 11, ""past_recovery_rate"": 0.8462}",13,11,0.8462,high_value_link_responder,0,0.8178,PAYMENT_LINK,APPROVED,PAYMENT_LINK,FAILED,0.0,"This is a high-value transaction of ₹124,010.31 INR that requires customer-initiated 2FA authentication. Automated gateway retries frequently fail for transactions of this scale due to bank security policies. Sending a secure payment link directly to the customer provides a seamless authentication flow and yields optimal recovery."
d5d62c55-12b7-47a2-8e92-166d6c6149de,payment_failure,2026-08-17T06:31:37.620415+00:00,4024.5,cust_reliab_2213,insufficient_funds,2,0.5,"{""total_past_payments"": 16, ""past_successful_payments"": 14, ""past_recovery_rate"": 0.875}",16,14,0.875,reliable_temporary_glitch,1,0.6858,RETRY,APPROVED,RETRY,SUCCESS,4024.5,The failure reason 'insufficient_funds' appears transient with an estimated recovery probability of 95.3%. The customer maintains a healthy historical success rate of 87.5% across 16 past payments. An automated payment gateway retry within standard cooldown limits is recommended.
0b51a3e8-dded-43d3-bf25-5196c0bc9b5a,checkout_abandonment,2026-07-31T20:30:41.130127+00:00,4269.14,cust_checko_1585,abandoned,2,2.16,"{""total_past_payments"": 9, ""past_successful_payments"": 3, ""past_recovery_rate"": 0.3333}",9,3,0.3333,checkout_abandoner,0,0.546,REMINDER,APPROVED,REMINDER,FAILED,0.0,"The customer abandoned checkout for an order worth ₹4,269.14 INR. Since no transaction was submitted to the payment gateway, automated retries are inapplicable. We recommend sending a targeted checkout reminder notice with an instant payment link."
bd3d077f-5a57-4547-b813-c3d42a1ed016,payment_failure,2026-08-14T21:35:44.449092+00:00,5877.34,cust_reliab_3593,network_error,2,1.46,"{""total_past_payments"": 29, ""past_successful_payments"": 28, ""past_recovery_rate"": 0.9655}",29,28,0.9655,reliable_temporary_glitch,1,0.9822,RETRY,APPROVED,RETRY,SUCCESS,5877.34,The failure reason 'network_error' appears transient with an estimated recovery probability of 98.6%. The customer maintains a healthy historical success rate of 96.5% across 29 past payments. An automated payment gateway retry within standard cooldown limits is recommended.
84a34596-8a4b-4d9b-98aa-89e4ea5c67a1,payment_failure,2026-07-28T08:59:17.373005+00:00,53924.44,cust_high_v_4734,card_declined,3,1.23,"{""total_past_payments"": 17, ""past_successful_payments"": 12, ""past_recovery_rate"": 0.7059}",17,12,0.7059,high_value_link_responder,1,0.1242,PAYMENT_LINK,APPROVED,PAYMENT_LINK,SUCCESS,53924.44,"This is a high-value transaction of ₹53,924.44 INR that requires customer-initiated 2FA authentication. Automated gateway retries frequently fail for transactions of this scale due to bank security policies. Sending a secure payment link directly to the customer provides a seamless authentication flow and yields optimal recovery."
66cfeb76-165b-4403-b7f6-eb835fc108ff,overdue_invoice,2026-08-04T00:04:55.744938+00:00,33347.91,cust_slow_b_3791,overdue,3,17.71,"{""total_past_payments"": 20, ""past_successful_payments"": 16, ""past_recovery_rate"": 0.8}",20,16,0.8,slow_but_reliable_payer,1,0.9387,REMINDER,APPROVED,REMINDER,SUCCESS,33347.91,"The invoice of ₹33,347.91 INR is overdue with 3 previous attempt(s). The customer has a solid historical recovery rate of 80.0%, indicating willingness to pay once notified. Sending a formal payment reminder notice is the most effective approach to prompt settlement."
a4983a57-309f-4c9b-8b25-407d0e3c5f5d,overdue_invoice,2026-08-10T04:35:11.382694+00:00,93347.41,cust_slow_b_8929,overdue,3,9.23,"{""total_past_payments"": 20, ""past_successful_payments"": 16, ""past_recovery_rate"": 0.8}",20,16,0.8,slow_but_reliable_payer,0,0.9512,REMINDER,APPROVED,REMINDER,FAILED,0.0,"The invoice of ₹93,347.41 INR is overdue with 3 previous attempt(s). The customer has a solid historical recovery rate of 80.0%, indicating willingness to pay once notified. Sending a formal payment reminder notice is the most effective approach to prompt settlement."
2b74bbcf-14fc-4e29-b4a9-e1259dc68a5d,checkout_abandonment,2026-08-11T06:13:37.028382+00:00,4022.51,cust_checko_2959,abandoned,1,0.62,"{""total_past_payments"": 9, ""past_successful_payments"": 5, ""past_recovery_rate"": 0.5556}",9,5,0.5556,checkout_abandoner,0,0.1931,REMINDER,APPROVED,REMINDER,FAILED,0.0,"The customer abandoned checkout for an order worth ₹4,022.51 INR. Since no transaction was submitted to the payment gateway, automated retries are inapplicable. We recommend sending a targeted checkout reminder notice with an instant payment link."
6c414054-e989-4a7d-b37d-7dca6f6d6929,subscription_failure,2026-07-27T07:56:51.543560+00:00,215292.84,cust_high_v_1538,insufficient_funds,3,2.75,"{""total_past_payments"": 28, ""past_successful_payments"": 19, ""past_recovery_rate"": 0.6786}",28,19,0.6786,high_value_link_responder,1,0.7107,PAYMENT_LINK,APPROVED,PAYMENT_LINK,SUCCESS,215292.84,"This is a high-value transaction of ₹215,292.84 INR that requires customer-initiated 2FA authentication. Automated gateway retries frequently fail for transactions of this scale due to bank security policies. Sending a secure payment link directly to the customer provides a seamless authentication flow and yields optimal recovery."
a7fcf2f2-c8d0-4dc3-92ed-44a2f3a4aaee,overdue_invoice,2026-08-19T12:20:55.770798+00:00,59795.6,cust_slow_b_1917,overdue,3,26.17,"{""total_past_payments"": 21, ""past_successful_payments"": 19, ""past_recovery_rate"": 0.9048}",21,19,0.9048,slow_but_reliable_payer,1,0.8798,REMINDER,APPROVED,REMINDER,SUCCESS,59795.6,"The invoice of ₹59,795.60 INR is overdue with 3 previous attempt(s). The customer has a solid historical recovery rate of 90.5%, indicating willingness to pay once notified. Sending a formal payment reminder notice is the most effective approach to prompt settlement."
c58d2eb1-f821-4a23-8633-c330661abf02,subscription_failure,2026-07-24T10:34:16.009337+00:00,12934.08,cust_reliab_5354,network_error,1,1.41,"{""total_past_payments"": 39, ""past_successful_payments"": 34, ""past_recovery_rate"": 0.8718}",39,34,0.8718,reliable_temporary_glitch,1,0.9884,RETRY,APPROVED,RETRY,SUCCESS,12934.08,The failure reason 'network_error' appears transient with an estimated recovery probability of 93.8%. The customer maintains a healthy historical success rate of 87.2% across 39 past payments. An automated payment gateway retry within standard cooldown limits is recommended.
a564efb5-83ba-4ca4-b0a7-01e542f2ffc9,payment_failure,2026-07-27T14:37:57.630622+00:00,39325.51,cust_high_v_4996,card_declined,1,1.81,"{""total_past_payments"": 6, ""past_successful_payments"": 4, ""past_recovery_rate"": 0.6667}",6,4,0.6667,high_value_link_responder,1,0.2926,STOP,APPROVED,STOP,NO_ACTION,0.0,"The predicted recovery probability is extremely low (9.6%), indicating high likelihood of permanent failure. Given 1 prior failed attempt(s) and poor past payment performance, continuing automated attempts would incur unnecessary fees and annoy the customer. We recommend halting all recovery efforts for this invoice."
467006cc-975b-4431-8887-dbdc90b448bb,payment_failure,2026-08-11T23:09:11.465507+00:00,9691.63,cust_reliab_4234,insufficient_funds,1,1.01,"{""total_past_payments"": 38, ""past_successful_payments"": 33, ""past_recovery_rate"": 0.8684}",38,33,0.8684,reliable_temporary_glitch,1,0.9425,RETRY,APPROVED,RETRY,SUCCESS,9691.63,The failure reason 'insufficient_funds' appears transient with an estimated recovery probability of 93.2%. The customer maintains a healthy historical success rate of 86.8% across 38 past payments. An automated payment gateway retry within standard cooldown limits is recommended.
dd890f5e-8d4a-42fd-9c7a-ba0616b12794,payment_failure,2026-08-12T12:45:33.470841+00:00,27160.56,cust_high_v_8252,network_error,2,2.65,"{""total_past_payments"": 8, ""past_successful_payments"": 7, ""past_recovery_rate"": 0.875}",8,7,0.875,high_value_link_responder,0,0.5119,PAYMENT_LINK,APPROVED,PAYMENT_LINK,FAILED,0.0,"This is a high-value transaction of ₹27,160.56 INR that requires customer-initiated 2FA authentication. Automated gateway retries frequently fail for transactions of this scale due to bank security policies. Sending a secure payment link directly to the customer provides a seamless authentication flow and yields optimal recovery."
353b2f0c-a9a9-4899-8c37-4a74cf4c1434,payment_failure,2026-08-21T12:22:28.921545+00:00,194776.06,cust_high_v_9311,network_error,3,1.18,"{""total_past_payments"": 25, ""past_successful_payments"": 16, ""past_recovery_rate"": 0.64}",25,16,0.64,high_value_link_responder,1,0.8603,PAYMENT_LINK,APPROVED,PAYMENT_LINK,SUCCESS,194776.06,"This is a high-value transaction of ₹194,776.06 INR that requires customer-initiated 2FA authentication. Automated gateway retries frequently fail for transactions of this scale due to bank security policies. Sending a secure payment link directly to the customer provides a seamless authentication flow and yields optimal recovery."
afc20fef-6e6f-4531-ba39-4ccf6cb42931,checkout_abandonment,2026-08-13T14:30:26.128292+00:00,6596.79,cust_checko_8209,abandoned,2,0.97,"{""total_past_payments"": 8, ""past_successful_payments"": 4, ""past_recovery_rate"": 0.5}",8,4,0.5,checkout_abandoner,1,0.5329,REMINDER,BLOCKED: max_daily_contact_attempts_per_customer,STOP,NO_ACTION,0.0,"The customer abandoned checkout for an order worth ₹6,596.79 INR. Since no transaction was submitted to the payment gateway, automated retries are inapplicable. We recommend sending a targeted checkout reminder notice with an instant payment link."
7950899e-246b-4474-bfc1-c7df901fc9db,payment_failure,2026-08-06T05:51:24.045210+00:00,7688.92,cust_reliab_2549,insufficient_funds,1,0.22,"{""total_past_payments"": 37, ""past_successful_payments"": 35, ""past_recovery_rate"": 0.9459}",37,35,0.9459,reliable_temporary_glitch,0,0.7994,RETRY,APPROVED,RETRY,FAILED,0.0,The failure reason 'insufficient_funds' appears transient with an estimated recovery probability of 99.2%. The customer maintains a healthy historical success rate of 94.6% across 37 past payments. An automated payment gateway retry within standard cooldown limits is recommended.
849bb0e0-7569-4f08-9d5a-c61c8744bc8d,payment_failure,2026-08-05T08:56:46.754510+00:00,1624.71,cust_chroni_6003,expired_card,3,5.58,"{""total_past_payments"": 8, ""past_successful_payments"": 1, ""past_recovery_rate"": 0.125}",8,1,0.125,chronic_failer,0,0.0096,STOP,APPROVED,STOP,NO_ACTION,0.0,"The predicted recovery probability is extremely low (0.4%), indicating high likelihood of permanent failure. Given 3 prior failed attempt(s) and poor past payment performance, continuing automated attempts would incur unnecessary fees and annoy the customer. We recommend halting all recovery efforts for this invoice."
37749ea5-0f6c-4682-ad63-123646483020,payment_failure,2026-08-04T09:36:18.438306+00:00,59784.47,cust_high_v_3587,network_error,1,0.98,"{""total_past_payments"": 17, ""past_successful_payments"": 14, ""past_recovery_rate"": 0.8235}",17,14,0.8235,high_value_link_responder,1,0.2173,PAYMENT_LINK,APPROVED,PAYMENT_LINK,SUCCESS,59784.47,"This is a high-value transaction of ₹59,784.47 INR that requires customer-initiated 2FA authentication. Automated gateway retries frequently fail for transactions of this scale due to bank security policies. Sending a secure payment link directly to the customer provides a seamless authentication flow and yields optimal recovery."
2dd8b458-3ba6-40a2-b19c-07e4345f380b,checkout_abandonment,2026-07-23T02:18:00.053943+00:00,7997.82,cust_checko_5306,abandoned,2,2.38,"{""total_past_payments"": 4, ""past_successful_payments"": 1, ""past_recovery_rate"": 0.25}",4,1,0.25,checkout_abandoner,1,0.4577,REMINDER,APPROVED,REMINDER,SUCCESS,7997.82,"The customer abandoned checkout for an order worth ₹7,997.82 INR. Since no transaction was submitted to the payment gateway, automated retries are inapplicable. We recommend sending a targeted checkout reminder notice with an instant payment link."
c444acb8-1f4b-48ce-ae55-7a4fa0c5f274,checkout_abandonment,2026-08-10T21:53:56.462452+00:00,9057.22,cust_checko_7834,abandoned,2,1.06,"{""total_past_payments"": 9, ""past_successful_payments"": 4, ""past_recovery_rate"": 0.4444}",9,4,0.4444,checkout_abandoner,1,0.8564,REMINDER,APPROVED,REMINDER,SUCCESS,9057.22,"The customer abandoned checkout for an order worth ₹9,057.22 INR. Since no transaction was submitted to the payment gateway, automated retries are inapplicable. We recommend sending a targeted checkout reminder notice with an instant payment link."
evt_pay_RE_SU_8ba010,payment_failure,2026-08-24T11:00:00Z,199515.39,cust_high_v_3094,BANK_SYSTEM_OFFLINE,3,6.6,Summary for cust_high_v_3094,4,4,1.0,transient_high_value,1,0.4824,RETRY,APPROVED: high_value_recovery,RETRY,SUCCESS,198475.98,"Evaluated event for customer cust_high_v_3094. Amount ₹199,515.39 with recovery probability 57.8%. Action RETRY executed."
evt_pay_RE_SU_16eefd,payment_failure,2026-08-24T11:00:00Z,268338.72,cust_high_v_9511,CARD_EXPIRED,1,2.7,Summary for cust_high_v_9511,9,4,0.4444,transient_high_value,1,0.1075,RETRY,APPROVED: high_value_recovery,RETRY,SUCCESS,257026.93,"Evaluated event for customer cust_high_v_9511. Amount ₹268,338.72 with recovery probability 89.9%. Action RETRY executed."
evt_pay_RE_SU_a7b25b,payment_failure,2026-08-24T11:00:00Z,37234.48,cust_high_v_9280,UPI_TRANSIENT_FAILURE,1,5.9,Summary for cust_high_v_9280,13,5,0.3846,transient_high_value,1,0.0966,RETRY,APPROVED: high_value_recovery,RETRY,SUCCESS,36317.91,"Evaluated event for customer cust_high_v_9280. Amount ₹37,234.48 with recovery probability 60.4%. Action RETRY executed."
evt_pay_RE_SU_fa9b08,payment_failure,2026-08-24T11:00:00Z,43737.58,cust_high_v_2241,INSUFFICIENT_FUNDS,3,1.3,Summary for cust_high_v_2241,12,10,0.8333,transient_high_value,1,0.4191,RETRY,APPROVED: high_value_recovery,RETRY,SUCCESS,41367.32,"Evaluated event for customer cust_high_v_2241. Amount ₹43,737.58 with recovery probability 77.6%. Action RETRY executed."
evt_pay_RE_SU_83a00f,payment_failure,2026-08-24T11:00:00Z,146917.34,cust_high_v_2152,UPI_TRANSIENT_FAILURE,4,1.1,Summary for cust_high_v_2152,24,17,0.7083,transient_high_value,1,0.1988,RETRY,APPROVED: high_value_recovery,RETRY,SUCCESS,142631.06,"Evaluated event for customer cust_high_v_2152. Amount ₹146,917.34 with recovery probability 72.7%. Action RETRY executed."
evt_pay_RE_FA_63dad4,payment_failure,2026-08-24T11:00:00Z,173544.63,cust_high_v_1032,CARD_EXPIRED,4,0.4,Summary for cust_high_v_1032,25,13,0.52,transient_high_value,0,0.1039,RETRY,APPROVED: standard_intervention,RETRY,FAILED,0.0,"Evaluated event for customer cust_high_v_1032. Amount ₹173,544.63 with recovery probability 75.3%. Action RETRY executed."
evt_pay_RE_FA_ddf051,payment_failure,2026-08-24T11:00:00Z,35721.22,cust_high_v_4445,GATEWAY_TIMEOUT,2,6.0,Summary for cust_high_v_4445,20,5,0.25,transient_high_value,0,0.1099,RETRY,APPROVED: standard_intervention,RETRY,FAILED,0.0,"Evaluated event for customer cust_high_v_4445. Amount ₹35,721.22 with recovery probability 66.0%. Action RETRY executed."
evt_pay_RE_FA_8bbada,payment_failure,2026-08-24T11:00:00Z,183363.29,cust_high_v_3361,CARD_EXPIRED,1,5.3,Summary for cust_high_v_3361,14,5,0.3571,transient_high_value,0,0.1339,RETRY,APPROVED: standard_intervention,RETRY,FAILED,0.0,"Evaluated event for customer cust_high_v_3361. Amount ₹183,363.29 with recovery probability 73.9%. Action RETRY executed."
evt_pay_RE_FA_edd65c,payment_failure,2026-08-24T11:00:00Z,122165.79,cust_high_v_5101,CARD_EXPIRED,3,4.0,Summary for cust_high_v_5101,8,6,0.75,transient_high_value,0,0.1816,RETRY,APPROVED: standard_intervention,RETRY,FAILED,0.0,"Evaluated event for customer cust_high_v_5101. Amount ₹122,165.79 with recovery probability 60.3%. Action RETRY executed."
evt_pay_RE_FA_6448bb,payment_failure,2026-08-24T11:00:00Z,82537.42,cust_high_v_6329,GATEWAY_TIMEOUT,4,3.8,Summary for cust_high_v_6329,7,7,1.0,transient_high_value,0,0.4671,RETRY,APPROVED: standard_intervention,RETRY,FAILED,0.0,"Evaluated event for customer cust_high_v_6329. Amount ₹82,537.42 with recovery probability 75.1%. Action RETRY executed."
evt_pay_RE_PE_8beb88,payment_failure,2026-08-24T11:00:00Z,36462.08,cust_high_v_7377,BANK_SYSTEM_OFFLINE,1,5.8,Summary for cust_high_v_7377,19,12,0.6316,transient_high_value,0,0.0545,RETRY,APPROVED: standard_intervention,RETRY,PENDING,0.0,"Evaluated event for customer cust_high_v_7377. Amount ₹36,462.08 with recovery probability 69.1%. Action RETRY executed."
evt_pay_RE_PE_b92936,payment_failure,2026-08-24T11:00:00Z,266652.91,cust_high_v_6859,CARD_EXPIRED,1,3.6,Summary for cust_high_v_6859,24,16,0.6667,transient_high_value,0,0.3861,RETRY,APPROVED: standard_intervention,RETRY,PENDING,0.0,"Evaluated event for customer cust_high_v_6859. Amount ₹266,652.91 with recovery probability 89.9%. Action RETRY executed."
evt_pay_RE_PE_62db0b,payment_failure,2026-08-24T11:00:00Z,161885.53,cust_high_v_6985,BANK_SYSTEM_OFFLINE,2,6.4,Summary for cust_high_v_6985,12,10,0.8333,transient_high_value,0,0.6083,RETRY,APPROVED: standard_intervention,RETRY,PENDING,0.0,"Evaluated event for customer cust_high_v_6985. Amount ₹161,885.53 with recovery probability 64.6%. Action RETRY executed."
evt_pay_RE_PE_c1c1f1,payment_failure,2026-08-24T11:00:00Z,60036.06,cust_high_v_2795,BANK_SYSTEM_OFFLINE,4,5.8,Summary for cust_high_v_2795,25,24,0.96,transient_high_value,0,0.0717,RETRY,APPROVED: standard_intervention,RETRY,PENDING,0.0,"Evaluated event for customer cust_high_v_2795. Amount ₹60,036.06 with recovery probability 86.8%. Action RETRY executed."
evt_pay_RE_PE_7f34c9,payment_failure,2026-08-24T11:00:00Z,186630.23,cust_high_v_6669,INSUFFICIENT_FUNDS,2,4.6,Summary for cust_high_v_6669,7,1,0.1429,transient_high_value,0,0.0325,RETRY,APPROVED: standard_intervention,RETRY,PENDING,0.0,"Evaluated event for customer cust_high_v_6669. Amount ₹186,630.23 with recovery probability 57.1%. Action RETRY executed."
evt_pay_ST_NO_f2eee0,payment_failure,2026-08-24T11:00:00Z,162364.37,cust_high_v_1558,CARD_EXPIRED,2,5.3,Summary for cust_high_v_1558,8,5,0.625,transient_high_value,0,0.0385,STOP,BLOCKED: rule_1_stop_low_probability,STOP,NO_ACTION,0.0,"Evaluated event for customer cust_high_v_1558. Amount ₹162,364.37 with recovery probability 11.1%. Action STOP executed."
evt_pay_ST_NO_cabed3,payment_failure,2026-08-24T11:00:00Z,131811.25,cust_high_v_9387,GATEWAY_TIMEOUT,1,6.2,Summary for cust_high_v_9387,12,3,0.25,transient_high_value,0,0.1217,STOP,BLOCKED: rule_1_stop_low_probability,STOP,NO_ACTION,0.0,"Evaluated event for customer cust_high_v_9387. Amount ₹131,811.25 with recovery probability 16.6%. Action STOP executed."
evt_pay_ST_NO_3f7998,payment_failure,2026-08-24T11:00:00Z,116250.5,cust_high_v_4817,GATEWAY_TIMEOUT,3,1.6,Summary for cust_high_v_4817,15,5,0.3333,transient_high_value,0,0.0481,STOP,BLOCKED: rule_1_stop_low_probability,STOP,NO_ACTION,0.0,"Evaluated event for customer cust_high_v_4817. Amount ₹116,250.50 with recovery probability 9.2%. Action STOP executed."
evt_pay_ST_NO_81cc2d,payment_failure,2026-08-24T11:00:00Z,72643.49,cust_high_v_6575,CARD_EXPIRED,3,2.7,Summary for cust_high_v_6575,23,11,0.4783,transient_high_value,0,0.2036,STOP,BLOCKED: rule_1_stop_low_probability,STOP,NO_ACTION,0.0,"Evaluated event for customer cust_high_v_6575. Amount ₹72,643.49 with recovery probability 6.6%. Action STOP executed."
evt_pay_ST_NO_da9519,payment_failure,2026-08-24T11:00:00Z,41049.78,cust_high_v_5623,CARD_EXPIRED,3,0.7,Summary for cust_high_v_5623,23,5,0.2174,transient_high_value,0,0.0233,STOP,BLOCKED: rule_1_stop_low_probability,STOP,NO_ACTION,0.0,"Evaluated event for customer cust_high_v_5623. Amount ₹41,049.78 with recovery probability 15.2%. Action STOP executed."
evt_pay_PA_SU_32f7ad,payment_failure,2026-08-24T11:00:00Z,112980.24,cust_high_v_1102,GATEWAY_TIMEOUT,4,6.7,Summary for cust_high_v_1102,5,5,1.0,transient_high_value,1,0.645,PAYMENT_LINK,APPROVED: high_value_recovery,PAYMENT_LINK,SUCCESS,108625.27,"Evaluated event for customer cust_high_v_1102. Amount ₹112,980.24 with recovery probability 95.6%. Action PAYMENT_LINK executed."
evt_pay_PA_SU_8faaa0,payment_failure,2026-08-24T11:00:00Z,218302.87,cust_high_v_7366,UPI_TRANSIENT_FAILURE,4,4.8,Summary for cust_high_v_7366,23,14,0.6087,transient_high_value,1,0.1655,PAYMENT_LINK,APPROVED: high_value_recovery,PAYMENT_LINK,SUCCESS,205928.34,"Evaluated event for customer cust_high_v_7366. Amount ₹218,302.87 with recovery probability 92.6%. Action PAYMENT_LINK executed."
evt_pay_PA_SU_ef876e,payment_failure,2026-08-24T11:00:00Z,174774.71,cust_high_v_5634,BANK_SYSTEM_OFFLINE,1,6.1,Summary for cust_high_v_5634,9,7,0.7778,transient_high_value,1,0.0281,PAYMENT_LINK,APPROVED: high_value_recovery,PAYMENT_LINK,SUCCESS,173827.39,"Evaluated event for customer cust_high_v_5634. Amount ₹174,774.71 with recovery probability 79.0%. Action PAYMENT_LINK executed."
evt_pay_PA_SU_bd1622,payment_failure,2026-08-24T11:00:00Z,141556.7,cust_high_v_1962,GATEWAY_TIMEOUT,4,2.6,Summary for cust_high_v_1962,18,18,1.0,transient_high_value,1,0.129,PAYMENT_LINK,APPROVED: high_value_recovery,PAYMENT_LINK,SUCCESS,139412.8,"Evaluated event for customer cust_high_v_1962. Amount ₹141,556.70 with recovery probability 74.2%. Action PAYMENT_LINK executed."
evt_pay_PA_SU_e21685,payment_failure,2026-08-24T11:00:00Z,262054.72,cust_high_v_3588,GATEWAY_TIMEOUT,4,4.5,Summary for cust_high_v_3588,20,4,0.2,transient_high_value,1,0.0453,PAYMENT_LINK,APPROVED: high_value_recovery,PAYMENT_LINK,SUCCESS,241319.18,"Evaluated event for customer cust_high_v_3588. Amount ₹262,054.72 with recovery probability 85.5%. Action PAYMENT_LINK executed."
evt_pay_PA_FA_b6d1a9,payment_failure,2026-08-24T11:00:00Z,217793.13,cust_high_v_6236,CARD_EXPIRED,1,2.2,Summary for cust_high_v_6236,20,16,0.8,transient_high_value,0,0.7422,PAYMENT_LINK,APPROVED: standard_intervention,PAYMENT_LINK,FAILED,0.0,"Evaluated event for customer cust_high_v_6236. Amount ₹217,793.13 with recovery probability 91.9%. Action PAYMENT_LINK executed."
evt_pay_PA_FA_c1ec6b,payment_failure,2026-08-24T11:00:00Z,191377.38,cust_high_v_3521,GATEWAY_TIMEOUT,4,6.6,Summary for cust_high_v_3521,14,4,0.2857,transient_high_value,0,0.1257,PAYMENT_LINK,APPROVED: standard_intervention,PAYMENT_LINK,FAILED,0.0,"Evaluated event for customer cust_high_v_3521. Amount ₹191,377.38 with recovery probability 95.8%. Action PAYMENT_LINK executed."
evt_pay_PA_FA_ee352d,payment_failure,2026-08-24T11:00:00Z,141409.86,cust_high_v_4210,BANK_SYSTEM_OFFLINE,4,5.8,Summary for cust_high_v_4210,11,11,1.0,transient_high_value,0,0.7496,PAYMENT_LINK,APPROVED: standard_intervention,PAYMENT_LINK,FAILED,0.0,"Evaluated event for customer cust_high_v_4210. Amount ₹141,409.86 with recovery probability 95.4%. Action PAYMENT_LINK executed."
evt_pay_PA_FA_8cd04c,payment_failure,2026-08-24T11:00:00Z,261997.99,cust_high_v_2483,BANK_SYSTEM_OFFLINE,3,4.9,Summary for cust_high_v_2483,14,5,0.3571,transient_high_value,0,0.0295,PAYMENT_LINK,APPROVED: standard_intervention,PAYMENT_LINK,FAILED,0.0,"Evaluated event for customer cust_high_v_2483. Amount ₹261,997.99 with recovery probability 80.1%. Action PAYMENT_LINK executed."
evt_pay_PA_FA_85a62d,payment_failure,2026-08-24T11:00:00Z,74577.88,cust_high_v_1879,INSUFFICIENT_FUNDS,1,5.0,Summary for cust_high_v_1879,18,1,0.0556,transient_high_value,0,0.0212,PAYMENT_LINK,APPROVED: standard_intervention,PAYMENT_LINK,FAILED,0.0,"Evaluated event for customer cust_high_v_1879. Amount ₹74,577.88 with recovery probability 94.1%. Action PAYMENT_LINK executed."
evt_pay_PA_PE_01da3d,payment_failure,2026-08-24T11:00:00Z,167487.14,cust_high_v_7345,BANK_SYSTEM_OFFLINE,3,0.6,Summary for cust_high_v_7345,10,5,0.5,transient_high_value,0,0.5263,PAYMENT_LINK,APPROVED: standard_intervention,PAYMENT_LINK,PENDING,0.0,"Evaluated event for customer cust_high_v_7345. Amount ₹167,487.14 with recovery probability 85.6%. Action PAYMENT_LINK executed."
evt_pay_PA_PE_d13462,payment_failure,2026-08-24T11:00:00Z,146384.9,cust_high_v_6606,INSUFFICIENT_FUNDS,4,1.1,Summary for cust_high_v_6606,16,3,0.1875,transient_high_value,0,0.0311,PAYMENT_LINK,APPROVED: standard_intervention,PAYMENT_LINK,PENDING,0.0,"Evaluated event for customer cust_high_v_6606. Amount ₹146,384.90 with recovery probability 72.3%. Action PAYMENT_LINK executed."
evt_pay_PA_PE_9953f5,payment_failure,2026-08-24T11:00:00Z,135910.87,cust_high_v_2676,UPI_TRANSIENT_FAILURE,1,2.0,Summary for cust_high_v_2676,14,4,0.2857,transient_high_value,0,0.1652,PAYMENT_LINK,APPROVED: standard_intervention,PAYMENT_LINK,PENDING,0.0,"Evaluated event for customer cust_high_v_2676. Amount ₹135,910.87 with recovery probability 95.8%. Action PAYMENT_LINK executed."
evt_pay_PA_PE_3483ff,payment_failure,2026-08-24T11:00:00Z,81041.62,cust_high_v_8305,GATEWAY_TIMEOUT,4,1.9,Summary for cust_high_v_8305,3,3,1.0,transient_high_value,0,0.6026,PAYMENT_LINK,APPROVED: standard_intervention,PAYMENT_LINK,PENDING,0.0,"Evaluated event for customer cust_high_v_8305. Amount ₹81,041.62 with recovery probability 86.6%. Action PAYMENT_LINK executed."
evt_pay_PA_PE_303015,payment_failure,2026-08-24T11:00:00Z,143834.07,cust_high_v_3733,BANK_SYSTEM_OFFLINE,3,4.8,Summary for cust_high_v_3733,24,4,0.1667,transient_high_value,0,0.0177,PAYMENT_LINK,APPROVED: standard_intervention,PAYMENT_LINK,PENDING,0.0,"Evaluated event for customer cust_high_v_3733. Amount ₹143,834.07 with recovery probability 78.6%. Action PAYMENT_LINK executed."
evt_pay_ST_NO_e58ae3,payment_failure,2026-08-24T11:00:00Z,62241.47,cust_high_v_7165,CARD_EXPIRED,3,0.8,Summary for cust_high_v_7165,24,23,0.9583,transient_high_value,0,0.0698,STOP,BLOCKED: rule_1_stop_low_probability,STOP,NO_ACTION,0.0,"Evaluated event for customer cust_high_v_7165. Amount ₹62,241.47 with recovery probability 21.1%. Action STOP executed."
evt_pay_ST_NO_731eca,payment_failure,2026-08-24T11:00:00Z,192624.21,cust_high_v_5784,UPI_TRANSIENT_FAILURE,1,0.8,Summary for cust_high_v_5784,24,12,0.5,transient_high_value,0,0.251,STOP,BLOCKED: rule_1_stop_low_probability,STOP,NO_ACTION,0.0,"Evaluated event for customer cust_high_v_5784. Amount ₹192,624.21 with recovery probability 5.5%. Action STOP executed."
evt_pay_ST_NO_2c60e0,payment_failure,2026-08-24T11:00:00Z,130471.85,cust_high_v_4929,UPI_TRANSIENT_FAILURE,4,0.3,Summary for cust_high_v_4929,19,3,0.1579,transient_high_value,0,0.0178,STOP,BLOCKED: rule_1_stop_low_probability,STOP,NO_ACTION,0.0,"Evaluated event for customer cust_high_v_4929. Amount ₹130,471.85 with recovery probability 21.5%. Action STOP executed."
evt_pay_ST_NO_479b1b,payment_failure,2026-08-24T11:00:00Z,188865.38,cust_high_v_3579,INSUFFICIENT_FUNDS,1,2.8,Summary for cust_high_v_3579,13,3,0.2308,transient_high_value,0,0.0702,STOP,BLOCKED: rule_1_stop_low_probability,STOP,NO_ACTION,0.0,"Evaluated event for customer cust_high_v_3579. Amount ₹188,865.38 with recovery probability 16.2%. Action STOP executed."
evt_pay_ST_NO_9745cb,payment_failure,2026-08-24T11:00:00Z,129542.03,cust_high_v_2226,UPI_TRANSIENT_FAILURE,4,1.5,Summary for cust_high_v_2226,17,6,0.3529,transient_high_value,0,0.0183,STOP,BLOCKED: rule_1_stop_low_probability,STOP,NO_ACTION,0.0,"Evaluated event for customer cust_high_v_2226. Amount ₹129,542.03 with recovery probability 9.2%. Action STOP executed."
evt_pay_RE_SU_90c9f4,payment_failure,2026-08-24T11:00:00Z,231757.62,cust_high_v_6512,CARD_EXPIRED,2,4.2,Summary for cust_high_v_6512,11,5,0.4545,transient_high_value,1,0.3311,REMINDER,APPROVED: high_value_recovery,REMINDER,SUCCESS,223610.79,"Evaluated event for customer cust_high_v_6512. Amount ₹231,757.62 with recovery probability 79.4%. Action REMINDER executed."
evt_pay_RE_SU_65cc1e,payment_failure,2026-08-24T11:00:00Z,189976.73,cust_high_v_6798,GATEWAY_TIMEOUT,4,3.8,Summary for cust_high_v_6798,9,3,0.3333,transient_high_value,1,0.0207,REMINDER,APPROVED: high_value_recovery,REMINDER,SUCCESS,179034.54,"Evaluated event for customer cust_high_v_6798. Amount ₹189,976.73 with recovery probability 47.0%. Action REMINDER executed."
evt_pay_RE_SU_85584f,payment_failure,2026-08-24T11:00:00Z,43466.05,cust_high_v_9369,UPI_TRANSIENT_FAILURE,1,4.9,Summary for cust_high_v_9369,15,15,1.0,transient_high_value,1,0.1783,REMINDER,APPROVED: high_value_recovery,REMINDER,SUCCESS,40948.18,"Evaluated event for customer cust_high_v_9369. Amount ₹43,466.05 with recovery probability 50.0%. Action REMINDER executed."
evt_pay_RE_SU_56a0b2,payment_failure,2026-08-24T11:00:00Z,261230.99,cust_high_v_6649,UPI_TRANSIENT_FAILURE,4,6.9,Summary for cust_high_v_6649,5,5,1.0,transient_high_value,1,0.6941,REMINDER,APPROVED: high_value_recovery,REMINDER,SUCCESS,247206.78,"Evaluated event for customer cust_high_v_6649. Amount ₹261,230.99 with recovery probability 61.4%. Action REMINDER executed."
evt_pay_RE_SU_1e0d66,payment_failure,2026-08-24T11:00:00Z,167191.04,cust_high_v_7376,GATEWAY_TIMEOUT,2,2.6,Summary for cust_high_v_7376,25,9,0.36,transient_high_value,1,0.0946,REMINDER,APPROVED: high_value_recovery,REMINDER,SUCCESS,164570.15,"Evaluated event for customer cust_high_v_7376. Amount ₹167,191.04 with recovery probability 66.9%. Action REMINDER executed."
evt_pay_RE_FA_020370,payment_failure,2026-08-24T11:00:00Z,123904.51,cust_high_v_4647,CARD_EXPIRED,4,0.8,Summary for cust_high_v_4647,10,2,0.2,transient_high_value,0,0.0308,REMINDER,APPROVED: standard_intervention,REMINDER,FAILED,0.0,"Evaluated event for customer cust_high_v_4647. Amount ₹123,904.51 with recovery probability 83.4%. Action REMINDER executed."
evt_pay_RE_FA_d5beff,payment_failure,2026-08-24T11:00:00Z,51200.36,cust_high_v_2006,CARD_EXPIRED,2,5.8,Summary for cust_high_v_2006,8,1,0.125,transient_high_value,0,0.0218,REMINDER,APPROVED: standard_intervention,REMINDER,FAILED,0.0,"Evaluated event for customer cust_high_v_2006. Amount ₹51,200.36 with recovery probability 83.4%. Action REMINDER executed."
evt_pay_RE_FA_b1676d,payment_failure,2026-08-24T11:00:00Z,276417.34,cust_high_v_2120,GATEWAY_TIMEOUT,2,1.6,Summary for cust_high_v_2120,17,2,0.1176,transient_high_value,0,0.0045,REMINDER,APPROVED: standard_intervention,REMINDER,FAILED,0.0,"Evaluated event for customer cust_high_v_2120. Amount ₹276,417.34 with recovery probability 72.1%. Action REMINDER executed."
evt_pay_RE_FA_579b3e,payment_failure,2026-08-24T11:00:00Z,158016.23,cust_high_v_1866,UPI_TRANSIENT_FAILURE,4,0.1,Summary for cust_high_v_1866,10,7,0.7,transient_high_value,0,0.0697,REMINDER,APPROVED: standard_intervention,REMINDER,FAILED,0.0,"Evaluated event for customer cust_high_v_1866. Amount ₹158,016.23 with recovery probability 48.5%. Action REMINDER executed."
evt_pay_RE_FA_372a1c,payment_failure,2026-08-24T11:00:00Z,162540.91,cust_high_v_2873,BANK_SYSTEM_OFFLINE,3,6.3,Summary for cust_high_v_2873,15,5,0.3333,transient_high_value,0,0.0198,REMINDER,APPROVED: standard_intervention,REMINDER,FAILED,0.0,"Evaluated event for customer cust_high_v_2873. Amount ₹162,540.91 with recovery probability 61.3%. Action REMINDER executed."
evt_pay_RE_PE_8be279,payment_failure,2026-08-24T11:00:00Z,125013.32,cust_high_v_9194,GATEWAY_TIMEOUT,2,4.1,Summary for cust_high_v_9194,21,4,0.1905,transient_high_value,0,0.03,REMINDER,APPROVED: standard_intervention,REMINDER,PENDING,0.0,"Evaluated event for customer cust_high_v_9194. Amount ₹125,013.32 with recovery probability 73.0%. Action REMINDER executed."
evt_pay_RE_PE_54093d,payment_failure,2026-08-24T11:00:00Z,170010.25,cust_high_v_5854,CARD_EXPIRED,1,4.7,Summary for cust_high_v_5854,21,15,0.7143,transient_high_value,0,0.0112,REMINDER,APPROVED: standard_intervention,REMINDER,PENDING,0.0,"Evaluated event for customer cust_high_v_5854. Amount ₹170,010.25 with recovery probability 69.6%. Action REMINDER executed."
evt_pay_RE_PE_ee4a98,payment_failure,2026-08-24T11:00:00Z,150856.83,cust_high_v_6716,CARD_EXPIRED,3,5.7,Summary for cust_high_v_6716,5,2,0.4,transient_high_value,0,0.1676,REMINDER,APPROVED: standard_intervention,REMINDER,PENDING,0.0,"Evaluated event for customer cust_high_v_6716. Amount ₹150,856.83 with recovery probability 57.3%. Action REMINDER executed."
evt_pay_RE_PE_05a360,payment_failure,2026-08-24T11:00:00Z,173205.13,cust_high_v_1572,UPI_TRANSIENT_FAILURE,2,5.1,Summary for cust_high_v_1572,18,17,0.9444,transient_high_value,0,0.1404,REMINDER,APPROVED: standard_intervention,REMINDER,PENDING,0.0,"Evaluated event for customer cust_high_v_1572. Amount ₹173,205.13 with recovery probability 72.8%. Action REMINDER executed."
evt_pay_RE_PE_510892,payment_failure,2026-08-24T11:00:00Z,158193.74,cust_high_v_7295,UPI_TRANSIENT_FAILURE,1,4.5,Summary for cust_high_v_7295,12,10,0.8333,transient_high_value,0,0.0775,REMINDER,APPROVED: standard_intervention,REMINDER,PENDING,0.0,"Evaluated event for customer cust_high_v_7295. Amount ₹158,193.74 with recovery probability 73.2%. Action REMINDER executed."
evt_pay_ST_NO_bf1742,payment_failure,2026-08-24T11:00:00Z,132909.88,cust_high_v_8525,GATEWAY_TIMEOUT,1,0.6,Summary for cust_high_v_8525,6,2,0.3333,transient_high_value,0,0.3496,STOP,BLOCKED: rule_1_stop_low_probability,STOP,NO_ACTION,0.0,"Evaluated event for customer cust_high_v_8525. Amount ₹132,909.88 with recovery probability 6.1%. Action STOP executed."
evt_pay_ST_NO_55ca35,payment_failure,2026-08-24T11:00:00Z,186355.58,cust_high_v_1207,UPI_TRANSIENT_FAILURE,1,6.6,Summary for cust_high_v_1207,10,4,0.4,transient_high_value,0,0.3809,STOP,BLOCKED: rule_1_stop_low_probability,STOP,NO_ACTION,0.0,"Evaluated event for customer cust_high_v_1207. Amount ₹186,355.58 with recovery probability 10.0%. Action STOP executed."
evt_pay_ST_NO_e187d0,payment_failure,2026-08-24T11:00:00Z,60742.74,cust_high_v_5295,CARD_EXPIRED,3,3.6,Summary for cust_high_v_5295,11,2,0.1818,transient_high_value,0,0.1772,STOP,BLOCKED: rule_1_stop_low_probability,STOP,NO_ACTION,0.0,"Evaluated event for customer cust_high_v_5295. Amount ₹60,742.74 with recovery probability 13.2%. Action STOP executed."
evt_pay_ST_NO_f1f812,payment_failure,2026-08-24T11:00:00Z,65537.68,cust_high_v_7734,BANK_SYSTEM_OFFLINE,4,2.4,Summary for cust_high_v_7734,17,11,0.6471,transient_high_value,0,0.7249,STOP,BLOCKED: rule_1_stop_low_probability,STOP,NO_ACTION,0.0,"Evaluated event for customer cust_high_v_7734. Amount ₹65,537.68 with recovery probability 5.8%. Action STOP executed."
evt_pay_ST_NO_aad2e2,payment_failure,2026-08-24T11:00:00Z,192972.13,cust_high_v_2775,UPI_TRANSIENT_FAILURE,4,0.3,Summary for cust_high_v_2775,7,7,1.0,transient_high_value,0,0.2626,STOP,BLOCKED: rule_1_stop_low_probability,STOP,NO_ACTION,0.0,"Evaluated event for customer cust_high_v_2775. Amount ₹192,972.13 with recovery probability 21.4%. Action STOP executed."
evt_pay_ES_SU_37bea4,payment_failure,2026-08-24T11:00:00Z,88476.58,cust_high_v_9182,GATEWAY_TIMEOUT,3,0.1,Summary for cust_high_v_9182,15,15,1.0,transient_high_value,1,0.688,ESCALATE,APPROVED: high_value_recovery,ESCALATE,SUCCESS,86509.6,"Evaluated event for customer cust_high_v_9182. Amount ₹88,476.58 with recovery probability 39.6%. Action ESCALATE executed."
evt_pay_ES_SU_139032,payment_failure,2026-08-24T11:00:00Z,128237.52,cust_high_v_4640,UPI_TRANSIENT_FAILURE,4,6.8,Summary for cust_high_v_4640,24,2,0.0833,transient_high_value,1,0.0538,ESCALATE,APPROVED: high_value_recovery,ESCALATE,SUCCESS,120709.81,"Evaluated event for customer cust_high_v_4640. Amount ₹128,237.52 with recovery probability 44.6%. Action ESCALATE executed."
evt_pay_ES_SU_15f21b,payment_failure,2026-08-24T11:00:00Z,275458.48,cust_high_v_4277,CARD_EXPIRED,4,5.8,Summary for cust_high_v_4277,6,5,0.8333,transient_high_value,1,0.121,ESCALATE,APPROVED: high_value_recovery,ESCALATE,SUCCESS,261437.99,"Evaluated event for customer cust_high_v_4277. Amount ₹275,458.48 with recovery probability 37.7%. Action ESCALATE executed."
evt_pay_ES_SU_ce9974,payment_failure,2026-08-24T11:00:00Z,104751.25,cust_high_v_6974,UPI_TRANSIENT_FAILURE,3,2.2,Summary for cust_high_v_6974,8,6,0.75,transient_high_value,1,0.6581,ESCALATE,APPROVED: high_value_recovery,ESCALATE,SUCCESS,100503.63,"Evaluated event for customer cust_high_v_6974. Amount ₹104,751.25 with recovery probability 40.2%. Action ESCALATE executed."
evt_pay_ES_SU_bb25b1,payment_failure,2026-08-24T11:00:00Z,94079.54,cust_high_v_7757,GATEWAY_TIMEOUT,2,2.2,Summary for cust_high_v_7757,22,12,0.5455,transient_high_value,1,0.0855,ESCALATE,APPROVED: high_value_recovery,ESCALATE,SUCCESS,90330.79,"Evaluated event for customer cust_high_v_7757. Amount ₹94,079.54 with recovery probability 43.3%. Action ESCALATE executed."
evt_pay_ES_FA_9ea28a,payment_failure,2026-08-24T11:00:00Z,232197.08,cust_high_v_3359,BANK_SYSTEM_OFFLINE,4,4.6,Summary for cust_high_v_3359,15,2,0.1333,transient_high_value,0,0.0122,ESCALATE,APPROVED: standard_intervention,ESCALATE,FAILED,0.0,"Evaluated event for customer cust_high_v_3359. Amount ₹232,197.08 with recovery probability 64.2%. Action ESCALATE executed."
evt_pay_ES_FA_db9e1d,payment_failure,2026-08-24T11:00:00Z,158044.69,cust_high_v_6675,CARD_EXPIRED,3,3.6,Summary for cust_high_v_6675,8,2,0.25,transient_high_value,0,0.0419,ESCALATE,APPROVED: standard_intervention,ESCALATE,FAILED,0.0,"Evaluated event for customer cust_high_v_6675. Amount ₹158,044.69 with recovery probability 52.3%. Action ESCALATE executed."
evt_pay_ES_FA_27ab00,payment_failure,2026-08-24T11:00:00Z,139372.3,cust_high_v_2634,GATEWAY_TIMEOUT,4,2.8,Summary for cust_high_v_2634,15,11,0.7333,transient_high_value,0,0.3816,ESCALATE,APPROVED: standard_intervention,ESCALATE,FAILED,0.0,"Evaluated event for customer cust_high_v_2634. Amount ₹139,372.30 with recovery probability 46.7%. Action ESCALATE executed."
evt_pay_ES_FA_eefe66,payment_failure,2026-08-24T11:00:00Z,51094.4,cust_high_v_6769,CARD_EXPIRED,4,6.1,Summary for cust_high_v_6769,16,16,1.0,transient_high_value,0,0.7472,ESCALATE,APPROVED: standard_intervention,ESCALATE,FAILED,0.0,"Evaluated event for customer cust_high_v_6769. Amount ₹51,094.40 with recovery probability 55.7%. Action ESCALATE executed."
evt_pay_ES_FA_39975b,payment_failure,2026-08-24T11:00:00Z,79609.21,cust_high_v_9398,CARD_EXPIRED,1,4.9,Summary for cust_high_v_9398,25,19,0.76,transient_high_value,0,0.1143,ESCALATE,APPROVED: standard_intervention,ESCALATE,FAILED,0.0,"Evaluated event for customer cust_high_v_9398. Amount ₹79,609.21 with recovery probability 69.8%. Action ESCALATE executed."
evt_pay_ES_PE_261e76,payment_failure,2026-08-24T11:00:00Z,63046.74,cust_high_v_4477,BANK_SYSTEM_OFFLINE,4,3.6,Summary for cust_high_v_4477,16,2,0.125,transient_high_value,0,0.0141,ESCALATE,APPROVED: standard_intervention,ESCALATE,PENDING,0.0,"Evaluated event for customer cust_high_v_4477. Amount ₹63,046.74 with recovery probability 56.1%. Action ESCALATE executed."
evt_pay_ES_PE_f34b55,payment_failure,2026-08-24T11:00:00Z,218790.33,cust_high_v_5784,CARD_EXPIRED,4,6.9,Summary for cust_high_v_5784,22,2,0.0909,transient_high_value,0,0.3166,ESCALATE,APPROVED: standard_intervention,ESCALATE,PENDING,0.0,"Evaluated event for customer cust_high_v_5784. Amount ₹218,790.33 with recovery probability 72.0%. Action ESCALATE executed."
evt_pay_ES_PE_0b68d7,payment_failure,2026-08-24T11:00:00Z,264288.01,cust_high_v_6709,UPI_TRANSIENT_FAILURE,1,6.0,Summary for cust_high_v_6709,22,12,0.5455,transient_high_value,0,0.2604,ESCALATE,APPROVED: standard_intervention,ESCALATE,PENDING,0.0,"Evaluated event for customer cust_high_v_6709. Amount ₹264,288.01 with recovery probability 70.4%. Action ESCALATE executed."
evt_pay_ES_PE_5f0eaf,payment_failure,2026-08-24T11:00:00Z,44182.34,cust_high_v_6173,UPI_TRANSIENT_FAILURE,1,6.6,Summary for cust_high_v_6173,9,7,0.7778,transient_high_value,0,0.753,ESCALATE,APPROVED: standard_intervention,ESCALATE,PENDING,0.0,"Evaluated event for customer cust_high_v_6173. Amount ₹44,182.34 with recovery probability 66.4%. Action ESCALATE executed."
evt_pay_ES_PE_c13569,payment_failure,2026-08-24T11:00:00Z,193255.15,cust_high_v_6327,UPI_TRANSIENT_FAILURE,4,5.0,Summary for cust_high_v_6327,19,6,0.3158,transient_high_value,0,0.0071,ESCALATE,APPROVED: standard_intervention,ESCALATE,PENDING,0.0,"Evaluated event for customer cust_high_v_6327. Amount ₹193,255.15 with recovery probability 42.1%. Action ESCALATE executed."
evt_pay_ST_NO_6559cd,payment_failure,2026-08-24T11:00:00Z,161450.95,cust_high_v_4220,CARD_EXPIRED,2,2.6,Summary for cust_high_v_4220,12,12,1.0,transient_high_value,0,0.4412,STOP,BLOCKED: rule_1_stop_low_probability,STOP,NO_ACTION,0.0,"Evaluated event for customer cust_high_v_4220. Amount ₹161,450.95 with recovery probability 18.8%. Action STOP executed."
evt_pay_ST_NO_a737ab,payment_failure,2026-08-24T11:00:00Z,84895.5,cust_high_v_1394,INSUFFICIENT_FUNDS,3,0.3,Summary for cust_high_v_1394,16,1,0.0625,transient_high_value,0,0.027,STOP,BLOCKED: rule_1_stop_low_probability,STOP,NO_ACTION,0.0,"Evaluated event for customer cust_high_v_1394. Amount ₹84,895.50 with recovery probability 20.4%. Action STOP executed."
evt_pay_ST_NO_ec622b,payment_failure,2026-08-24T11:00:00Z,144859.6,cust_high_v_6108,UPI_TRANSIENT_FAILURE,4,5.8,Summary for cust_high_v_6108,21,18,0.8571,transient_high_value,0,0.087,STOP,BLOCKED: rule_1_stop_low_probability,STOP,NO_ACTION,0.0,"Evaluated event for customer cust_high_v_6108. Amount ₹144,859.60 with recovery probability 9.3%. Action STOP executed."
evt_pay_ST_NO_52695f,payment_failure,2026-08-24T11:00:00Z,272670.69,cust_high_v_4188,CARD_EXPIRED,4,2.1,Summary for cust_high_v_4188,19,16,0.8421,transient_high_value,0,0.0313,STOP,BLOCKED: rule_1_stop_low_probability,STOP,NO_ACTION,0.0,"Evaluated event for customer cust_high_v_4188. Amount ₹272,670.69 with recovery probability 11.4%. Action STOP executed."
evt_pay_ST_NO_49df95,payment_failure,2026-08-24T11:00:00Z,187330.35,cust_high_v_4767,INSUFFICIENT_FUNDS,2,5.4,Summary for cust_high_v_4767,25,25,1.0,transient_high_value,0,0.0686,STOP,BLOCKED: rule_1_stop_low_probability,STOP,NO_ACTION,0.0,"Evaluated event for customer cust_high_v_4767. Amount ₹187,330.35 with recovery probability 7.4%. Action STOP executed."
evt_pay_ST_NO_0d3b2d,payment_failure,2026-08-24T11:00:00Z,275900.33,cust_high_v_3086,GATEWAY_TIMEOUT,4,0.7,Summary for cust_high_v_3086,5,2,0.4,transient_high_value,0,0.0435,STOP,BLOCKED: rule_1_stop_low_probability,STOP,NO_ACTION,0.0,"Evaluated event for customer cust_high_v_3086. Amount ₹275,900.33 with recovery probability 16.7%. Action STOP executed."
evt_pay_ST_NO_548a21,payment_failure,2026-08-24T11:00:00Z,254545.28,cust_high_v_3929,GATEWAY_TIMEOUT,1,0.8,Summary for cust_high_v_3929,10,2,0.2,transient_high_value,0,0.1708,STOP,BLOCKED: rule_1_stop_low_probability,STOP,NO_ACTION,0.0,"Evaluated event for customer cust_high_v_3929. Amount ₹254,545.28 with recovery probability 8.6%. Action STOP executed."
evt_pay_ST_NO_ec4481,payment_failure,2026-08-24T11:00:00Z,276029.46,cust_high_v_6864,GATEWAY_TIMEOUT,1,3.3,Summary for cust_high_v_6864,15,3,0.2,transient_high_value,0,0.0193,STOP,BLOCKED: rule_1_stop_low_probability,STOP,NO_ACTION,0.0,"Evaluated event for customer cust_high_v_6864. Amount ₹276,029.46 with recovery probability 17.0%. Action STOP executed."
evt_pay_ST_NO_588591,payment_failure,2026-08-24T11:00:00Z,102352.36,cust_high_v_3935,UPI_TRANSIENT_FAILURE,2,6.6,Summary for cust_high_v_3935,19,11,0.5789,transient_high_value,0,0.0951,STOP,BLOCKED: rule_1_stop_low_probability,STOP,NO_ACTION,0.0,"Evaluated event for customer cust_high_v_3935. Amount ₹102,352.36 with recovery probability 5.3%. Action STOP executed."
evt_pay_ST_NO_9ec0d6,payment_failure,2026-08-24T11:00:00Z,213902.86,cust_high_v_6690,UPI_TRANSIENT_FAILURE,3,0.4,Summary for cust_high_v_6690,17,16,0.9412,transient_high_value,0,0.345,STOP,BLOCKED: rule_1_stop_low_probability,STOP,NO_ACTION,0.0,"Evaluated event for customer cust_high_v_6690. Amount ₹213,902.86 with recovery probability 18.8%. Action STOP executed."
evt_pay_ST_NO_f81214,payment_failure,2026-08-24T11:00:00Z,222908.01,cust_high_v_8431,INSUFFICIENT_FUNDS,1,4.3,Summary for cust_high_v_8431,21,6,0.2857,transient_high_value,0,0.0498,STOP,BLOCKED: rule_1_stop_low_probability,STOP,NO_ACTION,0.0,"Evaluated event for customer cust_high_v_8431. Amount ₹222,908.01 with recovery probability 9.6%. Action STOP executed."
evt_pay_ST_NO_cde23c,payment_failure,2026-08-24T11:00:00Z,127020.51,cust_high_v_2764,GATEWAY_TIMEOUT,4,0.7,Summary for cust_high_v_2764,20,8,0.4,transient_high_value,0,0.0593,STOP,BLOCKED: rule_1_stop_low_probability,STOP,NO_ACTION,0.0,"Evaluated event for customer cust_high_v_2764. Amount ₹127,020.51 with recovery probability 19.3%. Action STOP executed."
evt_pay_ST_NO_9621d1,payment_failure,2026-08-24T11:00:00Z,122051.29,cust_high_v_2503,CARD_EXPIRED,4,4.6,Summary for cust_high_v_2503,19,8,0.4211,transient_high_value,0,0.0236,STOP,BLOCKED: rule_1_stop_low_probability,STOP,NO_ACTION,0.0,"Evaluated event for customer cust_high_v_2503. Amount ₹122,051.29 with recovery probability 19.7%. Action STOP executed."
evt_pay_ST_NO_c66ad1,payment_failure,2026-08-24T11:00:00Z,55674.04,cust_high_v_2933,CARD_EXPIRED,1,5.2,Summary for cust_high_v_2933,8,4,0.5,transient_high_value,0,0.198,STOP,BLOCKED: rule_1_stop_low_probability,STOP,NO_ACTION,0.0,"Evaluated event for customer cust_high_v_2933. Amount ₹55,674.04 with recovery probability 6.4%. Action STOP executed."
evt_pay_ST_NO_b5d6e5,payment_failure,2026-08-24T11:00:00Z,36719.34,cust_high_v_6911,GATEWAY_TIMEOUT,1,3.2,Summary for cust_high_v_6911,19,9,0.4737,transient_high_value,0,0.312,STOP,BLOCKED: rule_1_stop_low_probability,STOP,NO_ACTION,0.0,"Evaluated event for customer cust_high_v_6911. Amount ₹36,719.34 with recovery probability 11.2%. Action STOP executed."
evt_pay_ST_NO_7c14cd,payment_failure,2026-08-24T11:00:00Z,106666.08,cust_high_v_6859,GATEWAY_TIMEOUT,2,6.9,Summary for cust_high_v_6859,9,7,0.7778,transient_high_value,0,0.6679,STOP,BLOCKED: rule_1_stop_low_probability,STOP,NO_ACTION,0.0,"Evaluated event for customer cust_high_v_6859. Amount ₹106,666.08 with recovery probability 15.8%. Action STOP executed."
evt_pay_ST_NO_23b703,payment_failure,2026-08-24T11:00:00Z,60814.68,cust_high_v_6055,BANK_SYSTEM_OFFLINE,3,2.3,Summary for cust_high_v_6055,13,1,0.0769,transient_high_value,0,0.0757,STOP,BLOCKED: rule_1_stop_low_probability,STOP,NO_ACTION,0.0,"Evaluated event for customer cust_high_v_6055. Amount ₹60,814.68 with recovery probability 11.1%. Action STOP executed."
evt_pay_ST_NO_514d35,payment_failure,2026-08-24T11:00:00Z,45853.66,cust_high_v_3873,INSUFFICIENT_FUNDS,2,4.2,Summary for cust_high_v_3873,23,4,0.1739,transient_high_value,0,0.1459,STOP,BLOCKED: rule_1_stop_low_probability,STOP,NO_ACTION,0.0,"Evaluated event for customer cust_high_v_3873. Amount ₹45,853.66 with recovery probability 19.3%. Action STOP executed."
evt_pay_ST_NO_c2ec5d,payment_failure,2026-08-24T11:00:00Z,102254.05,cust_high_v_6505,CARD_EXPIRED,3,5.1,Summary for cust_high_v_6505,4,3,0.75,transient_high_value,0,0.4025,STOP,BLOCKED: rule_1_stop_low_probability,STOP,NO_ACTION,0.0,"Evaluated event for customer cust_high_v_6505. Amount ₹102,254.05 with recovery probability 12.8%. Action STOP executed."
evt_pay_ST_NO_8d0b5f,payment_failure,2026-08-24T11:00:00Z,78135.23,cust_high_v_9935,CARD_EXPIRED,4,2.2,Summary for cust_high_v_9935,16,16,1.0,transient_high_value,0,0.9428,STOP,BLOCKED: rule_1_stop_low_probability,STOP,NO_ACTION,0.0,"Evaluated event for customer cust_high_v_9935. Amount ₹78,135.23 with recovery probability 17.0%. Action STOP executed."
evt_pay_ST_NO_6f6e02,payment_failure,2026-08-24T11:00:00Z,78476.25,cust_high_v_7044,INSUFFICIENT_FUNDS,3,5.4,Summary for cust_high_v_7044,21,13,0.619,transient_high_value,0,0.0335,STOP,BLOCKED: rule_1_stop_low_probability,STOP,NO_ACTION,0.0,"Evaluated event for customer cust_high_v_7044. Amount ₹78,476.25 with recovery probability 6.5%. Action STOP executed."
evt_pay_ST_NO_fbf731,payment_failure,2026-08-24T11:00:00Z,93354.51,cust_high_v_2127,CARD_EXPIRED,3,3.3,Summary for cust_high_v_2127,25,7,0.28,transient_high_value,0,0.0479,STOP,BLOCKED: rule_1_stop_low_probability,STOP,NO_ACTION,0.0,"Evaluated event for customer cust_high_v_2127. Amount ₹93,354.51 with recovery probability 14.5%. Action STOP executed."
evt_pay_ST_NO_50b422,payment_failure,2026-08-24T11:00:00Z,121763.78,cust_high_v_9402,BANK_SYSTEM_OFFLINE,1,4.5,Summary for cust_high_v_9402,6,5,0.8333,transient_high_value,0,0.099,STOP,BLOCKED: rule_1_stop_low_probability,STOP,NO_ACTION,0.0,"Evaluated event for customer cust_high_v_9402. Amount ₹121,763.78 with recovery probability 20.6%. Action STOP executed."
evt_pay_ST_NO_a86c91,payment_failure,2026-08-24T11:00:00Z,100880.48,cust_high_v_6447,INSUFFICIENT_FUNDS,4,5.7,Summary for cust_high_v_6447,8,1,0.125,transient_high_value,0,0.1727,STOP,BLOCKED: rule_1_stop_low_probability,STOP,NO_ACTION,0.0,"Evaluated event for customer cust_high_v_6447. Amount ₹100,880.48 with recovery probability 15.2%. Action STOP executed."
evt_pay_ST_NO_041158,payment_failure,2026-08-24T11:00:00Z,66893.86,cust_high_v_9482,GATEWAY_TIMEOUT,3,3.7,Summary for cust_high_v_9482,21,1,0.0476,transient_high_value,0,0.0166,STOP,BLOCKED: rule_1_stop_low_probability,STOP,NO_ACTION,0.0,"Evaluated event for customer cust_high_v_9482. Amount ₹66,893.86 with recovery probability 18.4%. Action STOP executed."
evt_che_RE_SU_34556c,checkout_abandonment,2026-08-24T11:00:00Z,39275.57,cust_checkout_6214,PAYMENT_WINDOW_CLOSED,4,2.3,Summary for cust_checkout_6214,17,16,0.9412,checkout_abandonment,1,0.2926,RETRY,APPROVED: high_value_recovery,RETRY,SUCCESS,36932.21,"Evaluated event for customer cust_checkout_6214. Amount ₹39,275.57 with recovery probability 90.0%. Action RETRY executed."
evt_che_RE_SU_6af35b,checkout_abandonment,2026-08-24T11:00:00Z,42569.12,cust_checkout_9973,CART_ABANDONED_AT_OTP,4,2.8,Summary for cust_checkout_9973,14,14,1.0,checkout_abandonment,1,0.4734,RETRY,APPROVED: high_value_recovery,RETRY,SUCCESS,41841.82,"Evaluated event for customer cust_checkout_9973. Amount ₹42,569.12 with recovery probability 89.1%. Action RETRY executed."
evt_che_RE_SU_8f7990,checkout_abandonment,2026-08-24T11:00:00Z,44218.52,cust_checkout_3669,CHECKOUT_SESSION_EXPIRED,4,3.7,Summary for cust_checkout_3669,15,7,0.4667,checkout_abandonment,1,0.6202,RETRY,APPROVED: high_value_recovery,RETRY,SUCCESS,42372.79,"Evaluated event for customer cust_checkout_3669. Amount ₹44,218.52 with recovery probability 80.4%. Action RETRY executed."
evt_che_RE_SU_646668,checkout_abandonment,2026-08-24T11:00:00Z,61762.72,cust_checkout_8556,DROPPED_AFTER_DISCOUNT,3,3.7,Summary for cust_checkout_8556,9,6,0.6667,checkout_abandonment,1,0.1174,RETRY,APPROVED: high_value_recovery,RETRY,SUCCESS,57698.37,"Evaluated event for customer cust_checkout_8556. Amount ₹61,762.72 with recovery probability 60.6%. Action RETRY executed."
evt_che_RE_SU_393a44,checkout_abandonment,2026-08-24T11:00:00Z,36696.76,cust_checkout_8726,PAYMENT_WINDOW_CLOSED,4,1.8,Summary for cust_checkout_8726,22,20,0.9091,checkout_abandonment,1,0.2725,RETRY,APPROVED: high_value_recovery,RETRY,SUCCESS,35947.57,"Evaluated event for customer cust_checkout_8726. Amount ₹36,696.76 with recovery probability 83.0%. Action RETRY executed."
evt_che_RE_FA_5b6b8e,checkout_abandonment,2026-08-24T11:00:00Z,24816.03,cust_checkout_9851,DROPPED_AFTER_DISCOUNT,3,5.8,Summary for cust_checkout_9851,25,1,0.04,checkout_abandonment,0,0.1144,RETRY,APPROVED: standard_intervention,RETRY,FAILED,0.0,"Evaluated event for customer cust_checkout_9851. Amount ₹24,816.03 with recovery probability 57.8%. Action RETRY executed."
evt_che_RE_FA_ccace0,checkout_abandonment,2026-08-24T11:00:00Z,44505.31,cust_checkout_6631,PAYMENT_WINDOW_CLOSED,4,0.9,Summary for cust_checkout_6631,11,10,0.9091,checkout_abandonment,0,0.1341,RETRY,APPROVED: standard_intervention,RETRY,FAILED,0.0,"Evaluated event for customer cust_checkout_6631. Amount ₹44,505.31 with recovery probability 76.4%. Action RETRY executed."
evt_che_RE_FA_9b7453,checkout_abandonment,2026-08-24T11:00:00Z,63302.39,cust_checkout_3220,PAYMENT_WINDOW_CLOSED,3,1.2,Summary for cust_checkout_3220,19,10,0.5263,checkout_abandonment,0,0.0168,RETRY,APPROVED: standard_intervention,RETRY,FAILED,0.0,"Evaluated event for customer cust_checkout_3220. Amount ₹63,302.39 with recovery probability 59.1%. Action RETRY executed."
evt_che_RE_FA_dcad25,checkout_abandonment,2026-08-24T11:00:00Z,53391.47,cust_checkout_8485,CHECKOUT_SESSION_EXPIRED,2,2.1,Summary for cust_checkout_8485,25,24,0.96,checkout_abandonment,0,0.0674,RETRY,APPROVED: standard_intervention,RETRY,FAILED,0.0,"Evaluated event for customer cust_checkout_8485. Amount ₹53,391.47 with recovery probability 82.2%. Action RETRY executed."
evt_che_RE_FA_691dd6,checkout_abandonment,2026-08-24T11:00:00Z,59640.96,cust_checkout_4702,PAYMENT_WINDOW_CLOSED,1,3.6,Summary for cust_checkout_4702,3,1,0.3333,checkout_abandonment,0,0.273,RETRY,APPROVED: standard_intervention,RETRY,FAILED,0.0,"Evaluated event for customer cust_checkout_4702. Amount ₹59,640.96 with recovery probability 70.4%. Action RETRY executed."
evt_che_RE_PE_d57ee2,checkout_abandonment,2026-08-24T11:00:00Z,5143.3,cust_checkout_5912,PAYMENT_WINDOW_CLOSED,2,6.1,Summary for cust_checkout_5912,19,18,0.9474,checkout_abandonment,0,0.1859,RETRY,APPROVED: standard_intervention,RETRY,PENDING,0.0,"Evaluated event for customer cust_checkout_5912. Amount ₹5,143.30 with recovery probability 56.4%. Action RETRY executed."
evt_che_RE_PE_1ac51d,checkout_abandonment,2026-08-24T11:00:00Z,49964.32,cust_checkout_7824,CART_ABANDONED_AT_OTP,4,1.3,Summary for cust_checkout_7824,25,7,0.28,checkout_abandonment,0,0.1055,RETRY,APPROVED: standard_intervention,RETRY,PENDING,0.0,"Evaluated event for customer cust_checkout_7824. Amount ₹49,964.32 with recovery probability 83.0%. Action RETRY executed."
evt_che_RE_PE_096524,checkout_abandonment,2026-08-24T11:00:00Z,18747.38,cust_checkout_1656,CHECKOUT_SESSION_EXPIRED,1,3.0,Summary for cust_checkout_1656,5,5,1.0,checkout_abandonment,0,0.0538,RETRY,APPROVED: standard_intervention,RETRY,PENDING,0.0,"Evaluated event for customer cust_checkout_1656. Amount ₹18,747.38 with recovery probability 60.9%. Action RETRY executed."
evt_che_RE_PE_1a5f2b,checkout_abandonment,2026-08-24T11:00:00Z,38319.81,cust_checkout_6325,CART_ABANDONED_AT_OTP,1,0.4,Summary for cust_checkout_6325,15,15,1.0,checkout_abandonment,0,0.4389,RETRY,APPROVED: standard_intervention,RETRY,PENDING,0.0,"Evaluated event for customer cust_checkout_6325. Amount ₹38,319.81 with recovery probability 58.1%. Action RETRY executed."
evt_che_RE_PE_664d70,checkout_abandonment,2026-08-24T11:00:00Z,30104.58,cust_checkout_3901,CART_ABANDONED_AT_OTP,2,4.1,Summary for cust_checkout_3901,10,9,0.9,checkout_abandonment,0,0.0742,RETRY,APPROVED: standard_intervention,RETRY,PENDING,0.0,"Evaluated event for customer cust_checkout_3901. Amount ₹30,104.58 with recovery probability 75.2%. Action RETRY executed."
evt_che_ST_NO_5f1e7a,checkout_abandonment,2026-08-24T11:00:00Z,24791.27,cust_checkout_1485,CHECKOUT_SESSION_EXPIRED,3,1.8,Summary for cust_checkout_1485,14,8,0.5714,checkout_abandonment,0,0.443,STOP,BLOCKED: rule_1_stop_low_probability,STOP,NO_ACTION,0.0,"Evaluated event for customer cust_checkout_1485. Amount ₹24,791.27 with recovery probability 7.5%. Action STOP executed."
evt_che_ST_NO_abf73f,checkout_abandonment,2026-08-24T11:00:00Z,21549.33,cust_checkout_2169,CHECKOUT_SESSION_EXPIRED,4,5.0,Summary for cust_checkout_2169,20,19,0.95,checkout_abandonment,0,0.0866,STOP,BLOCKED: rule_1_stop_low_probability,STOP,NO_ACTION,0.0,"Evaluated event for customer cust_checkout_2169. Amount ₹21,549.33 with recovery probability 11.3%. Action STOP executed."
evt_che_ST_NO_46129b,checkout_abandonment,2026-08-24T11:00:00Z,35540.94,cust_checkout_6551,DROPPED_AFTER_DISCOUNT,4,4.7,Summary for cust_checkout_6551,25,16,0.64,checkout_abandonment,0,0.0466,STOP,BLOCKED: rule_1_stop_low_probability,STOP,NO_ACTION,0.0,"Evaluated event for customer cust_checkout_6551. Amount ₹35,540.94 with recovery probability 21.9%. Action STOP executed."
evt_che_ST_NO_22dba1,checkout_abandonment,2026-08-24T11:00:00Z,64914.85,cust_checkout_4471,CART_ABANDONED_AT_OTP,1,0.5,Summary for cust_checkout_4471,18,15,0.8333,checkout_abandonment,0,0.2833,STOP,BLOCKED: rule_1_stop_low_probability,STOP,NO_ACTION,0.0,"Evaluated event for customer cust_checkout_4471. Amount ₹64,914.85 with recovery probability 20.2%. Action STOP executed."
evt_che_ST_NO_a8b5d6,checkout_abandonment,2026-08-24T11:00:00Z,55174.22,cust_checkout_5083,CHECKOUT_SESSION_EXPIRED,4,4.1,Summary for cust_checkout_5083,17,2,0.1176,checkout_abandonment,0,0.3007,STOP,BLOCKED: rule_1_stop_low_probability,STOP,NO_ACTION,0.0,"Evaluated event for customer cust_checkout_5083. Amount ₹55,174.22 with recovery probability 20.6%. Action STOP executed."
evt_che_PA_SU_547bbf,checkout_abandonment,2026-08-24T11:00:00Z,51878.59,cust_checkout_5446,PAYMENT_WINDOW_CLOSED,3,3.2,Summary for cust_checkout_5446,11,7,0.6364,checkout_abandonment,1,0.3792,PAYMENT_LINK,APPROVED: high_value_recovery,PAYMENT_LINK,SUCCESS,50018.93,"Evaluated event for customer cust_checkout_5446. Amount ₹51,878.59 with recovery probability 73.1%. Action PAYMENT_LINK executed."
evt_che_PA_SU_021a9f,checkout_abandonment,2026-08-24T11:00:00Z,32065.36,cust_checkout_6184,PAYMENT_WINDOW_CLOSED,1,6.2,Summary for cust_checkout_6184,15,3,0.2,checkout_abandonment,1,0.0502,PAYMENT_LINK,APPROVED: high_value_recovery,PAYMENT_LINK,SUCCESS,30055.14,"Evaluated event for customer cust_checkout_6184. Amount ₹32,065.36 with recovery probability 82.9%. Action PAYMENT_LINK executed."
evt_che_PA_SU_f0f083,checkout_abandonment,2026-08-24T11:00:00Z,56639.58,cust_checkout_6792,CHECKOUT_SESSION_EXPIRED,2,3.9,Summary for cust_checkout_6792,23,3,0.1304,checkout_abandonment,1,0.0344,PAYMENT_LINK,APPROVED: high_value_recovery,PAYMENT_LINK,SUCCESS,52624.25,"Evaluated event for customer cust_checkout_6792. Amount ₹56,639.58 with recovery probability 79.8%. Action PAYMENT_LINK executed."
evt_che_PA_SU_bce4b7,checkout_abandonment,2026-08-24T11:00:00Z,27596.49,cust_checkout_2285,DROPPED_AFTER_DISCOUNT,1,5.5,Summary for cust_checkout_2285,4,1,0.25,checkout_abandonment,1,0.0399,PAYMENT_LINK,APPROVED: high_value_recovery,PAYMENT_LINK,SUCCESS,27499.79,"Evaluated event for customer cust_checkout_2285. Amount ₹27,596.49 with recovery probability 92.1%. Action PAYMENT_LINK executed."
evt_che_PA_SU_97f24d,checkout_abandonment,2026-08-24T11:00:00Z,60236.66,cust_checkout_5795,CHECKOUT_SESSION_EXPIRED,1,0.2,Summary for cust_checkout_5795,9,4,0.4444,checkout_abandonment,1,0.1739,PAYMENT_LINK,APPROVED: high_value_recovery,PAYMENT_LINK,SUCCESS,58814.71,"Evaluated event for customer cust_checkout_5795. Amount ₹60,236.66 with recovery probability 85.9%. Action PAYMENT_LINK executed."
evt_che_PA_FA_cc329e,checkout_abandonment,2026-08-24T11:00:00Z,43918.54,cust_checkout_9232,CART_ABANDONED_AT_OTP,3,6.7,Summary for cust_checkout_9232,24,3,0.125,checkout_abandonment,0,0.4072,PAYMENT_LINK,APPROVED: standard_intervention,PAYMENT_LINK,FAILED,0.0,"Evaluated event for customer cust_checkout_9232. Amount ₹43,918.54 with recovery probability 83.3%. Action PAYMENT_LINK executed."
evt_che_PA_FA_7ea03f,checkout_abandonment,2026-08-24T11:00:00Z,64162.03,cust_checkout_5724,CHECKOUT_SESSION_EXPIRED,3,0.4,Summary for cust_checkout_5724,24,1,0.0417,checkout_abandonment,0,0.0609,PAYMENT_LINK,APPROVED: standard_intervention,PAYMENT_LINK,FAILED,0.0,"Evaluated event for customer cust_checkout_5724. Amount ₹64,162.03 with recovery probability 65.4%. Action PAYMENT_LINK executed."
evt_che_PA_FA_c27f09,checkout_abandonment,2026-08-24T11:00:00Z,14286.23,cust_checkout_2152,CART_ABANDONED_AT_OTP,4,2.6,Summary for cust_checkout_2152,3,1,0.3333,checkout_abandonment,0,0.0129,PAYMENT_LINK,APPROVED: standard_intervention,PAYMENT_LINK,FAILED,0.0,"Evaluated event for customer cust_checkout_2152. Amount ₹14,286.23 with recovery probability 87.7%. Action PAYMENT_LINK executed."
evt_che_PA_FA_3d0abe,checkout_abandonment,2026-08-24T11:00:00Z,57863.59,cust_checkout_2212,PAYMENT_WINDOW_CLOSED,3,5.4,Summary for cust_checkout_2212,17,9,0.5294,checkout_abandonment,0,0.4013,PAYMENT_LINK,APPROVED: standard_intervention,PAYMENT_LINK,FAILED,0.0,"Evaluated event for customer cust_checkout_2212. Amount ₹57,863.59 with recovery probability 85.1%. Action PAYMENT_LINK executed."
evt_che_PA_FA_03d71e,checkout_abandonment,2026-08-24T11:00:00Z,25993.68,cust_checkout_9191,CHECKOUT_SESSION_EXPIRED,1,5.6,Summary for cust_checkout_9191,4,3,0.75,checkout_abandonment,0,0.3059,PAYMENT_LINK,APPROVED: standard_intervention,PAYMENT_LINK,FAILED,0.0,"Evaluated event for customer cust_checkout_9191. Amount ₹25,993.68 with recovery probability 80.8%. Action PAYMENT_LINK executed."
evt_che_PA_PE_f9e83c,checkout_abandonment,2026-08-24T11:00:00Z,9500.81,cust_checkout_9244,CART_ABANDONED_AT_OTP,2,4.4,Summary for cust_checkout_9244,3,1,0.3333,checkout_abandonment,0,0.0192,PAYMENT_LINK,APPROVED: standard_intervention,PAYMENT_LINK,PENDING,0.0,"Evaluated event for customer cust_checkout_9244. Amount ₹9,500.81 with recovery probability 94.2%. Action PAYMENT_LINK executed."
evt_che_PA_PE_bd76cf,checkout_abandonment,2026-08-24T11:00:00Z,20900.9,cust_checkout_5857,PAYMENT_WINDOW_CLOSED,2,6.3,Summary for cust_checkout_5857,22,5,0.2273,checkout_abandonment,0,0.0875,PAYMENT_LINK,APPROVED: standard_intervention,PAYMENT_LINK,PENDING,0.0,"Evaluated event for customer cust_checkout_5857. Amount ₹20,900.90 with recovery probability 88.3%. Action PAYMENT_LINK executed."
evt_che_PA_PE_1df657,checkout_abandonment,2026-08-24T11:00:00Z,8014.18,cust_checkout_8589,CART_ABANDONED_AT_OTP,4,1.0,Summary for cust_checkout_8589,21,17,0.8095,checkout_abandonment,0,0.343,PAYMENT_LINK,APPROVED: standard_intervention,PAYMENT_LINK,PENDING,0.0,"Evaluated event for customer cust_checkout_8589. Amount ₹8,014.18 with recovery probability 92.1%. Action PAYMENT_LINK executed."
evt_che_PA_PE_d7d3b2,checkout_abandonment,2026-08-24T11:00:00Z,48614.65,cust_checkout_7702,PAYMENT_WINDOW_CLOSED,3,4.8,Summary for cust_checkout_7702,20,17,0.85,checkout_abandonment,0,0.0812,PAYMENT_LINK,APPROVED: standard_intervention,PAYMENT_LINK,PENDING,0.0,"Evaluated event for customer cust_checkout_7702. Amount ₹48,614.65 with recovery probability 87.8%. Action PAYMENT_LINK executed."
evt_che_PA_PE_3440d9,checkout_abandonment,2026-08-24T11:00:00Z,60268.71,cust_checkout_1723,CART_ABANDONED_AT_OTP,3,2.1,Summary for cust_checkout_1723,24,9,0.375,checkout_abandonment,0,0.5594,PAYMENT_LINK,APPROVED: standard_intervention,PAYMENT_LINK,PENDING,0.0,"Evaluated event for customer cust_checkout_1723. Amount ₹60,268.71 with recovery probability 75.6%. Action PAYMENT_LINK executed."
evt_che_ST_NO_0b3664,checkout_abandonment,2026-08-24T11:00:00Z,44511.18,cust_checkout_7728,CART_ABANDONED_AT_OTP,4,2.9,Summary for cust_checkout_7728,10,8,0.8,checkout_abandonment,0,0.3924,STOP,BLOCKED: rule_1_stop_low_probability,STOP,NO_ACTION,0.0,"Evaluated event for customer cust_checkout_7728. Amount ₹44,511.18 with recovery probability 17.5%. Action STOP executed."
evt_che_ST_NO_a622ea,checkout_abandonment,2026-08-24T11:00:00Z,9357.34,cust_checkout_4341,DROPPED_AFTER_DISCOUNT,4,5.5,Summary for cust_checkout_4341,16,3,0.1875,checkout_abandonment,0,0.379,STOP,BLOCKED: rule_1_stop_low_probability,STOP,NO_ACTION,0.0,"Evaluated event for customer cust_checkout_4341. Amount ₹9,357.34 with recovery probability 14.0%. Action STOP executed."
evt_che_ST_NO_ffeb7f,checkout_abandonment,2026-08-24T11:00:00Z,32155.14,cust_checkout_8575,DROPPED_AFTER_DISCOUNT,4,4.1,Summary for cust_checkout_8575,11,4,0.3636,checkout_abandonment,0,0.4432,STOP,BLOCKED: rule_1_stop_low_probability,STOP,NO_ACTION,0.0,"Evaluated event for customer cust_checkout_8575. Amount ₹32,155.14 with recovery probability 14.6%. Action STOP executed."
evt_che_ST_NO_46f1bc,checkout_abandonment,2026-08-24T11:00:00Z,18649.67,cust_checkout_5542,PAYMENT_WINDOW_CLOSED,1,4.7,Summary for cust_checkout_5542,20,6,0.3,checkout_abandonment,0,0.1131,STOP,BLOCKED: rule_1_stop_low_probability,STOP,NO_ACTION,0.0,"Evaluated event for customer cust_checkout_5542. Amount ₹18,649.67 with recovery probability 12.1%. Action STOP executed."
evt_che_ST_NO_151d85,checkout_abandonment,2026-08-24T11:00:00Z,37936.74,cust_checkout_1923,DROPPED_AFTER_DISCOUNT,3,4.3,Summary for cust_checkout_1923,14,7,0.5,checkout_abandonment,0,0.6158,STOP,BLOCKED: rule_1_stop_low_probability,STOP,NO_ACTION,0.0,"Evaluated event for customer cust_checkout_1923. Amount ₹37,936.74 with recovery probability 6.0%. Action STOP executed."
evt_che_RE_SU_cd566d,checkout_abandonment,2026-08-24T11:00:00Z,43682.71,cust_checkout_9341,CHECKOUT_SESSION_EXPIRED,2,0.2,Summary for cust_checkout_9341,15,11,0.7333,checkout_abandonment,1,0.0234,REMINDER,APPROVED: high_value_recovery,REMINDER,SUCCESS,41097.73,"Evaluated event for customer cust_checkout_9341. Amount ₹43,682.71 with recovery probability 62.3%. Action REMINDER executed."
evt_che_RE_SU_274e29,checkout_abandonment,2026-08-24T11:00:00Z,59032.02,cust_checkout_7220,CHECKOUT_SESSION_EXPIRED,3,5.9,Summary for cust_checkout_7220,15,14,0.9333,checkout_abandonment,1,0.7848,REMINDER,APPROVED: high_value_recovery,REMINDER,SUCCESS,58524.8,"Evaluated event for customer cust_checkout_7220. Amount ₹59,032.02 with recovery probability 50.2%. Action REMINDER executed."
evt_che_RE_SU_3be90f,checkout_abandonment,2026-08-24T11:00:00Z,58017.99,cust_checkout_1527,PAYMENT_WINDOW_CLOSED,4,6.7,Summary for cust_checkout_1527,19,9,0.4737,checkout_abandonment,1,0.0742,REMINDER,APPROVED: high_value_recovery,REMINDER,SUCCESS,56357.78,"Evaluated event for customer cust_checkout_1527. Amount ₹58,017.99 with recovery probability 79.4%. Action REMINDER executed."
evt_che_RE_SU_e139f5,checkout_abandonment,2026-08-24T11:00:00Z,57224.89,cust_checkout_3434,DROPPED_AFTER_DISCOUNT,3,6.5,Summary for cust_checkout_3434,9,9,1.0,checkout_abandonment,1,0.2819,REMINDER,APPROVED: high_value_recovery,REMINDER,SUCCESS,56533.04,"Evaluated event for customer cust_checkout_3434. Amount ₹57,224.89 with recovery probability 79.7%. Action REMINDER executed."
evt_che_RE_SU_6be76e,checkout_abandonment,2026-08-24T11:00:00Z,38195.22,cust_checkout_3629,CHECKOUT_SESSION_EXPIRED,2,2.3,Summary for cust_checkout_3629,18,13,0.7222,checkout_abandonment,1,0.3221,REMINDER,APPROVED: high_value_recovery,REMINDER,SUCCESS,37874.26,"Evaluated event for customer cust_checkout_3629. Amount ₹38,195.22 with recovery probability 43.5%. Action REMINDER executed."
evt_che_RE_FA_6d9d8a,checkout_abandonment,2026-08-24T11:00:00Z,34713.84,cust_checkout_7827,PAYMENT_WINDOW_CLOSED,1,4.4,Summary for cust_checkout_7827,13,10,0.7692,checkout_abandonment,0,0.0514,REMINDER,APPROVED: standard_intervention,REMINDER,FAILED,0.0,"Evaluated event for customer cust_checkout_7827. Amount ₹34,713.84 with recovery probability 48.2%. Action REMINDER executed."
evt_che_RE_FA_decec7,checkout_abandonment,2026-08-24T11:00:00Z,30527.71,cust_checkout_5632,PAYMENT_WINDOW_CLOSED,4,0.2,Summary for cust_checkout_5632,11,5,0.4545,checkout_abandonment,0,0.202,REMINDER,APPROVED: standard_intervention,REMINDER,FAILED,0.0,"Evaluated event for customer cust_checkout_5632. Amount ₹30,527.71 with recovery probability 84.2%. Action REMINDER executed."
evt_che_RE_FA_dba8cc,checkout_abandonment,2026-08-24T11:00:00Z,62366.78,cust_checkout_9861,CHECKOUT_SESSION_EXPIRED,4,0.3,Summary for cust_checkout_9861,4,3,0.75,checkout_abandonment,0,0.0687,REMINDER,APPROVED: standard_intervention,REMINDER,FAILED,0.0,"Evaluated event for customer cust_checkout_9861. Amount ₹62,366.78 with recovery probability 52.1%. Action REMINDER executed."
evt_che_RE_FA_8231b9,checkout_abandonment,2026-08-24T11:00:00Z,39306.99,cust_checkout_5666,PAYMENT_WINDOW_CLOSED,3,5.9,Summary for cust_checkout_5666,7,4,0.5714,checkout_abandonment,0,0.1589,REMINDER,APPROVED: standard_intervention,REMINDER,FAILED,0.0,"Evaluated event for customer cust_checkout_5666. Amount ₹39,306.99 with recovery probability 42.2%. Action REMINDER executed."
evt_che_RE_FA_1bf6de,checkout_abandonment,2026-08-24T11:00:00Z,61208.02,cust_checkout_7052,CART_ABANDONED_AT_OTP,3,4.4,Summary for cust_checkout_7052,18,4,0.2222,checkout_abandonment,0,0.0601,REMINDER,APPROVED: standard_intervention,REMINDER,FAILED,0.0,"Evaluated event for customer cust_checkout_7052. Amount ₹61,208.02 with recovery probability 49.1%. Action REMINDER executed."
evt_che_RE_PE_2ae0f9,checkout_abandonment,2026-08-24T11:00:00Z,55328.29,cust_checkout_4447,CHECKOUT_SESSION_EXPIRED,3,2.7,Summary for cust_checkout_4447,17,5,0.2941,checkout_abandonment,0,0.0384,REMINDER,APPROVED: standard_intervention,REMINDER,PENDING,0.0,"Evaluated event for customer cust_checkout_4447. Amount ₹55,328.29 with recovery probability 78.9%. Action REMINDER executed."
evt_che_RE_PE_7bef76,checkout_abandonment,2026-08-24T11:00:00Z,40639.1,cust_checkout_2340,DROPPED_AFTER_DISCOUNT,1,5.8,Summary for cust_checkout_2340,8,2,0.25,checkout_abandonment,0,0.2118,REMINDER,APPROVED: standard_intervention,REMINDER,PENDING,0.0,"Evaluated event for customer cust_checkout_2340. Amount ₹40,639.10 with recovery probability 57.5%. Action REMINDER executed."
evt_che_RE_PE_79ce73,checkout_abandonment,2026-08-24T11:00:00Z,15878.39,cust_checkout_5289,DROPPED_AFTER_DISCOUNT,1,3.7,Summary for cust_checkout_5289,13,6,0.4615,checkout_abandonment,0,0.6234,REMINDER,APPROVED: standard_intervention,REMINDER,PENDING,0.0,"Evaluated event for customer cust_checkout_5289. Amount ₹15,878.39 with recovery probability 67.2%. Action REMINDER executed."
evt_che_RE_PE_af9889,checkout_abandonment,2026-08-24T11:00:00Z,53689.09,cust_checkout_7320,CHECKOUT_SESSION_EXPIRED,2,1.4,Summary for cust_checkout_7320,18,13,0.7222,checkout_abandonment,0,0.6072,REMINDER,APPROVED: standard_intervention,REMINDER,PENDING,0.0,"Evaluated event for customer cust_checkout_7320. Amount ₹53,689.09 with recovery probability 81.2%. Action REMINDER executed."
evt_che_RE_PE_865618,checkout_abandonment,2026-08-24T11:00:00Z,11259.97,cust_checkout_1024,PAYMENT_WINDOW_CLOSED,1,1.4,Summary for cust_checkout_1024,8,7,0.875,checkout_abandonment,0,0.4929,REMINDER,APPROVED: standard_intervention,REMINDER,PENDING,0.0,"Evaluated event for customer cust_checkout_1024. Amount ₹11,259.97 with recovery probability 68.6%. Action REMINDER executed."
evt_che_ST_NO_b4e639,checkout_abandonment,2026-08-24T11:00:00Z,28201.51,cust_checkout_9763,DROPPED_AFTER_DISCOUNT,1,6.3,Summary for cust_checkout_9763,19,16,0.8421,checkout_abandonment,0,0.095,STOP,BLOCKED: rule_1_stop_low_probability,STOP,NO_ACTION,0.0,"Evaluated event for customer cust_checkout_9763. Amount ₹28,201.51 with recovery probability 17.4%. Action STOP executed."
evt_che_ST_NO_40b386,checkout_abandonment,2026-08-24T11:00:00Z,55171.17,cust_checkout_8821,PAYMENT_WINDOW_CLOSED,2,0.9,Summary for cust_checkout_8821,12,7,0.5833,checkout_abandonment,0,0.5315,STOP,BLOCKED: rule_1_stop_low_probability,STOP,NO_ACTION,0.0,"Evaluated event for customer cust_checkout_8821. Amount ₹55,171.17 with recovery probability 16.5%. Action STOP executed."
evt_che_ST_NO_4a5060,checkout_abandonment,2026-08-24T11:00:00Z,35093.75,cust_checkout_6978,DROPPED_AFTER_DISCOUNT,2,1.0,Summary for cust_checkout_6978,21,13,0.619,checkout_abandonment,0,0.3418,STOP,BLOCKED: rule_1_stop_low_probability,STOP,NO_ACTION,0.0,"Evaluated event for customer cust_checkout_6978. Amount ₹35,093.75 with recovery probability 11.5%. Action STOP executed."
evt_che_ST_NO_09352d,checkout_abandonment,2026-08-24T11:00:00Z,17466.96,cust_checkout_4256,CHECKOUT_SESSION_EXPIRED,2,3.7,Summary for cust_checkout_4256,25,22,0.88,checkout_abandonment,0,0.0361,STOP,BLOCKED: rule_1_stop_low_probability,STOP,NO_ACTION,0.0,"Evaluated event for customer cust_checkout_4256. Amount ₹17,466.96 with recovery probability 10.9%. Action STOP executed."
evt_che_ST_NO_d1e7d2,checkout_abandonment,2026-08-24T11:00:00Z,47879.75,cust_checkout_3652,CHECKOUT_SESSION_EXPIRED,3,3.1,Summary for cust_checkout_3652,9,6,0.6667,checkout_abandonment,0,0.8276,STOP,BLOCKED: rule_1_stop_low_probability,STOP,NO_ACTION,0.0,"Evaluated event for customer cust_checkout_3652. Amount ₹47,879.75 with recovery probability 11.8%. Action STOP executed."
evt_che_ES_SU_e8b915,checkout_abandonment,2026-08-24T11:00:00Z,30657.05,cust_checkout_3558,CHECKOUT_SESSION_EXPIRED,3,2.0,Summary for cust_checkout_3558,22,8,0.3636,checkout_abandonment,1,0.0087,ESCALATE,APPROVED: high_value_recovery,ESCALATE,SUCCESS,28797.84,"Evaluated event for customer cust_checkout_3558. Amount ₹30,657.05 with recovery probability 47.1%. Action ESCALATE executed."
evt_che_ES_SU_48428c,checkout_abandonment,2026-08-24T11:00:00Z,40125.87,cust_checkout_6147,DROPPED_AFTER_DISCOUNT,2,3.2,Summary for cust_checkout_6147,17,8,0.4706,checkout_abandonment,1,0.2106,ESCALATE,APPROVED: high_value_recovery,ESCALATE,SUCCESS,37526.29,"Evaluated event for customer cust_checkout_6147. Amount ₹40,125.87 with recovery probability 58.5%. Action ESCALATE executed."
evt_che_ES_SU_e695dd,checkout_abandonment,2026-08-24T11:00:00Z,7184.19,cust_checkout_6935,CART_ABANDONED_AT_OTP,4,1.1,Summary for cust_checkout_6935,11,6,0.5455,checkout_abandonment,1,0.0589,ESCALATE,APPROVED: high_value_recovery,ESCALATE,SUCCESS,6809.32,"Evaluated event for customer cust_checkout_6935. Amount ₹7,184.19 with recovery probability 49.5%. Action ESCALATE executed."
evt_che_ES_SU_a00339,checkout_abandonment,2026-08-24T11:00:00Z,54870.69,cust_checkout_2170,CART_ABANDONED_AT_OTP,1,1.4,Summary for cust_checkout_2170,12,3,0.25,checkout_abandonment,1,0.1606,ESCALATE,APPROVED: high_value_recovery,ESCALATE,SUCCESS,51889.79,"Evaluated event for customer cust_checkout_2170. Amount ₹54,870.69 with recovery probability 38.0%. Action ESCALATE executed."
evt_che_ES_SU_3092b6,checkout_abandonment,2026-08-24T11:00:00Z,45290.46,cust_checkout_2493,DROPPED_AFTER_DISCOUNT,3,4.1,Summary for cust_checkout_2493,11,2,0.1818,checkout_abandonment,1,0.1701,ESCALATE,APPROVED: high_value_recovery,ESCALATE,SUCCESS,42254.56,"Evaluated event for customer cust_checkout_2493. Amount ₹45,290.46 with recovery probability 54.6%. Action ESCALATE executed."
evt_che_ES_FA_afeee6,checkout_abandonment,2026-08-24T11:00:00Z,27519.42,cust_checkout_4674,CHECKOUT_SESSION_EXPIRED,4,2.5,Summary for cust_checkout_4674,5,1,0.2,checkout_abandonment,0,0.1041,ESCALATE,APPROVED: standard_intervention,ESCALATE,FAILED,0.0,"Evaluated event for customer cust_checkout_4674. Amount ₹27,519.42 with recovery probability 61.6%. Action ESCALATE executed."
evt_che_ES_FA_3ef85e,checkout_abandonment,2026-08-24T11:00:00Z,12213.33,cust_checkout_8957,PAYMENT_WINDOW_CLOSED,2,5.0,Summary for cust_checkout_8957,8,2,0.25,checkout_abandonment,0,0.0254,ESCALATE,APPROVED: standard_intervention,ESCALATE,FAILED,0.0,"Evaluated event for customer cust_checkout_8957. Amount ₹12,213.33 with recovery probability 68.4%. Action ESCALATE executed."
evt_che_ES_FA_2d788d,checkout_abandonment,2026-08-24T11:00:00Z,41402.76,cust_checkout_1133,CHECKOUT_SESSION_EXPIRED,2,2.2,Summary for cust_checkout_1133,4,2,0.5,checkout_abandonment,0,0.6212,ESCALATE,APPROVED: standard_intervention,ESCALATE,FAILED,0.0,"Evaluated event for customer cust_checkout_1133. Amount ₹41,402.76 with recovery probability 60.0%. Action ESCALATE executed."
evt_che_ES_FA_816edd,checkout_abandonment,2026-08-24T11:00:00Z,51431.18,cust_checkout_5116,PAYMENT_WINDOW_CLOSED,2,3.0,Summary for cust_checkout_5116,23,3,0.1304,checkout_abandonment,0,0.3566,ESCALATE,APPROVED: standard_intervention,ESCALATE,FAILED,0.0,"Evaluated event for customer cust_checkout_5116. Amount ₹51,431.18 with recovery probability 41.7%. Action ESCALATE executed."
evt_che_ES_FA_242b84,checkout_abandonment,2026-08-24T11:00:00Z,29766.49,cust_checkout_5602,CART_ABANDONED_AT_OTP,2,4.4,Summary for cust_checkout_5602,21,12,0.5714,checkout_abandonment,0,0.0145,ESCALATE,APPROVED: standard_intervention,ESCALATE,FAILED,0.0,"Evaluated event for customer cust_checkout_5602. Amount ₹29,766.49 with recovery probability 50.0%. Action ESCALATE executed."
evt_che_ES_PE_f76d09,checkout_abandonment,2026-08-24T11:00:00Z,40959.26,cust_checkout_1360,CART_ABANDONED_AT_OTP,3,4.8,Summary for cust_checkout_1360,15,11,0.7333,checkout_abandonment,0,0.2348,ESCALATE,APPROVED: standard_intervention,ESCALATE,PENDING,0.0,"Evaluated event for customer cust_checkout_1360. Amount ₹40,959.26 with recovery probability 51.1%. Action ESCALATE executed."
evt_che_ES_PE_02f66b,checkout_abandonment,2026-08-24T11:00:00Z,55157.16,cust_checkout_4382,CHECKOUT_SESSION_EXPIRED,4,0.2,Summary for cust_checkout_4382,15,10,0.6667,checkout_abandonment,0,0.2129,ESCALATE,APPROVED: standard_intervention,ESCALATE,PENDING,0.0,"Evaluated event for customer cust_checkout_4382. Amount ₹55,157.16 with recovery probability 71.8%. Action ESCALATE executed."
evt_che_ES_PE_7d6df8,checkout_abandonment,2026-08-24T11:00:00Z,49361.81,cust_checkout_9110,CHECKOUT_SESSION_EXPIRED,4,6.6,Summary for cust_checkout_9110,4,3,0.75,checkout_abandonment,0,0.1164,ESCALATE,APPROVED: standard_intervention,ESCALATE,PENDING,0.0,"Evaluated event for customer cust_checkout_9110. Amount ₹49,361.81 with recovery probability 40.0%. Action ESCALATE executed."
evt_che_ES_PE_d347c6,checkout_abandonment,2026-08-24T11:00:00Z,21673.31,cust_checkout_5931,CHECKOUT_SESSION_EXPIRED,1,4.3,Summary for cust_checkout_5931,8,5,0.625,checkout_abandonment,0,0.0283,ESCALATE,APPROVED: standard_intervention,ESCALATE,PENDING,0.0,"Evaluated event for customer cust_checkout_5931. Amount ₹21,673.31 with recovery probability 67.0%. Action ESCALATE executed."
evt_che_ES_PE_79489f,checkout_abandonment,2026-08-24T11:00:00Z,42938.09,cust_checkout_2872,CHECKOUT_SESSION_EXPIRED,4,2.5,Summary for cust_checkout_2872,21,2,0.0952,checkout_abandonment,0,0.1376,ESCALATE,APPROVED: standard_intervention,ESCALATE,PENDING,0.0,"Evaluated event for customer cust_checkout_2872. Amount ₹42,938.09 with recovery probability 69.3%. Action ESCALATE executed."
evt_che_ST_NO_3bfb62,checkout_abandonment,2026-08-24T11:00:00Z,59092.84,cust_checkout_3664,PAYMENT_WINDOW_CLOSED,2,2.1,Summary for cust_checkout_3664,25,25,1.0,checkout_abandonment,0,0.1293,STOP,BLOCKED: rule_1_stop_low_probability,STOP,NO_ACTION,0.0,"Evaluated event for customer cust_checkout_3664. Amount ₹59,092.84 with recovery probability 19.4%. Action STOP executed."
evt_che_ST_NO_420684,checkout_abandonment,2026-08-24T11:00:00Z,46555.05,cust_checkout_2959,DROPPED_AFTER_DISCOUNT,4,1.4,Summary for cust_checkout_2959,18,9,0.5,checkout_abandonment,0,0.2275,STOP,BLOCKED: rule_1_stop_low_probability,STOP,NO_ACTION,0.0,"Evaluated event for customer cust_checkout_2959. Amount ₹46,555.05 with recovery probability 11.2%. Action STOP executed."
evt_che_ST_NO_f83668,checkout_abandonment,2026-08-24T11:00:00Z,4968.64,cust_checkout_9276,CHECKOUT_SESSION_EXPIRED,4,6.4,Summary for cust_checkout_9276,19,11,0.5789,checkout_abandonment,0,0.148,STOP,BLOCKED: rule_1_stop_low_probability,STOP,NO_ACTION,0.0,"Evaluated event for customer cust_checkout_9276. Amount ₹4,968.64 with recovery probability 16.5%. Action STOP executed."
evt_che_ST_NO_e12ffe,checkout_abandonment,2026-08-24T11:00:00Z,42633.19,cust_checkout_8857,DROPPED_AFTER_DISCOUNT,2,1.8,Summary for cust_checkout_8857,21,11,0.5238,checkout_abandonment,0,0.4609,STOP,BLOCKED: rule_1_stop_low_probability,STOP,NO_ACTION,0.0,"Evaluated event for customer cust_checkout_8857. Amount ₹42,633.19 with recovery probability 18.2%. Action STOP executed."
evt_che_ST_NO_57caa3,checkout_abandonment,2026-08-24T11:00:00Z,59625.44,cust_checkout_9591,PAYMENT_WINDOW_CLOSED,1,0.3,Summary for cust_checkout_9591,12,9,0.75,checkout_abandonment,0,0.1948,STOP,BLOCKED: rule_1_stop_low_probability,STOP,NO_ACTION,0.0,"Evaluated event for customer cust_checkout_9591. Amount ₹59,625.44 with recovery probability 19.6%. Action STOP executed."
evt_che_ST_NO_3af36d,checkout_abandonment,2026-08-24T11:00:00Z,59056.35,cust_checkout_4388,DROPPED_AFTER_DISCOUNT,2,4.5,Summary for cust_checkout_4388,4,4,1.0,checkout_abandonment,0,0.2745,STOP,BLOCKED: rule_1_stop_low_probability,STOP,NO_ACTION,0.0,"Evaluated event for customer cust_checkout_4388. Amount ₹59,056.35 with recovery probability 12.5%. Action STOP executed."
evt_che_ST_NO_f9766a,checkout_abandonment,2026-08-24T11:00:00Z,40652.02,cust_checkout_4668,PAYMENT_WINDOW_CLOSED,3,1.9,Summary for cust_checkout_4668,15,3,0.2,checkout_abandonment,0,0.3062,STOP,BLOCKED: rule_1_stop_low_probability,STOP,NO_ACTION,0.0,"Evaluated event for customer cust_checkout_4668. Amount ₹40,652.02 with recovery probability 15.8%. Action STOP executed."
evt_che_ST_NO_878714,checkout_abandonment,2026-08-24T11:00:00Z,53266.85,cust_checkout_5310,DROPPED_AFTER_DISCOUNT,2,1.6,Summary for cust_checkout_5310,13,10,0.7692,checkout_abandonment,0,0.8262,STOP,BLOCKED: rule_1_stop_low_probability,STOP,NO_ACTION,0.0,"Evaluated event for customer cust_checkout_5310. Amount ₹53,266.85 with recovery probability 20.2%. Action STOP executed."
evt_che_ST_NO_d53407,checkout_abandonment,2026-08-24T11:00:00Z,8171.56,cust_checkout_9618,DROPPED_AFTER_DISCOUNT,4,5.2,Summary for cust_checkout_9618,19,18,0.9474,checkout_abandonment,0,0.3913,STOP,BLOCKED: rule_1_stop_low_probability,STOP,NO_ACTION,0.0,"Evaluated event for customer cust_checkout_9618. Amount ₹8,171.56 with recovery probability 17.4%. Action STOP executed."
evt_che_ST_NO_a162f1,checkout_abandonment,2026-08-24T11:00:00Z,15636.28,cust_checkout_5164,CART_ABANDONED_AT_OTP,3,2.4,Summary for cust_checkout_5164,19,2,0.1053,checkout_abandonment,0,0.1383,STOP,BLOCKED: rule_1_stop_low_probability,STOP,NO_ACTION,0.0,"Evaluated event for customer cust_checkout_5164. Amount ₹15,636.28 with recovery probability 15.3%. Action STOP executed."
evt_che_ST_NO_7a9ded,checkout_abandonment,2026-08-24T11:00:00Z,51167.03,cust_checkout_5394,DROPPED_AFTER_DISCOUNT,3,1.1,Summary for cust_checkout_5394,11,4,0.3636,checkout_abandonment,0,0.5322,STOP,BLOCKED: rule_1_stop_low_probability,STOP,NO_ACTION,0.0,"Evaluated event for customer cust_checkout_5394. Amount ₹51,167.03 with recovery probability 13.5%. Action STOP executed."
evt_che_ST_NO_029002,checkout_abandonment,2026-08-24T11:00:00Z,28494.26,cust_checkout_9678,CART_ABANDONED_AT_OTP,4,2.6,Summary for cust_checkout_9678,16,11,0.6875,checkout_abandonment,0,0.1775,STOP,BLOCKED: rule_1_stop_low_probability,STOP,NO_ACTION,0.0,"Evaluated event for customer cust_checkout_9678. Amount ₹28,494.26 with recovery probability 21.2%. Action STOP executed."
evt_che_ST_NO_60198d,checkout_abandonment,2026-08-24T11:00:00Z,60462.47,cust_checkout_1851,PAYMENT_WINDOW_CLOSED,1,0.7,Summary for cust_checkout_1851,24,21,0.875,checkout_abandonment,0,0.1731,STOP,BLOCKED: rule_1_stop_low_probability,STOP,NO_ACTION,0.0,"Evaluated event for customer cust_checkout_1851. Amount ₹60,462.47 with recovery probability 16.5%. Action STOP executed."
evt_che_ST_NO_ba82e5,checkout_abandonment,2026-08-24T11:00:00Z,7833.16,cust_checkout_1747,DROPPED_AFTER_DISCOUNT,2,5.8,Summary for cust_checkout_1747,13,12,0.9231,checkout_abandonment,0,0.1173,STOP,BLOCKED: rule_1_stop_low_probability,STOP,NO_ACTION,0.0,"Evaluated event for customer cust_checkout_1747. Amount ₹7,833.16 with recovery probability 21.3%. Action STOP executed."
evt_che_ST_NO_419b4e,checkout_abandonment,2026-08-24T11:00:00Z,60581.68,cust_checkout_5520,CART_ABANDONED_AT_OTP,4,3.8,Summary for cust_checkout_5520,19,6,0.3158,checkout_abandonment,0,0.2717,STOP,BLOCKED: rule_1_stop_low_probability,STOP,NO_ACTION,0.0,"Evaluated event for customer cust_checkout_5520. Amount ₹60,581.68 with recovery probability 21.7%. Action STOP executed."
evt_che_ST_NO_aeb6a3,checkout_abandonment,2026-08-24T11:00:00Z,32854.87,cust_checkout_7061,CART_ABANDONED_AT_OTP,3,3.3,Summary for cust_checkout_7061,5,1,0.2,checkout_abandonment,0,0.0311,STOP,BLOCKED: rule_1_stop_low_probability,STOP,NO_ACTION,0.0,"Evaluated event for customer cust_checkout_7061. Amount ₹32,854.87 with recovery probability 7.3%. Action STOP executed."
evt_che_ST_NO_cf0a07,checkout_abandonment,2026-08-24T11:00:00Z,9268.56,cust_checkout_3225,PAYMENT_WINDOW_CLOSED,2,6.6,Summary for cust_checkout_3225,14,10,0.7143,checkout_abandonment,0,0.0169,STOP,BLOCKED: rule_1_stop_low_probability,STOP,NO_ACTION,0.0,"Evaluated event for customer cust_checkout_3225. Amount ₹9,268.56 with recovery probability 21.7%. Action STOP executed."
evt_che_ST_NO_aa1531,checkout_abandonment,2026-08-24T11:00:00Z,46864.08,cust_checkout_5886,PAYMENT_WINDOW_CLOSED,4,6.1,Summary for cust_checkout_5886,7,5,0.7143,checkout_abandonment,0,0.2307,STOP,BLOCKED: rule_1_stop_low_probability,STOP,NO_ACTION,0.0,"Evaluated event for customer cust_checkout_5886. Amount ₹46,864.08 with recovery probability 7.4%. Action STOP executed."
evt_che_ST_NO_1fbaf8,checkout_abandonment,2026-08-24T11:00:00Z,21138.36,cust_checkout_2897,DROPPED_AFTER_DISCOUNT,1,1.8,Summary for cust_checkout_2897,6,5,0.8333,checkout_abandonment,0,0.2519,STOP,BLOCKED: rule_1_stop_low_probability,STOP,NO_ACTION,0.0,"Evaluated event for customer cust_checkout_2897. Amount ₹21,138.36 with recovery probability 6.0%. Action STOP executed."
evt_che_ST_NO_3133d5,checkout_abandonment,2026-08-24T11:00:00Z,22420.52,cust_checkout_4100,DROPPED_AFTER_DISCOUNT,3,5.3,Summary for cust_checkout_4100,13,9,0.6923,checkout_abandonment,0,0.1556,STOP,BLOCKED: rule_1_stop_low_probability,STOP,NO_ACTION,0.0,"Evaluated event for customer cust_checkout_4100. Amount ₹22,420.52 with recovery probability 11.2%. Action STOP executed."
evt_che_ST_NO_696099,checkout_abandonment,2026-08-24T11:00:00Z,25949.35,cust_checkout_3465,CHECKOUT_SESSION_EXPIRED,1,6.0,Summary for cust_checkout_3465,3,3,1.0,checkout_abandonment,0,0.2495,STOP,BLOCKED: rule_1_stop_low_probability,STOP,NO_ACTION,0.0,"Evaluated event for customer cust_checkout_3465. Amount ₹25,949.35 with recovery probability 20.8%. Action STOP executed."
evt_che_ST_NO_fe87ce,checkout_abandonment,2026-08-24T11:00:00Z,29199.24,cust_checkout_1731,PAYMENT_WINDOW_CLOSED,1,5.3,Summary for cust_checkout_1731,5,3,0.6,checkout_abandonment,0,0.0342,STOP,BLOCKED: rule_1_stop_low_probability,STOP,NO_ACTION,0.0,"Evaluated event for customer cust_checkout_1731. Amount ₹29,199.24 with recovery probability 21.2%. Action STOP executed."
evt_che_ST_NO_2f1a04,checkout_abandonment,2026-08-24T11:00:00Z,42259.17,cust_checkout_4673,DROPPED_AFTER_DISCOUNT,1,1.1,Summary for cust_checkout_4673,15,14,0.9333,checkout_abandonment,0,0.6663,STOP,BLOCKED: rule_1_stop_low_probability,STOP,NO_ACTION,0.0,"Evaluated event for customer cust_checkout_4673. Amount ₹42,259.17 with recovery probability 17.5%. Action STOP executed."
evt_che_ST_NO_44a47d,checkout_abandonment,2026-08-24T11:00:00Z,29321.19,cust_checkout_6028,CHECKOUT_SESSION_EXPIRED,2,4.9,Summary for cust_checkout_6028,4,4,1.0,checkout_abandonment,0,0.1041,STOP,BLOCKED: rule_1_stop_low_probability,STOP,NO_ACTION,0.0,"Evaluated event for customer cust_checkout_6028. Amount ₹29,321.19 with recovery probability 5.4%. Action STOP executed."
evt_che_ST_NO_0b975d,checkout_abandonment,2026-08-24T11:00:00Z,8551.24,cust_checkout_1258,DROPPED_AFTER_DISCOUNT,4,3.5,Summary for cust_checkout_1258,24,3,0.125,checkout_abandonment,0,0.2402,STOP,BLOCKED: rule_1_stop_low_probability,STOP,NO_ACTION,0.0,"Evaluated event for customer cust_checkout_1258. Amount ₹8,551.24 with recovery probability 19.8%. Action STOP executed."
evt_sub_RE_SU_efeddd,subscription_failure,2026-08-24T11:00:00Z,11411.09,cust_sub_4751,AUTO_DEBIT_FAILED,3,2.2,Summary for cust_sub_4751,12,1,0.0833,subscription_dunning,1,0.2277,RETRY,APPROVED: high_value_recovery,RETRY,SUCCESS,11053.94,"Evaluated event for customer cust_sub_4751. Amount ₹11,411.09 with recovery probability 75.6%. Action RETRY executed."
evt_sub_RE_SU_15515e,subscription_failure,2026-08-24T11:00:00Z,11521.63,cust_sub_6791,SAAS_RENEWAL_DECLINED,3,0.2,Summary for cust_sub_6791,7,6,0.8571,subscription_dunning,1,0.4955,RETRY,APPROVED: high_value_recovery,RETRY,SUCCESS,11514.77,"Evaluated event for customer cust_sub_6791. Amount ₹11,521.63 with recovery probability 63.0%. Action RETRY executed."
evt_sub_RE_SU_2dfb6b,subscription_failure,2026-08-24T11:00:00Z,11490.1,cust_sub_5257,SAAS_RENEWAL_DECLINED,3,5.7,Summary for cust_sub_5257,16,5,0.3125,subscription_dunning,1,0.0201,RETRY,APPROVED: high_value_recovery,RETRY,SUCCESS,11287.7,"Evaluated event for customer cust_sub_5257. Amount ₹11,490.10 with recovery probability 82.3%. Action RETRY executed."
evt_sub_RE_SU_ef7e69,subscription_failure,2026-08-24T11:00:00Z,19345.71,cust_sub_4414,CARD_MAX_LIMIT_EXCEEDED,1,6.0,Summary for cust_sub_4414,18,8,0.4444,subscription_dunning,1,0.0273,RETRY,APPROVED: high_value_recovery,RETRY,SUCCESS,19335.74,"Evaluated event for customer cust_sub_4414. Amount ₹19,345.71 with recovery probability 70.7%. Action RETRY executed."
evt_sub_RE_SU_5cad6d,subscription_failure,2026-08-24T11:00:00Z,13279.9,cust_sub_9788,RECURRING_MANDATE_EXPIRED,4,4.3,Summary for cust_sub_9788,12,12,1.0,subscription_dunning,1,0.1362,RETRY,APPROVED: high_value_recovery,RETRY,SUCCESS,13067.98,"Evaluated event for customer cust_sub_9788. Amount ₹13,279.90 with recovery probability 72.7%. Action RETRY executed."
evt_sub_RE_FA_987cc9,subscription_failure,2026-08-24T11:00:00Z,20412.15,cust_sub_5404,SAAS_RENEWAL_DECLINED,1,4.1,Summary for cust_sub_5404,20,5,0.25,subscription_dunning,0,0.2053,RETRY,APPROVED: standard_intervention,RETRY,FAILED,0.0,"Evaluated event for customer cust_sub_5404. Amount ₹20,412.15 with recovery probability 82.6%. Action RETRY executed."
evt_sub_RE_FA_2be26d,subscription_failure,2026-08-24T11:00:00Z,26447.25,cust_sub_4910,CARD_MAX_LIMIT_EXCEEDED,4,6.0,Summary for cust_sub_4910,12,3,0.25,subscription_dunning,0,0.1797,RETRY,APPROVED: standard_intervention,RETRY,FAILED,0.0,"Evaluated event for customer cust_sub_4910. Amount ₹26,447.25 with recovery probability 55.0%. Action RETRY executed."
evt_sub_RE_FA_7f7a0f,subscription_failure,2026-08-24T11:00:00Z,22663.31,cust_sub_7206,SAAS_RENEWAL_DECLINED,3,0.7,Summary for cust_sub_7206,4,3,0.75,subscription_dunning,0,0.2316,RETRY,APPROVED: standard_intervention,RETRY,FAILED,0.0,"Evaluated event for customer cust_sub_7206. Amount ₹22,663.31 with recovery probability 91.4%. Action RETRY executed."
evt_sub_RE_FA_dfc105,subscription_failure,2026-08-24T11:00:00Z,22401.01,cust_sub_4870,SAAS_RENEWAL_DECLINED,1,0.5,Summary for cust_sub_4870,21,17,0.8095,subscription_dunning,0,0.7702,RETRY,APPROVED: standard_intervention,RETRY,FAILED,0.0,"Evaluated event for customer cust_sub_4870. Amount ₹22,401.01 with recovery probability 67.1%. Action RETRY executed."
evt_sub_RE_FA_bcbf8e,subscription_failure,2026-08-24T11:00:00Z,18894.65,cust_sub_7121,AUTO_DEBIT_FAILED,3,4.4,Summary for cust_sub_7121,22,13,0.5909,subscription_dunning,0,0.0107,RETRY,APPROVED: standard_intervention,RETRY,FAILED,0.0,"Evaluated event for customer cust_sub_7121. Amount ₹18,894.65 with recovery probability 77.8%. Action RETRY executed."
evt_sub_RE_PE_676983,subscription_failure,2026-08-24T11:00:00Z,17714.97,cust_sub_4961,SAAS_RENEWAL_DECLINED,3,6.5,Summary for cust_sub_4961,6,1,0.1667,subscription_dunning,0,0.0247,RETRY,APPROVED: standard_intervention,RETRY,PENDING,0.0,"Evaluated event for customer cust_sub_4961. Amount ₹17,714.97 with recovery probability 83.2%. Action RETRY executed."
evt_sub_RE_PE_af9322,subscription_failure,2026-08-24T11:00:00Z,15855.48,cust_sub_6123,CARD_MAX_LIMIT_EXCEEDED,1,4.5,Summary for cust_sub_6123,6,5,0.8333,subscription_dunning,0,0.0273,RETRY,APPROVED: standard_intervention,RETRY,PENDING,0.0,"Evaluated event for customer cust_sub_6123. Amount ₹15,855.48 with recovery probability 76.6%. Action RETRY executed."
evt_sub_RE_PE_22b977,subscription_failure,2026-08-24T11:00:00Z,7972.78,cust_sub_9324,RECURRING_MANDATE_EXPIRED,2,0.2,Summary for cust_sub_9324,20,9,0.45,subscription_dunning,0,0.2455,RETRY,APPROVED: standard_intervention,RETRY,PENDING,0.0,"Evaluated event for customer cust_sub_9324. Amount ₹7,972.78 with recovery probability 66.3%. Action RETRY executed."
evt_sub_RE_PE_c66b74,subscription_failure,2026-08-24T11:00:00Z,29521.92,cust_sub_3061,SAAS_RENEWAL_DECLINED,4,4.4,Summary for cust_sub_3061,21,17,0.8095,subscription_dunning,0,0.1098,RETRY,APPROVED: standard_intervention,RETRY,PENDING,0.0,"Evaluated event for customer cust_sub_3061. Amount ₹29,521.92 with recovery probability 66.6%. Action RETRY executed."
evt_sub_RE_PE_3f503e,subscription_failure,2026-08-24T11:00:00Z,24584.25,cust_sub_1621,RECURRING_MANDATE_EXPIRED,3,4.9,Summary for cust_sub_1621,10,7,0.7,subscription_dunning,0,0.3206,RETRY,APPROVED: standard_intervention,RETRY,PENDING,0.0,"Evaluated event for customer cust_sub_1621. Amount ₹24,584.25 with recovery probability 79.0%. Action RETRY executed."
evt_sub_ST_NO_100880,subscription_failure,2026-08-24T11:00:00Z,4431.73,cust_sub_6195,RECURRING_MANDATE_EXPIRED,4,6.7,Summary for cust_sub_6195,22,20,0.9091,subscription_dunning,0,0.453,STOP,BLOCKED: rule_1_stop_low_probability,STOP,NO_ACTION,0.0,"Evaluated event for customer cust_sub_6195. Amount ₹4,431.73 with recovery probability 15.0%. Action STOP executed."
evt_sub_ST_NO_5d04c9,subscription_failure,2026-08-24T11:00:00Z,18500.76,cust_sub_3596,SAAS_RENEWAL_DECLINED,3,6.1,Summary for cust_sub_3596,23,16,0.6957,subscription_dunning,0,0.0882,STOP,BLOCKED: rule_1_stop_low_probability,STOP,NO_ACTION,0.0,"Evaluated event for customer cust_sub_3596. Amount ₹18,500.76 with recovery probability 18.7%. Action STOP executed."
evt_sub_ST_NO_ac8983,subscription_failure,2026-08-24T11:00:00Z,7899.18,cust_sub_6997,AUTO_DEBIT_FAILED,3,0.6,Summary for cust_sub_6997,21,1,0.0476,subscription_dunning,0,0.0656,STOP,BLOCKED: rule_1_stop_low_probability,STOP,NO_ACTION,0.0,"Evaluated event for customer cust_sub_6997. Amount ₹7,899.18 with recovery probability 20.8%. Action STOP executed."
evt_sub_ST_NO_b42194,subscription_failure,2026-08-24T11:00:00Z,8931.53,cust_sub_7875,AUTO_DEBIT_FAILED,1,6.1,Summary for cust_sub_7875,18,13,0.7222,subscription_dunning,0,0.1754,STOP,BLOCKED: rule_1_stop_low_probability,STOP,NO_ACTION,0.0,"Evaluated event for customer cust_sub_7875. Amount ₹8,931.53 with recovery probability 7.2%. Action STOP executed."
evt_sub_ST_NO_77a064,subscription_failure,2026-08-24T11:00:00Z,15091.86,cust_sub_3258,CARD_MAX_LIMIT_EXCEEDED,2,0.7,Summary for cust_sub_3258,12,5,0.4167,subscription_dunning,0,0.0896,STOP,BLOCKED: rule_1_stop_low_probability,STOP,NO_ACTION,0.0,"Evaluated event for customer cust_sub_3258. Amount ₹15,091.86 with recovery probability 14.2%. Action STOP executed."
evt_sub_PA_SU_6257f1,subscription_failure,2026-08-24T11:00:00Z,8018.63,cust_sub_5143,CARD_MAX_LIMIT_EXCEEDED,2,5.8,Summary for cust_sub_5143,9,1,0.1111,subscription_dunning,1,0.2183,PAYMENT_LINK,APPROVED: high_value_recovery,PAYMENT_LINK,SUCCESS,7586.21,"Evaluated event for customer cust_sub_5143. Amount ₹8,018.63 with recovery probability 67.3%. Action PAYMENT_LINK executed."
evt_sub_PA_SU_d136c0,subscription_failure,2026-08-24T11:00:00Z,23234.38,cust_sub_2269,CARD_MAX_LIMIT_EXCEEDED,1,5.3,Summary for cust_sub_2269,18,16,0.8889,subscription_dunning,1,0.1315,PAYMENT_LINK,APPROVED: high_value_recovery,PAYMENT_LINK,SUCCESS,21858.79,"Evaluated event for customer cust_sub_2269. Amount ₹23,234.38 with recovery probability 87.5%. Action PAYMENT_LINK executed."
evt_sub_PA_SU_69441a,subscription_failure,2026-08-24T11:00:00Z,28686.05,cust_sub_4658,RECURRING_MANDATE_EXPIRED,1,2.1,Summary for cust_sub_4658,23,19,0.8261,subscription_dunning,1,0.5914,PAYMENT_LINK,APPROVED: high_value_recovery,PAYMENT_LINK,SUCCESS,26723.58,"Evaluated event for customer cust_sub_4658. Amount ₹28,686.05 with recovery probability 65.5%. Action PAYMENT_LINK executed."
evt_sub_PA_SU_0692a3,subscription_failure,2026-08-24T11:00:00Z,4573.81,cust_sub_1339,SAAS_RENEWAL_DECLINED,3,3.9,Summary for cust_sub_1339,21,6,0.2857,subscription_dunning,1,0.0348,PAYMENT_LINK,APPROVED: high_value_recovery,PAYMENT_LINK,SUCCESS,4567.16,"Evaluated event for customer cust_sub_1339. Amount ₹4,573.81 with recovery probability 88.7%. Action PAYMENT_LINK executed."
evt_sub_PA_SU_d497bb,subscription_failure,2026-08-24T11:00:00Z,27035.69,cust_sub_9138,RECURRING_MANDATE_EXPIRED,3,2.0,Summary for cust_sub_9138,17,15,0.8824,subscription_dunning,1,0.9176,PAYMENT_LINK,APPROVED: high_value_recovery,PAYMENT_LINK,SUCCESS,26394.18,"Evaluated event for customer cust_sub_9138. Amount ₹27,035.69 with recovery probability 86.0%. Action PAYMENT_LINK executed."
evt_sub_PA_FA_186310,subscription_failure,2026-08-24T11:00:00Z,10239.87,cust_sub_1588,CARD_MAX_LIMIT_EXCEEDED,1,4.9,Summary for cust_sub_1588,22,12,0.5455,subscription_dunning,0,0.0183,PAYMENT_LINK,APPROVED: standard_intervention,PAYMENT_LINK,FAILED,0.0,"Evaluated event for customer cust_sub_1588. Amount ₹10,239.87 with recovery probability 68.1%. Action PAYMENT_LINK executed."
evt_sub_PA_FA_9447f7,subscription_failure,2026-08-24T11:00:00Z,29803.47,cust_sub_3667,SAAS_RENEWAL_DECLINED,2,6.3,Summary for cust_sub_3667,10,5,0.5,subscription_dunning,0,0.2025,PAYMENT_LINK,APPROVED: standard_intervention,PAYMENT_LINK,FAILED,0.0,"Evaluated event for customer cust_sub_3667. Amount ₹29,803.47 with recovery probability 89.9%. Action PAYMENT_LINK executed."
evt_sub_PA_FA_ccb870,subscription_failure,2026-08-24T11:00:00Z,6222.51,cust_sub_6046,AUTO_DEBIT_FAILED,2,5.1,Summary for cust_sub_6046,7,2,0.2857,subscription_dunning,0,0.0824,PAYMENT_LINK,APPROVED: standard_intervention,PAYMENT_LINK,FAILED,0.0,"Evaluated event for customer cust_sub_6046. Amount ₹6,222.51 with recovery probability 85.8%. Action PAYMENT_LINK executed."
evt_sub_PA_FA_b899cf,subscription_failure,2026-08-24T11:00:00Z,19671.99,cust_sub_9544,RECURRING_MANDATE_EXPIRED,4,4.0,Summary for cust_sub_9544,17,8,0.4706,subscription_dunning,0,0.1923,PAYMENT_LINK,APPROVED: standard_intervention,PAYMENT_LINK,FAILED,0.0,"Evaluated event for customer cust_sub_9544. Amount ₹19,671.99 with recovery probability 90.8%. Action PAYMENT_LINK executed."
evt_sub_PA_FA_a192a1,subscription_failure,2026-08-24T11:00:00Z,21872.42,cust_sub_3687,SAAS_RENEWAL_DECLINED,2,1.6,Summary for cust_sub_3687,24,1,0.0417,subscription_dunning,0,0.0224,PAYMENT_LINK,APPROVED: standard_intervention,PAYMENT_LINK,FAILED,0.0,"Evaluated event for customer cust_sub_3687. Amount ₹21,872.42 with recovery probability 76.1%. Action PAYMENT_LINK executed."
evt_sub_PA_PE_1a76ff,subscription_failure,2026-08-24T11:00:00Z,20018.27,cust_sub_8095,AUTO_DEBIT_FAILED,4,1.6,Summary for cust_sub_8095,8,8,1.0,subscription_dunning,0,0.6258,PAYMENT_LINK,APPROVED: standard_intervention,PAYMENT_LINK,PENDING,0.0,"Evaluated event for customer cust_sub_8095. Amount ₹20,018.27 with recovery probability 66.2%. Action PAYMENT_LINK executed."
evt_sub_PA_PE_edff3c,subscription_failure,2026-08-24T11:00:00Z,21738.89,cust_sub_2656,SAAS_RENEWAL_DECLINED,4,3.9,Summary for cust_sub_2656,4,2,0.5,subscription_dunning,0,0.2053,PAYMENT_LINK,APPROVED: standard_intervention,PAYMENT_LINK,PENDING,0.0,"Evaluated event for customer cust_sub_2656. Amount ₹21,738.89 with recovery probability 94.0%. Action PAYMENT_LINK executed."
evt_sub_PA_PE_f7ebbb,subscription_failure,2026-08-24T11:00:00Z,14608.19,cust_sub_3647,CARD_MAX_LIMIT_EXCEEDED,4,4.4,Summary for cust_sub_3647,6,2,0.3333,subscription_dunning,0,0.1012,PAYMENT_LINK,APPROVED: standard_intervention,PAYMENT_LINK,PENDING,0.0,"Evaluated event for customer cust_sub_3647. Amount ₹14,608.19 with recovery probability 89.8%. Action PAYMENT_LINK executed."
evt_sub_PA_PE_4d932e,subscription_failure,2026-08-24T11:00:00Z,18738.29,cust_sub_1646,RECURRING_MANDATE_EXPIRED,1,3.5,Summary for cust_sub_1646,18,14,0.7778,subscription_dunning,0,0.3917,PAYMENT_LINK,APPROVED: standard_intervention,PAYMENT_LINK,PENDING,0.0,"Evaluated event for customer cust_sub_1646. Amount ₹18,738.29 with recovery probability 72.2%. Action PAYMENT_LINK executed."
evt_sub_PA_PE_c8e7f7,subscription_failure,2026-08-24T11:00:00Z,26350.62,cust_sub_4876,RECURRING_MANDATE_EXPIRED,4,2.9,Summary for cust_sub_4876,19,14,0.7368,subscription_dunning,0,0.6083,PAYMENT_LINK,APPROVED: standard_intervention,PAYMENT_LINK,PENDING,0.0,"Evaluated event for customer cust_sub_4876. Amount ₹26,350.62 with recovery probability 91.8%. Action PAYMENT_LINK executed."
evt_sub_ST_NO_4295d8,subscription_failure,2026-08-24T11:00:00Z,8767.15,cust_sub_5523,CARD_MAX_LIMIT_EXCEEDED,2,6.1,Summary for cust_sub_5523,24,20,0.8333,subscription_dunning,0,0.0782,STOP,BLOCKED: rule_1_stop_low_probability,STOP,NO_ACTION,0.0,"Evaluated event for customer cust_sub_5523. Amount ₹8,767.15 with recovery probability 16.5%. Action STOP executed."
evt_sub_ST_NO_c33283,subscription_failure,2026-08-24T11:00:00Z,6966.12,cust_sub_8038,AUTO_DEBIT_FAILED,1,5.9,Summary for cust_sub_8038,23,15,0.6522,subscription_dunning,0,0.0984,STOP,BLOCKED: rule_1_stop_low_probability,STOP,NO_ACTION,0.0,"Evaluated event for customer cust_sub_8038. Amount ₹6,966.12 with recovery probability 20.4%. Action STOP executed."
evt_sub_ST_NO_38b9e1,subscription_failure,2026-08-24T11:00:00Z,16530.46,cust_sub_1016,RECURRING_MANDATE_EXPIRED,3,5.6,Summary for cust_sub_1016,17,1,0.0588,subscription_dunning,0,0.0957,STOP,BLOCKED: rule_1_stop_low_probability,STOP,NO_ACTION,0.0,"Evaluated event for customer cust_sub_1016. Amount ₹16,530.46 with recovery probability 8.3%. Action STOP executed."
evt_sub_ST_NO_9a5ca1,subscription_failure,2026-08-24T11:00:00Z,7176.94,cust_sub_4557,CARD_MAX_LIMIT_EXCEEDED,1,3.5,Summary for cust_sub_4557,12,3,0.25,subscription_dunning,0,0.0547,STOP,BLOCKED: rule_1_stop_low_probability,STOP,NO_ACTION,0.0,"Evaluated event for customer cust_sub_4557. Amount ₹7,176.94 with recovery probability 16.0%. Action STOP executed."
evt_sub_ST_NO_5ebe99,subscription_failure,2026-08-24T11:00:00Z,23359.75,cust_sub_6556,AUTO_DEBIT_FAILED,4,4.4,Summary for cust_sub_6556,13,1,0.0769,subscription_dunning,0,0.2645,STOP,BLOCKED: rule_1_stop_low_probability,STOP,NO_ACTION,0.0,"Evaluated event for customer cust_sub_6556. Amount ₹23,359.75 with recovery probability 11.5%. Action STOP executed."
evt_sub_RE_SU_d21e43,subscription_failure,2026-08-24T11:00:00Z,18350.74,cust_sub_4024,CARD_MAX_LIMIT_EXCEEDED,1,2.0,Summary for cust_sub_4024,4,2,0.5,subscription_dunning,1,0.6275,REMINDER,APPROVED: high_value_recovery,REMINDER,SUCCESS,17676.49,"Evaluated event for customer cust_sub_4024. Amount ₹18,350.74 with recovery probability 73.6%. Action REMINDER executed."
evt_sub_RE_SU_5b6c0d,subscription_failure,2026-08-24T11:00:00Z,27091.37,cust_sub_4804,AUTO_DEBIT_FAILED,4,4.5,Summary for cust_sub_4804,3,2,0.6667,subscription_dunning,1,0.0078,REMINDER,APPROVED: high_value_recovery,REMINDER,SUCCESS,26798.33,"Evaluated event for customer cust_sub_4804. Amount ₹27,091.37 with recovery probability 47.1%. Action REMINDER executed."
evt_sub_RE_SU_44ce97,subscription_failure,2026-08-24T11:00:00Z,25062.61,cust_sub_7985,AUTO_DEBIT_FAILED,3,5.0,Summary for cust_sub_7985,9,1,0.1111,subscription_dunning,1,0.0841,REMINDER,APPROVED: high_value_recovery,REMINDER,SUCCESS,23147.67,"Evaluated event for customer cust_sub_7985. Amount ₹25,062.61 with recovery probability 66.9%. Action REMINDER executed."
evt_sub_RE_SU_d22d0b,subscription_failure,2026-08-24T11:00:00Z,16973.35,cust_sub_4655,CARD_MAX_LIMIT_EXCEEDED,2,1.7,Summary for cust_sub_4655,17,15,0.8824,subscription_dunning,1,0.6073,REMINDER,APPROVED: high_value_recovery,REMINDER,SUCCESS,16777.48,"Evaluated event for customer cust_sub_4655. Amount ₹16,973.35 with recovery probability 48.3%. Action REMINDER executed."
evt_sub_RE_SU_5cd819,subscription_failure,2026-08-24T11:00:00Z,6536.76,cust_sub_7832,RECURRING_MANDATE_EXPIRED,4,5.3,Summary for cust_sub_7832,20,16,0.8,subscription_dunning,1,0.0269,REMINDER,APPROVED: high_value_recovery,REMINDER,SUCCESS,6143.79,"Evaluated event for customer cust_sub_7832. Amount ₹6,536.76 with recovery probability 61.2%. Action REMINDER executed."
evt_sub_RE_FA_0696fe,subscription_failure,2026-08-24T11:00:00Z,13691.27,cust_sub_1850,RECURRING_MANDATE_EXPIRED,1,6.1,Summary for cust_sub_1850,12,12,1.0,subscription_dunning,0,0.4547,REMINDER,APPROVED: standard_intervention,REMINDER,FAILED,0.0,"Evaluated event for customer cust_sub_1850. Amount ₹13,691.27 with recovery probability 75.7%. Action REMINDER executed."
evt_sub_RE_FA_68768f,subscription_failure,2026-08-24T11:00:00Z,9123.21,cust_sub_3241,AUTO_DEBIT_FAILED,3,4.7,Summary for cust_sub_3241,22,15,0.6818,subscription_dunning,0,0.021,REMINDER,APPROVED: standard_intervention,REMINDER,FAILED,0.0,"Evaluated event for customer cust_sub_3241. Amount ₹9,123.21 with recovery probability 59.0%. Action REMINDER executed."
evt_sub_RE_FA_89823d,subscription_failure,2026-08-24T11:00:00Z,26938.88,cust_sub_4871,RECURRING_MANDATE_EXPIRED,2,3.4,Summary for cust_sub_4871,21,10,0.4762,subscription_dunning,0,0.0567,REMINDER,APPROVED: standard_intervention,REMINDER,FAILED,0.0,"Evaluated event for customer cust_sub_4871. Amount ₹26,938.88 with recovery probability 84.2%. Action REMINDER executed."
evt_sub_RE_FA_c5cee0,subscription_failure,2026-08-24T11:00:00Z,13952.51,cust_sub_7400,RECURRING_MANDATE_EXPIRED,1,6.5,Summary for cust_sub_7400,4,4,1.0,subscription_dunning,0,0.5517,REMINDER,APPROVED: standard_intervention,REMINDER,FAILED,0.0,"Evaluated event for customer cust_sub_7400. Amount ₹13,952.51 with recovery probability 43.0%. Action REMINDER executed."
evt_sub_RE_FA_3fd016,subscription_failure,2026-08-24T11:00:00Z,3160.73,cust_sub_8368,AUTO_DEBIT_FAILED,3,3.7,Summary for cust_sub_8368,12,2,0.1667,subscription_dunning,0,0.0995,REMINDER,APPROVED: standard_intervention,REMINDER,FAILED,0.0,"Evaluated event for customer cust_sub_8368. Amount ₹3,160.73 with recovery probability 40.0%. Action REMINDER executed."
evt_sub_RE_PE_0ef715,subscription_failure,2026-08-24T11:00:00Z,3910.07,cust_sub_7522,CARD_MAX_LIMIT_EXCEEDED,3,2.6,Summary for cust_sub_7522,8,3,0.375,subscription_dunning,0,0.0254,REMINDER,APPROVED: standard_intervention,REMINDER,PENDING,0.0,"Evaluated event for customer cust_sub_7522. Amount ₹3,910.07 with recovery probability 76.3%. Action REMINDER executed."
evt_sub_RE_PE_4cae24,subscription_failure,2026-08-24T11:00:00Z,24244.54,cust_sub_7914,CARD_MAX_LIMIT_EXCEEDED,3,1.6,Summary for cust_sub_7914,13,4,0.3077,subscription_dunning,0,0.203,REMINDER,APPROVED: standard_intervention,REMINDER,PENDING,0.0,"Evaluated event for customer cust_sub_7914. Amount ₹24,244.54 with recovery probability 46.9%. Action REMINDER executed."
evt_sub_RE_PE_9c2721,subscription_failure,2026-08-24T11:00:00Z,6202.12,cust_sub_7244,AUTO_DEBIT_FAILED,1,2.9,Summary for cust_sub_7244,3,1,0.3333,subscription_dunning,0,0.0166,REMINDER,APPROVED: standard_intervention,REMINDER,PENDING,0.0,"Evaluated event for customer cust_sub_7244. Amount ₹6,202.12 with recovery probability 41.4%. Action REMINDER executed."
evt_sub_RE_PE_a1543d,subscription_failure,2026-08-24T11:00:00Z,7755.21,cust_sub_1297,AUTO_DEBIT_FAILED,2,3.6,Summary for cust_sub_1297,22,17,0.7727,subscription_dunning,0,0.108,REMINDER,APPROVED: standard_intervention,REMINDER,PENDING,0.0,"Evaluated event for customer cust_sub_1297. Amount ₹7,755.21 with recovery probability 79.0%. Action REMINDER executed."
evt_sub_RE_PE_36f23b,subscription_failure,2026-08-24T11:00:00Z,12366.31,cust_sub_7404,SAAS_RENEWAL_DECLINED,1,5.2,Summary for cust_sub_7404,5,1,0.2,subscription_dunning,0,0.0891,REMINDER,APPROVED: standard_intervention,REMINDER,PENDING,0.0,"Evaluated event for customer cust_sub_7404. Amount ₹12,366.31 with recovery probability 82.5%. Action REMINDER executed."
evt_sub_ST_NO_502693,subscription_failure,2026-08-24T11:00:00Z,7327.19,cust_sub_2160,SAAS_RENEWAL_DECLINED,1,2.2,Summary for cust_sub_2160,16,2,0.125,subscription_dunning,0,0.1112,STOP,BLOCKED: rule_1_stop_low_probability,STOP,NO_ACTION,0.0,"Evaluated event for customer cust_sub_2160. Amount ₹7,327.19 with recovery probability 13.4%. Action STOP executed."
evt_sub_ST_NO_cbefd5,subscription_failure,2026-08-24T11:00:00Z,9276.52,cust_sub_3769,RECURRING_MANDATE_EXPIRED,2,5.0,Summary for cust_sub_3769,5,1,0.2,subscription_dunning,0,0.0657,STOP,BLOCKED: rule_1_stop_low_probability,STOP,NO_ACTION,0.0,"Evaluated event for customer cust_sub_3769. Amount ₹9,276.52 with recovery probability 8.5%. Action STOP executed."
evt_sub_ST_NO_8d1d4d,subscription_failure,2026-08-24T11:00:00Z,5478.15,cust_sub_9090,AUTO_DEBIT_FAILED,2,2.8,Summary for cust_sub_9090,25,2,0.08,subscription_dunning,0,0.1782,STOP,BLOCKED: rule_1_stop_low_probability,STOP,NO_ACTION,0.0,"Evaluated event for customer cust_sub_9090. Amount ₹5,478.15 with recovery probability 7.6%. Action STOP executed."
evt_sub_ST_NO_ea8062,subscription_failure,2026-08-24T11:00:00Z,5090.79,cust_sub_1549,AUTO_DEBIT_FAILED,3,6.3,Summary for cust_sub_1549,12,11,0.9167,subscription_dunning,0,0.3965,STOP,BLOCKED: rule_1_stop_low_probability,STOP,NO_ACTION,0.0,"Evaluated event for customer cust_sub_1549. Amount ₹5,090.79 with recovery probability 17.8%. Action STOP executed."
evt_sub_ST_NO_322a74,subscription_failure,2026-08-24T11:00:00Z,20357.94,cust_sub_7731,CARD_MAX_LIMIT_EXCEEDED,1,0.2,Summary for cust_sub_7731,4,3,0.75,subscription_dunning,0,0.2426,STOP,BLOCKED: rule_1_stop_low_probability,STOP,NO_ACTION,0.0,"Evaluated event for customer cust_sub_7731. Amount ₹20,357.94 with recovery probability 21.3%. Action STOP executed."
evt_sub_ES_SU_83fa0a,subscription_failure,2026-08-24T11:00:00Z,6415.48,cust_sub_2788,AUTO_DEBIT_FAILED,3,5.1,Summary for cust_sub_2788,6,5,0.8333,subscription_dunning,1,0.0211,ESCALATE,APPROVED: high_value_recovery,ESCALATE,SUCCESS,6289.62,"Evaluated event for customer cust_sub_2788. Amount ₹6,415.48 with recovery probability 53.3%. Action ESCALATE executed."
evt_sub_ES_SU_e74484,subscription_failure,2026-08-24T11:00:00Z,16397.22,cust_sub_5530,CARD_MAX_LIMIT_EXCEEDED,1,3.2,Summary for cust_sub_5530,18,9,0.5,subscription_dunning,1,0.0865,ESCALATE,APPROVED: high_value_recovery,ESCALATE,SUCCESS,15579.84,"Evaluated event for customer cust_sub_5530. Amount ₹16,397.22 with recovery probability 44.2%. Action ESCALATE executed."
evt_sub_ES_SU_3fa87c,subscription_failure,2026-08-24T11:00:00Z,5610.31,cust_sub_8416,AUTO_DEBIT_FAILED,3,4.2,Summary for cust_sub_8416,15,4,0.2667,subscription_dunning,1,0.195,ESCALATE,APPROVED: high_value_recovery,ESCALATE,SUCCESS,5236.04,"Evaluated event for customer cust_sub_8416. Amount ₹5,610.31 with recovery probability 69.2%. Action ESCALATE executed."
evt_sub_ES_SU_29728b,subscription_failure,2026-08-24T11:00:00Z,18455.26,cust_sub_1673,RECURRING_MANDATE_EXPIRED,1,1.7,Summary for cust_sub_1673,9,5,0.5556,subscription_dunning,1,0.1215,ESCALATE,APPROVED: high_value_recovery,ESCALATE,SUCCESS,17958.62,"Evaluated event for customer cust_sub_1673. Amount ₹18,455.26 with recovery probability 46.0%. Action ESCALATE executed."
evt_sub_ES_SU_78d6c3,subscription_failure,2026-08-24T11:00:00Z,16308.92,cust_sub_5470,SAAS_RENEWAL_DECLINED,3,4.7,Summary for cust_sub_5470,9,5,0.5556,subscription_dunning,1,0.0607,ESCALATE,APPROVED: high_value_recovery,ESCALATE,SUCCESS,15011.7,"Evaluated event for customer cust_sub_5470. Amount ₹16,308.92 with recovery probability 71.3%. Action ESCALATE executed."
evt_sub_ES_FA_488965,subscription_failure,2026-08-24T11:00:00Z,25046.63,cust_sub_7595,SAAS_RENEWAL_DECLINED,3,2.8,Summary for cust_sub_7595,3,3,1.0,subscription_dunning,0,0.664,ESCALATE,APPROVED: standard_intervention,ESCALATE,FAILED,0.0,"Evaluated event for customer cust_sub_7595. Amount ₹25,046.63 with recovery probability 48.1%. Action ESCALATE executed."
evt_sub_ES_FA_727904,subscription_failure,2026-08-24T11:00:00Z,13985.93,cust_sub_8061,CARD_MAX_LIMIT_EXCEEDED,3,6.2,Summary for cust_sub_8061,9,7,0.7778,subscription_dunning,0,0.5882,ESCALATE,APPROVED: standard_intervention,ESCALATE,FAILED,0.0,"Evaluated event for customer cust_sub_8061. Amount ₹13,985.93 with recovery probability 50.3%. Action ESCALATE executed."
evt_sub_ES_FA_1472ad,subscription_failure,2026-08-24T11:00:00Z,25269.09,cust_sub_2471,SAAS_RENEWAL_DECLINED,2,6.5,Summary for cust_sub_2471,13,2,0.1538,subscription_dunning,0,0.2235,ESCALATE,APPROVED: standard_intervention,ESCALATE,FAILED,0.0,"Evaluated event for customer cust_sub_2471. Amount ₹25,269.09 with recovery probability 50.9%. Action ESCALATE executed."
evt_sub_ES_FA_10010c,subscription_failure,2026-08-24T11:00:00Z,6059.16,cust_sub_7832,SAAS_RENEWAL_DECLINED,4,1.4,Summary for cust_sub_7832,11,3,0.2727,subscription_dunning,0,0.0501,ESCALATE,APPROVED: standard_intervention,ESCALATE,FAILED,0.0,"Evaluated event for customer cust_sub_7832. Amount ₹6,059.16 with recovery probability 60.7%. Action ESCALATE executed."
evt_sub_ES_FA_64772b,subscription_failure,2026-08-24T11:00:00Z,3726.77,cust_sub_1400,AUTO_DEBIT_FAILED,3,3.7,Summary for cust_sub_1400,5,4,0.8,subscription_dunning,0,0.4324,ESCALATE,APPROVED: standard_intervention,ESCALATE,FAILED,0.0,"Evaluated event for customer cust_sub_1400. Amount ₹3,726.77 with recovery probability 58.9%. Action ESCALATE executed."
evt_sub_ES_PE_61046f,subscription_failure,2026-08-24T11:00:00Z,7742.12,cust_sub_9048,AUTO_DEBIT_FAILED,4,2.5,Summary for cust_sub_9048,15,7,0.4667,subscription_dunning,0,0.0507,ESCALATE,APPROVED: standard_intervention,ESCALATE,PENDING,0.0,"Evaluated event for customer cust_sub_9048. Amount ₹7,742.12 with recovery probability 65.3%. Action ESCALATE executed."
evt_sub_ES_PE_6edef5,subscription_failure,2026-08-24T11:00:00Z,16771.58,cust_sub_7194,RECURRING_MANDATE_EXPIRED,3,1.9,Summary for cust_sub_7194,24,12,0.5,subscription_dunning,0,0.2302,ESCALATE,APPROVED: standard_intervention,ESCALATE,PENDING,0.0,"Evaluated event for customer cust_sub_7194. Amount ₹16,771.58 with recovery probability 57.6%. Action ESCALATE executed."
evt_sub_ES_PE_a37986,subscription_failure,2026-08-24T11:00:00Z,7581.86,cust_sub_8565,SAAS_RENEWAL_DECLINED,2,3.5,Summary for cust_sub_8565,19,2,0.1053,subscription_dunning,0,0.3186,ESCALATE,APPROVED: standard_intervention,ESCALATE,PENDING,0.0,"Evaluated event for customer cust_sub_8565. Amount ₹7,581.86 with recovery probability 36.8%. Action ESCALATE executed."
evt_sub_ES_PE_9958ff,subscription_failure,2026-08-24T11:00:00Z,10732.78,cust_sub_1629,RECURRING_MANDATE_EXPIRED,1,0.4,Summary for cust_sub_1629,11,4,0.3636,subscription_dunning,0,0.2792,ESCALATE,APPROVED: standard_intervention,ESCALATE,PENDING,0.0,"Evaluated event for customer cust_sub_1629. Amount ₹10,732.78 with recovery probability 60.3%. Action ESCALATE executed."
evt_sub_ES_PE_44947b,subscription_failure,2026-08-24T11:00:00Z,22113.5,cust_sub_6546,RECURRING_MANDATE_EXPIRED,3,5.0,Summary for cust_sub_6546,22,3,0.1364,subscription_dunning,0,0.0234,ESCALATE,APPROVED: standard_intervention,ESCALATE,PENDING,0.0,"Evaluated event for customer cust_sub_6546. Amount ₹22,113.50 with recovery probability 36.1%. Action ESCALATE executed."
evt_sub_ST_NO_f4b82d,subscription_failure,2026-08-24T11:00:00Z,26316.0,cust_sub_3936,SAAS_RENEWAL_DECLINED,1,6.4,Summary for cust_sub_3936,22,6,0.2727,subscription_dunning,0,0.054,STOP,BLOCKED: rule_1_stop_low_probability,STOP,NO_ACTION,0.0,"Evaluated event for customer cust_sub_3936. Amount ₹26,316.00 with recovery probability 18.7%. Action STOP executed."
evt_sub_ST_NO_edbd73,subscription_failure,2026-08-24T11:00:00Z,5048.89,cust_sub_8258,CARD_MAX_LIMIT_EXCEEDED,1,3.9,Summary for cust_sub_8258,24,23,0.9583,subscription_dunning,0,0.6745,STOP,BLOCKED: rule_1_stop_low_probability,STOP,NO_ACTION,0.0,"Evaluated event for customer cust_sub_8258. Amount ₹5,048.89 with recovery probability 8.5%. Action STOP executed."
evt_sub_ST_NO_014806,subscription_failure,2026-08-24T11:00:00Z,28995.08,cust_sub_1700,SAAS_RENEWAL_DECLINED,1,4.5,Summary for cust_sub_1700,10,6,0.6,subscription_dunning,0,0.0095,STOP,BLOCKED: rule_1_stop_low_probability,STOP,NO_ACTION,0.0,"Evaluated event for customer cust_sub_1700. Amount ₹28,995.08 with recovery probability 16.5%. Action STOP executed."
evt_sub_ST_NO_8b8c99,subscription_failure,2026-08-24T11:00:00Z,6219.92,cust_sub_4554,SAAS_RENEWAL_DECLINED,4,4.3,Summary for cust_sub_4554,25,2,0.08,subscription_dunning,0,0.2814,STOP,BLOCKED: rule_1_stop_low_probability,STOP,NO_ACTION,0.0,"Evaluated event for customer cust_sub_4554. Amount ₹6,219.92 with recovery probability 21.4%. Action STOP executed."
evt_sub_ST_NO_1c776b,subscription_failure,2026-08-24T11:00:00Z,17672.53,cust_sub_3305,SAAS_RENEWAL_DECLINED,3,4.0,Summary for cust_sub_3305,19,13,0.6842,subscription_dunning,0,0.0298,STOP,BLOCKED: rule_1_stop_low_probability,STOP,NO_ACTION,0.0,"Evaluated event for customer cust_sub_3305. Amount ₹17,672.53 with recovery probability 12.1%. Action STOP executed."
evt_sub_ST_NO_23b714,subscription_failure,2026-08-24T11:00:00Z,23190.11,cust_sub_6238,CARD_MAX_LIMIT_EXCEEDED,3,5.0,Summary for cust_sub_6238,16,11,0.6875,subscription_dunning,0,0.0259,STOP,BLOCKED: rule_1_stop_low_probability,STOP,NO_ACTION,0.0,"Evaluated event for customer cust_sub_6238. Amount ₹23,190.11 with recovery probability 18.0%. Action STOP executed."
evt_sub_ST_NO_bedf4a,subscription_failure,2026-08-24T11:00:00Z,6574.11,cust_sub_2607,AUTO_DEBIT_FAILED,2,5.7,Summary for cust_sub_2607,20,12,0.6,subscription_dunning,0,0.0216,STOP,BLOCKED: rule_1_stop_low_probability,STOP,NO_ACTION,0.0,"Evaluated event for customer cust_sub_2607. Amount ₹6,574.11 with recovery probability 13.7%. Action STOP executed."
evt_sub_ST_NO_c404f4,subscription_failure,2026-08-24T11:00:00Z,9752.46,cust_sub_1518,SAAS_RENEWAL_DECLINED,3,5.2,Summary for cust_sub_1518,14,6,0.4286,subscription_dunning,0,0.0523,STOP,BLOCKED: rule_1_stop_low_probability,STOP,NO_ACTION,0.0,"Evaluated event for customer cust_sub_1518. Amount ₹9,752.46 with recovery probability 18.5%. Action STOP executed."
evt_sub_ST_NO_50b998,subscription_failure,2026-08-24T11:00:00Z,4892.22,cust_sub_8498,RECURRING_MANDATE_EXPIRED,2,6.1,Summary for cust_sub_8498,20,12,0.6,subscription_dunning,0,0.0734,STOP,BLOCKED: rule_1_stop_low_probability,STOP,NO_ACTION,0.0,"Evaluated event for customer cust_sub_8498. Amount ₹4,892.22 with recovery probability 20.3%. Action STOP executed."
evt_sub_ST_NO_619650,subscription_failure,2026-08-24T11:00:00Z,18758.07,cust_sub_2181,RECURRING_MANDATE_EXPIRED,3,5.1,Summary for cust_sub_2181,5,1,0.2,subscription_dunning,0,0.0953,STOP,BLOCKED: rule_1_stop_low_probability,STOP,NO_ACTION,0.0,"Evaluated event for customer cust_sub_2181. Amount ₹18,758.07 with recovery probability 11.7%. Action STOP executed."
evt_sub_ST_NO_b2ebcc,subscription_failure,2026-08-24T11:00:00Z,19623.76,cust_sub_5355,AUTO_DEBIT_FAILED,2,4.9,Summary for cust_sub_5355,17,16,0.9412,subscription_dunning,0,0.1653,STOP,BLOCKED: rule_1_stop_low_probability,STOP,NO_ACTION,0.0,"Evaluated event for customer cust_sub_5355. Amount ₹19,623.76 with recovery probability 16.0%. Action STOP executed."
evt_sub_ST_NO_6bdb7e,subscription_failure,2026-08-24T11:00:00Z,16495.1,cust_sub_8628,RECURRING_MANDATE_EXPIRED,1,3.1,Summary for cust_sub_8628,9,5,0.5556,subscription_dunning,0,0.3623,STOP,BLOCKED: rule_1_stop_low_probability,STOP,NO_ACTION,0.0,"Evaluated event for customer cust_sub_8628. Amount ₹16,495.10 with recovery probability 20.3%. Action STOP executed."
evt_sub_ST_NO_e93501,subscription_failure,2026-08-24T11:00:00Z,4001.04,cust_sub_9880,AUTO_DEBIT_FAILED,1,2.7,Summary for cust_sub_9880,8,4,0.5,subscription_dunning,0,0.0572,STOP,BLOCKED: rule_1_stop_low_probability,STOP,NO_ACTION,0.0,"Evaluated event for customer cust_sub_9880. Amount ₹4,001.04 with recovery probability 22.0%. Action STOP executed."
evt_sub_ST_NO_21b551,subscription_failure,2026-08-24T11:00:00Z,4898.33,cust_sub_8837,CARD_MAX_LIMIT_EXCEEDED,1,5.5,Summary for cust_sub_8837,6,1,0.1667,subscription_dunning,0,0.1552,STOP,BLOCKED: rule_1_stop_low_probability,STOP,NO_ACTION,0.0,"Evaluated event for customer cust_sub_8837. Amount ₹4,898.33 with recovery probability 8.7%. Action STOP executed."
evt_sub_ST_NO_80c76d,subscription_failure,2026-08-24T11:00:00Z,16514.93,cust_sub_6387,RECURRING_MANDATE_EXPIRED,2,4.8,Summary for cust_sub_6387,11,9,0.8182,subscription_dunning,0,0.0951,STOP,BLOCKED: rule_1_stop_low_probability,STOP,NO_ACTION,0.0,"Evaluated event for customer cust_sub_6387. Amount ₹16,514.93 with recovery probability 21.6%. Action STOP executed."
evt_sub_ST_NO_5e0ddd,subscription_failure,2026-08-24T11:00:00Z,18071.3,cust_sub_6979,RECURRING_MANDATE_EXPIRED,3,2.8,Summary for cust_sub_6979,21,9,0.4286,subscription_dunning,0,0.0241,STOP,BLOCKED: rule_1_stop_low_probability,STOP,NO_ACTION,0.0,"Evaluated event for customer cust_sub_6979. Amount ₹18,071.30 with recovery probability 17.4%. Action STOP executed."
evt_sub_ST_NO_7e9482,subscription_failure,2026-08-24T11:00:00Z,20967.61,cust_sub_5190,RECURRING_MANDATE_EXPIRED,2,3.9,Summary for cust_sub_5190,22,10,0.4545,subscription_dunning,0,0.1544,STOP,BLOCKED: rule_1_stop_low_probability,STOP,NO_ACTION,0.0,"Evaluated event for customer cust_sub_5190. Amount ₹20,967.61 with recovery probability 12.8%. Action STOP executed."
evt_sub_ST_NO_f0d987,subscription_failure,2026-08-24T11:00:00Z,18340.24,cust_sub_2740,CARD_MAX_LIMIT_EXCEEDED,3,1.5,Summary for cust_sub_2740,23,23,1.0,subscription_dunning,0,0.8081,STOP,BLOCKED: rule_1_stop_low_probability,STOP,NO_ACTION,0.0,"Evaluated event for customer cust_sub_2740. Amount ₹18,340.24 with recovery probability 8.5%. Action STOP executed."
evt_sub_ST_NO_56ccf9,subscription_failure,2026-08-24T11:00:00Z,9217.82,cust_sub_9069,SAAS_RENEWAL_DECLINED,2,6.7,Summary for cust_sub_9069,16,11,0.6875,subscription_dunning,0,0.0826,STOP,BLOCKED: rule_1_stop_low_probability,STOP,NO_ACTION,0.0,"Evaluated event for customer cust_sub_9069. Amount ₹9,217.82 with recovery probability 12.1%. Action STOP executed."
evt_sub_ST_NO_d82915,subscription_failure,2026-08-24T11:00:00Z,16028.48,cust_sub_3974,AUTO_DEBIT_FAILED,3,0.2,Summary for cust_sub_3974,18,12,0.6667,subscription_dunning,0,0.1429,STOP,BLOCKED: rule_1_stop_low_probability,STOP,NO_ACTION,0.0,"Evaluated event for customer cust_sub_3974. Amount ₹16,028.48 with recovery probability 6.7%. Action STOP executed."
evt_sub_ST_NO_23fe36,subscription_failure,2026-08-24T11:00:00Z,18594.57,cust_sub_5029,AUTO_DEBIT_FAILED,4,5.7,Summary for cust_sub_5029,14,13,0.9286,subscription_dunning,0,0.1307,STOP,BLOCKED: rule_1_stop_low_probability,STOP,NO_ACTION,0.0,"Evaluated event for customer cust_sub_5029. Amount ₹18,594.57 with recovery probability 14.6%. Action STOP executed."
evt_sub_ST_NO_a2e523,subscription_failure,2026-08-24T11:00:00Z,27378.04,cust_sub_7194,CARD_MAX_LIMIT_EXCEEDED,4,4.2,Summary for cust_sub_7194,24,7,0.2917,subscription_dunning,0,0.1106,STOP,BLOCKED: rule_1_stop_low_probability,STOP,NO_ACTION,0.0,"Evaluated event for customer cust_sub_7194. Amount ₹27,378.04 with recovery probability 17.2%. Action STOP executed."
evt_sub_ST_NO_ee62e4,subscription_failure,2026-08-24T11:00:00Z,21123.34,cust_sub_1142,CARD_MAX_LIMIT_EXCEEDED,3,6.0,Summary for cust_sub_1142,15,2,0.1333,subscription_dunning,0,0.1612,STOP,BLOCKED: rule_1_stop_low_probability,STOP,NO_ACTION,0.0,"Evaluated event for customer cust_sub_1142. Amount ₹21,123.34 with recovery probability 16.8%. Action STOP executed."
evt_sub_ST_NO_1bebad,subscription_failure,2026-08-24T11:00:00Z,5287.0,cust_sub_2922,AUTO_DEBIT_FAILED,3,1.3,Summary for cust_sub_2922,17,14,0.8235,subscription_dunning,0,0.979,STOP,BLOCKED: rule_1_stop_low_probability,STOP,NO_ACTION,0.0,"Evaluated event for customer cust_sub_2922. Amount ₹5,287.00 with recovery probability 9.2%. Action STOP executed."
evt_sub_ST_NO_759563,subscription_failure,2026-08-24T11:00:00Z,11919.26,cust_sub_3737,CARD_MAX_LIMIT_EXCEEDED,2,4.1,Summary for cust_sub_3737,13,8,0.6154,subscription_dunning,0,0.0927,STOP,BLOCKED: rule_1_stop_low_probability,STOP,NO_ACTION,0.0,"Evaluated event for customer cust_sub_3737. Amount ₹11,919.26 with recovery probability 8.4%. Action STOP executed."
evt_ove_RE_SU_a60c9b,overdue_invoice,2026-08-24T11:00:00Z,567001.31,acct_enterprise_6015,NET30_WINDOW_EXPIRED,1,5.9,Summary for acct_enterprise_6015,19,3,0.1579,overdue_receivables,1,0.0526,RETRY,APPROVED: high_value_recovery,RETRY,SUCCESS,546110.79,"Evaluated event for customer acct_enterprise_6015. Amount ₹567,001.31 with recovery probability 70.4%. Action RETRY executed."
evt_ove_RE_SU_879f12,overdue_invoice,2026-08-24T11:00:00Z,941508.45,acct_enterprise_3832,ENTERPRISE_APPROVAL_DELAY,1,0.7,Summary for acct_enterprise_3832,4,2,0.5,overdue_receivables,1,0.2243,RETRY,APPROVED: high_value_recovery,RETRY,SUCCESS,933679.6,"Evaluated event for customer acct_enterprise_3832. Amount ₹941,508.45 with recovery probability 58.0%. Action RETRY executed."
evt_ove_RE_SU_72aa5f,overdue_invoice,2026-08-24T11:00:00Z,1162697.43,acct_enterprise_5660,INVOICE_31_DAYS_OVERDUE,3,4.7,Summary for acct_enterprise_5660,18,18,1.0,overdue_receivables,1,0.2683,RETRY,APPROVED: high_value_recovery,RETRY,SUCCESS,1083970.47,"Evaluated event for customer acct_enterprise_5660. Amount ₹1,162,697.43 with recovery probability 57.2%. Action RETRY executed."
evt_ove_RE_SU_a3bd9b,overdue_invoice,2026-08-24T11:00:00Z,679050.16,acct_enterprise_8877,PAYMENT_TERMS_EXCEEDED,2,0.9,Summary for acct_enterprise_8877,18,14,0.7778,overdue_receivables,1,0.1336,RETRY,APPROVED: high_value_recovery,RETRY,SUCCESS,639902.85,"Evaluated event for customer acct_enterprise_8877. Amount ₹679,050.16 with recovery probability 69.6%. Action RETRY executed."
evt_ove_RE_SU_34eab5,overdue_invoice,2026-08-24T11:00:00Z,847276.2,acct_enterprise_9525,ENTERPRISE_APPROVAL_DELAY,2,4.6,Summary for acct_enterprise_9525,19,16,0.8421,overdue_receivables,1,0.1158,RETRY,APPROVED: high_value_recovery,RETRY,SUCCESS,799595.55,"Evaluated event for customer acct_enterprise_9525. Amount ₹847,276.20 with recovery probability 79.9%. Action RETRY executed."
evt_ove_RE_FA_9a75f1,overdue_invoice,2026-08-24T11:00:00Z,140508.0,acct_enterprise_3057,NET30_WINDOW_EXPIRED,2,2.7,Summary for acct_enterprise_3057,17,1,0.0588,overdue_receivables,0,0.0421,RETRY,APPROVED: standard_intervention,RETRY,FAILED,0.0,"Evaluated event for customer acct_enterprise_3057. Amount ₹140,508.00 with recovery probability 60.5%. Action RETRY executed."
evt_ove_RE_FA_c06d19,overdue_invoice,2026-08-24T11:00:00Z,246840.72,acct_enterprise_5170,PAYMENT_TERMS_EXCEEDED,3,1.5,Summary for acct_enterprise_5170,8,4,0.5,overdue_receivables,0,0.2765,RETRY,APPROVED: standard_intervention,RETRY,FAILED,0.0,"Evaluated event for customer acct_enterprise_5170. Amount ₹246,840.72 with recovery probability 84.8%. Action RETRY executed."
evt_ove_RE_FA_104637,overdue_invoice,2026-08-24T11:00:00Z,505018.48,acct_enterprise_5003,PAYMENT_TERMS_EXCEEDED,2,4.4,Summary for acct_enterprise_5003,25,3,0.12,overdue_receivables,0,0.0263,RETRY,APPROVED: standard_intervention,RETRY,FAILED,0.0,"Evaluated event for customer acct_enterprise_5003. Amount ₹505,018.48 with recovery probability 87.1%. Action RETRY executed."
evt_ove_RE_FA_7714f5,overdue_invoice,2026-08-24T11:00:00Z,1133486.45,acct_enterprise_1522,INVOICE_31_DAYS_OVERDUE,2,6.7,Summary for acct_enterprise_1522,25,13,0.52,overdue_receivables,0,0.3182,RETRY,APPROVED: standard_intervention,RETRY,FAILED,0.0,"Evaluated event for customer acct_enterprise_1522. Amount ₹1,133,486.45 with recovery probability 55.4%. Action RETRY executed."
evt_ove_RE_FA_1a824e,overdue_invoice,2026-08-24T11:00:00Z,343413.46,acct_enterprise_1104,ENTERPRISE_APPROVAL_DELAY,2,4.9,Summary for acct_enterprise_1104,21,1,0.0476,overdue_receivables,0,0.0033,RETRY,APPROVED: standard_intervention,RETRY,FAILED,0.0,"Evaluated event for customer acct_enterprise_1104. Amount ₹343,413.46 with recovery probability 74.9%. Action RETRY executed."
evt_ove_RE_PE_604681,overdue_invoice,2026-08-24T11:00:00Z,857671.95,acct_enterprise_1756,PAYMENT_TERMS_EXCEEDED,3,1.7,Summary for acct_enterprise_1756,22,11,0.5,overdue_receivables,0,0.5374,RETRY,APPROVED: standard_intervention,RETRY,PENDING,0.0,"Evaluated event for customer acct_enterprise_1756. Amount ₹857,671.95 with recovery probability 84.8%. Action RETRY executed."
evt_ove_RE_PE_25fe0c,overdue_invoice,2026-08-24T11:00:00Z,498274.21,acct_enterprise_6738,INVOICE_31_DAYS_OVERDUE,2,1.0,Summary for acct_enterprise_6738,9,3,0.3333,overdue_receivables,0,0.1027,RETRY,APPROVED: standard_intervention,RETRY,PENDING,0.0,"Evaluated event for customer acct_enterprise_6738. Amount ₹498,274.21 with recovery probability 91.7%. Action RETRY executed."
evt_ove_RE_PE_ffaf6e,overdue_invoice,2026-08-24T11:00:00Z,479904.48,acct_enterprise_5742,PAYMENT_TERMS_EXCEEDED,4,6.4,Summary for acct_enterprise_5742,5,3,0.6,overdue_receivables,0,0.126,RETRY,APPROVED: standard_intervention,RETRY,PENDING,0.0,"Evaluated event for customer acct_enterprise_5742. Amount ₹479,904.48 with recovery probability 75.9%. Action RETRY executed."
evt_ove_RE_PE_02580e,overdue_invoice,2026-08-24T11:00:00Z,534476.15,acct_enterprise_8913,PAYMENT_TERMS_EXCEEDED,3,2.1,Summary for acct_enterprise_8913,12,1,0.0833,overdue_receivables,0,0.2637,RETRY,APPROVED: standard_intervention,RETRY,PENDING,0.0,"Evaluated event for customer acct_enterprise_8913. Amount ₹534,476.15 with recovery probability 84.4%. Action RETRY executed."
evt_ove_RE_PE_513d40,overdue_invoice,2026-08-24T11:00:00Z,835791.21,acct_enterprise_5758,PAYMENT_TERMS_EXCEEDED,2,3.6,Summary for acct_enterprise_5758,19,7,0.3684,overdue_receivables,0,0.0523,RETRY,APPROVED: standard_intervention,RETRY,PENDING,0.0,"Evaluated event for customer acct_enterprise_5758. Amount ₹835,791.21 with recovery probability 75.3%. Action RETRY executed."
evt_ove_ST_NO_6e17e5,overdue_invoice,2026-08-24T11:00:00Z,257430.02,acct_enterprise_8005,NET30_WINDOW_EXPIRED,2,6.0,Summary for acct_enterprise_8005,19,4,0.2105,overdue_receivables,0,0.1294,STOP,BLOCKED: rule_1_stop_low_probability,STOP,NO_ACTION,0.0,"Evaluated event for customer acct_enterprise_8005. Amount ₹257,430.02 with recovery probability 6.4%. Action STOP executed."
evt_ove_ST_NO_3ba46d,overdue_invoice,2026-08-24T11:00:00Z,553115.21,acct_enterprise_5387,PAYMENT_TERMS_EXCEEDED,3,4.9,Summary for acct_enterprise_5387,3,1,0.3333,overdue_receivables,0,0.0152,STOP,BLOCKED: rule_1_stop_low_probability,STOP,NO_ACTION,0.0,"Evaluated event for customer acct_enterprise_5387. Amount ₹553,115.21 with recovery probability 11.1%. Action STOP executed."
evt_ove_ST_NO_b9b23f,overdue_invoice,2026-08-24T11:00:00Z,996847.5,acct_enterprise_4794,PAYMENT_TERMS_EXCEEDED,4,6.1,Summary for acct_enterprise_4794,21,20,0.9524,overdue_receivables,0,0.0771,STOP,BLOCKED: rule_1_stop_low_probability,STOP,NO_ACTION,0.0,"Evaluated event for customer acct_enterprise_4794. Amount ₹996,847.50 with recovery probability 12.9%. Action STOP executed."
evt_ove_ST_NO_bd834d,overdue_invoice,2026-08-24T11:00:00Z,1008491.27,acct_enterprise_6952,PAYMENT_TERMS_EXCEEDED,3,6.5,Summary for acct_enterprise_6952,12,6,0.5,overdue_receivables,0,0.2646,STOP,BLOCKED: rule_1_stop_low_probability,STOP,NO_ACTION,0.0,"Evaluated event for customer acct_enterprise_6952. Amount ₹1,008,491.27 with recovery probability 17.1%. Action STOP executed."
evt_ove_ST_NO_44fdd1,overdue_invoice,2026-08-24T11:00:00Z,1027114.47,acct_enterprise_1404,ENTERPRISE_APPROVAL_DELAY,3,3.8,Summary for acct_enterprise_1404,11,1,0.0909,overdue_receivables,0,0.6749,STOP,BLOCKED: rule_1_stop_low_probability,STOP,NO_ACTION,0.0,"Evaluated event for customer acct_enterprise_1404. Amount ₹1,027,114.47 with recovery probability 5.5%. Action STOP executed."
evt_ove_PA_SU_08d150,overdue_invoice,2026-08-24T11:00:00Z,781014.69,acct_enterprise_7919,NET30_WINDOW_EXPIRED,4,0.9,Summary for acct_enterprise_7919,10,1,0.1,overdue_receivables,1,0.0645,PAYMENT_LINK,APPROVED: high_value_recovery,PAYMENT_LINK,SUCCESS,736873.18,"Evaluated event for customer acct_enterprise_7919. Amount ₹781,014.69 with recovery probability 89.8%. Action PAYMENT_LINK executed."
evt_ove_PA_SU_5ef08c,overdue_invoice,2026-08-24T11:00:00Z,1062767.74,acct_enterprise_1574,INVOICE_31_DAYS_OVERDUE,4,3.5,Summary for acct_enterprise_1574,7,1,0.1429,overdue_receivables,1,0.0469,PAYMENT_LINK,APPROVED: high_value_recovery,PAYMENT_LINK,SUCCESS,1048639.64,"Evaluated event for customer acct_enterprise_1574. Amount ₹1,062,767.74 with recovery probability 87.6%. Action PAYMENT_LINK executed."
evt_ove_PA_SU_572ff3,overdue_invoice,2026-08-24T11:00:00Z,1076472.98,acct_enterprise_2962,NET30_WINDOW_EXPIRED,2,3.9,Summary for acct_enterprise_2962,21,1,0.0476,overdue_receivables,1,0.0773,PAYMENT_LINK,APPROVED: high_value_recovery,PAYMENT_LINK,SUCCESS,1016852.43,"Evaluated event for customer acct_enterprise_2962. Amount ₹1,076,472.98 with recovery probability 77.9%. Action PAYMENT_LINK executed."
evt_ove_PA_SU_c39a1a,overdue_invoice,2026-08-24T11:00:00Z,775196.33,acct_enterprise_5472,PAYMENT_TERMS_EXCEEDED,1,5.4,Summary for acct_enterprise_5472,19,4,0.2105,overdue_receivables,1,0.0081,PAYMENT_LINK,APPROVED: high_value_recovery,PAYMENT_LINK,SUCCESS,753796.47,"Evaluated event for customer acct_enterprise_5472. Amount ₹775,196.33 with recovery probability 69.1%. Action PAYMENT_LINK executed."
evt_ove_PA_SU_6feb27,overdue_invoice,2026-08-24T11:00:00Z,864850.41,acct_enterprise_1735,ENTERPRISE_APPROVAL_DELAY,3,1.5,Summary for acct_enterprise_1735,3,2,0.6667,overdue_receivables,1,0.0676,PAYMENT_LINK,APPROVED: high_value_recovery,PAYMENT_LINK,SUCCESS,853493.13,"Evaluated event for customer acct_enterprise_1735. Amount ₹864,850.41 with recovery probability 77.9%. Action PAYMENT_LINK executed."
evt_ove_PA_FA_f6eb1f,overdue_invoice,2026-08-24T11:00:00Z,146888.17,acct_enterprise_7302,NET30_WINDOW_EXPIRED,2,2.6,Summary for acct_enterprise_7302,18,1,0.0556,overdue_receivables,0,0.0064,PAYMENT_LINK,APPROVED: standard_intervention,PAYMENT_LINK,FAILED,0.0,"Evaluated event for customer acct_enterprise_7302. Amount ₹146,888.17 with recovery probability 72.8%. Action PAYMENT_LINK executed."
evt_ove_PA_FA_1a6dd5,overdue_invoice,2026-08-24T11:00:00Z,1165730.24,acct_enterprise_1590,ENTERPRISE_APPROVAL_DELAY,3,1.0,Summary for acct_enterprise_1590,15,4,0.2667,overdue_receivables,0,0.117,PAYMENT_LINK,APPROVED: standard_intervention,PAYMENT_LINK,FAILED,0.0,"Evaluated event for customer acct_enterprise_1590. Amount ₹1,165,730.24 with recovery probability 68.0%. Action PAYMENT_LINK executed."
evt_ove_PA_FA_532513,overdue_invoice,2026-08-24T11:00:00Z,649850.94,acct_enterprise_6911,NET30_WINDOW_EXPIRED,2,5.6,Summary for acct_enterprise_6911,25,12,0.48,overdue_receivables,0,0.0483,PAYMENT_LINK,APPROVED: standard_intervention,PAYMENT_LINK,FAILED,0.0,"Evaluated event for customer acct_enterprise_6911. Amount ₹649,850.94 with recovery probability 79.7%. Action PAYMENT_LINK executed."
evt_ove_PA_FA_1bc4de,overdue_invoice,2026-08-24T11:00:00Z,963051.42,acct_enterprise_4853,NET30_WINDOW_EXPIRED,3,5.6,Summary for acct_enterprise_4853,17,3,0.1765,overdue_receivables,0,0.1813,PAYMENT_LINK,APPROVED: standard_intervention,PAYMENT_LINK,FAILED,0.0,"Evaluated event for customer acct_enterprise_4853. Amount ₹963,051.42 with recovery probability 90.2%. Action PAYMENT_LINK executed."
evt_ove_PA_FA_dc8d7f,overdue_invoice,2026-08-24T11:00:00Z,1150845.59,acct_enterprise_1147,PAYMENT_TERMS_EXCEEDED,3,3.2,Summary for acct_enterprise_1147,8,3,0.375,overdue_receivables,0,0.1094,PAYMENT_LINK,APPROVED: standard_intervention,PAYMENT_LINK,FAILED,0.0,"Evaluated event for customer acct_enterprise_1147. Amount ₹1,150,845.59 with recovery probability 90.8%. Action PAYMENT_LINK executed."
evt_ove_PA_PE_3492d4,overdue_invoice,2026-08-24T11:00:00Z,807927.35,acct_enterprise_5558,NET30_WINDOW_EXPIRED,1,1.8,Summary for acct_enterprise_5558,19,14,0.7368,overdue_receivables,0,0.3214,PAYMENT_LINK,APPROVED: standard_intervention,PAYMENT_LINK,PENDING,0.0,"Evaluated event for customer acct_enterprise_5558. Amount ₹807,927.35 with recovery probability 77.2%. Action PAYMENT_LINK executed."
evt_ove_PA_PE_382cd1,overdue_invoice,2026-08-24T11:00:00Z,746337.96,acct_enterprise_6764,PAYMENT_TERMS_EXCEEDED,3,5.2,Summary for acct_enterprise_6764,5,4,0.8,overdue_receivables,0,0.7552,PAYMENT_LINK,APPROVED: standard_intervention,PAYMENT_LINK,PENDING,0.0,"Evaluated event for customer acct_enterprise_6764. Amount ₹746,337.96 with recovery probability 66.4%. Action PAYMENT_LINK executed."
evt_ove_PA_PE_368f80,overdue_invoice,2026-08-24T11:00:00Z,1081985.97,acct_enterprise_8712,ENTERPRISE_APPROVAL_DELAY,4,2.0,Summary for acct_enterprise_8712,3,1,0.3333,overdue_receivables,0,0.1963,PAYMENT_LINK,APPROVED: standard_intervention,PAYMENT_LINK,PENDING,0.0,"Evaluated event for customer acct_enterprise_8712. Amount ₹1,081,985.97 with recovery probability 84.2%. Action PAYMENT_LINK executed."
evt_ove_PA_PE_a528c6,overdue_invoice,2026-08-24T11:00:00Z,1076263.17,acct_enterprise_9681,NET30_WINDOW_EXPIRED,3,1.7,Summary for acct_enterprise_9681,11,8,0.7273,overdue_receivables,0,0.3223,PAYMENT_LINK,APPROVED: standard_intervention,PAYMENT_LINK,PENDING,0.0,"Evaluated event for customer acct_enterprise_9681. Amount ₹1,076,263.17 with recovery probability 92.3%. Action PAYMENT_LINK executed."
evt_ove_PA_PE_c3b54d,overdue_invoice,2026-08-24T11:00:00Z,319310.2,acct_enterprise_6821,ENTERPRISE_APPROVAL_DELAY,1,0.6,Summary for acct_enterprise_6821,18,18,1.0,overdue_receivables,0,0.5244,PAYMENT_LINK,APPROVED: standard_intervention,PAYMENT_LINK,PENDING,0.0,"Evaluated event for customer acct_enterprise_6821. Amount ₹319,310.20 with recovery probability 87.8%. Action PAYMENT_LINK executed."
evt_ove_ST_NO_157f3a,overdue_invoice,2026-08-24T11:00:00Z,918702.95,acct_enterprise_3579,INVOICE_31_DAYS_OVERDUE,2,6.5,Summary for acct_enterprise_3579,21,18,0.8571,overdue_receivables,0,0.2929,STOP,BLOCKED: rule_1_stop_low_probability,STOP,NO_ACTION,0.0,"Evaluated event for customer acct_enterprise_3579. Amount ₹918,702.95 with recovery probability 19.1%. Action STOP executed."
evt_ove_ST_NO_90d683,overdue_invoice,2026-08-24T11:00:00Z,1145354.36,acct_enterprise_8687,ENTERPRISE_APPROVAL_DELAY,4,5.4,Summary for acct_enterprise_8687,12,6,0.5,overdue_receivables,0,0.2569,STOP,BLOCKED: rule_1_stop_low_probability,STOP,NO_ACTION,0.0,"Evaluated event for customer acct_enterprise_8687. Amount ₹1,145,354.36 with recovery probability 10.6%. Action STOP executed."
evt_ove_ST_NO_9073eb,overdue_invoice,2026-08-24T11:00:00Z,491089.18,acct_enterprise_5514,INVOICE_31_DAYS_OVERDUE,2,5.5,Summary for acct_enterprise_5514,16,15,0.9375,overdue_receivables,0,0.1753,STOP,BLOCKED: rule_1_stop_low_probability,STOP,NO_ACTION,0.0,"Evaluated event for customer acct_enterprise_5514. Amount ₹491,089.18 with recovery probability 6.5%. Action STOP executed."
evt_ove_ST_NO_eb1204,overdue_invoice,2026-08-24T11:00:00Z,642532.61,acct_enterprise_4104,PAYMENT_TERMS_EXCEEDED,1,6.1,Summary for acct_enterprise_4104,14,4,0.2857,overdue_receivables,0,0.1865,STOP,BLOCKED: rule_1_stop_low_probability,STOP,NO_ACTION,0.0,"Evaluated event for customer acct_enterprise_4104. Amount ₹642,532.61 with recovery probability 19.0%. Action STOP executed."
evt_ove_ST_NO_4c2428,overdue_invoice,2026-08-24T11:00:00Z,673448.87,acct_enterprise_2073,PAYMENT_TERMS_EXCEEDED,4,1.6,Summary for acct_enterprise_2073,10,8,0.8,overdue_receivables,0,0.2622,STOP,BLOCKED: rule_1_stop_low_probability,STOP,NO_ACTION,0.0,"Evaluated event for customer acct_enterprise_2073. Amount ₹673,448.87 with recovery probability 14.1%. Action STOP executed."
evt_ove_RE_SU_83ab51,overdue_invoice,2026-08-24T11:00:00Z,942002.32,acct_enterprise_2769,INVOICE_31_DAYS_OVERDUE,1,2.4,Summary for acct_enterprise_2769,18,16,0.8889,overdue_receivables,1,0.472,REMINDER,APPROVED: high_value_recovery,REMINDER,SUCCESS,938252.8,"Evaluated event for customer acct_enterprise_2769. Amount ₹942,002.32 with recovery probability 81.9%. Action REMINDER executed."
evt_ove_RE_SU_865a43,overdue_invoice,2026-08-24T11:00:00Z,1048955.02,acct_enterprise_5692,ENTERPRISE_APPROVAL_DELAY,1,6.7,Summary for acct_enterprise_5692,13,10,0.7692,overdue_receivables,1,0.1007,REMINDER,APPROVED: high_value_recovery,REMINDER,SUCCESS,977425.85,"Evaluated event for customer acct_enterprise_5692. Amount ₹1,048,955.02 with recovery probability 55.0%. Action REMINDER executed."
evt_ove_RE_SU_b75438,overdue_invoice,2026-08-24T11:00:00Z,1137662.64,acct_enterprise_2422,NET30_WINDOW_EXPIRED,3,5.5,Summary for acct_enterprise_2422,14,14,1.0,overdue_receivables,1,0.2387,REMINDER,APPROVED: high_value_recovery,REMINDER,SUCCESS,1089847.04,"Evaluated event for customer acct_enterprise_2422. Amount ₹1,137,662.64 with recovery probability 63.6%. Action REMINDER executed."
evt_ove_RE_SU_7bdf10,overdue_invoice,2026-08-24T11:00:00Z,566606.52,acct_enterprise_2952,ENTERPRISE_APPROVAL_DELAY,2,6.7,Summary for acct_enterprise_2952,11,9,0.8182,overdue_receivables,1,0.0439,REMINDER,APPROVED: high_value_recovery,REMINDER,SUCCESS,538760.7,"Evaluated event for customer acct_enterprise_2952. Amount ₹566,606.52 with recovery probability 50.0%. Action REMINDER executed."
evt_ove_RE_SU_8a9b7d,overdue_invoice,2026-08-24T11:00:00Z,209104.64,acct_enterprise_1501,ENTERPRISE_APPROVAL_DELAY,1,6.9,Summary for acct_enterprise_1501,22,9,0.4091,overdue_receivables,1,0.1131,REMINDER,APPROVED: high_value_recovery,REMINDER,SUCCESS,196103.36,"Evaluated event for customer acct_enterprise_1501. Amount ₹209,104.64 with recovery probability 44.6%. Action REMINDER executed."
evt_ove_RE_FA_fcb2a5,overdue_invoice,2026-08-24T11:00:00Z,232598.78,acct_enterprise_8640,INVOICE_31_DAYS_OVERDUE,1,0.1,Summary for acct_enterprise_8640,11,6,0.5455,overdue_receivables,0,0.0815,REMINDER,APPROVED: standard_intervention,REMINDER,FAILED,0.0,"Evaluated event for customer acct_enterprise_8640. Amount ₹232,598.78 with recovery probability 50.2%. Action REMINDER executed."
evt_ove_RE_FA_8237fe,overdue_invoice,2026-08-24T11:00:00Z,388888.17,acct_enterprise_1458,ENTERPRISE_APPROVAL_DELAY,4,1.1,Summary for acct_enterprise_1458,11,9,0.8182,overdue_receivables,0,0.1081,REMINDER,APPROVED: standard_intervention,REMINDER,FAILED,0.0,"Evaluated event for customer acct_enterprise_1458. Amount ₹388,888.17 with recovery probability 75.8%. Action REMINDER executed."
evt_ove_RE_FA_1ac5a9,overdue_invoice,2026-08-24T11:00:00Z,445987.86,acct_enterprise_4533,PAYMENT_TERMS_EXCEEDED,4,5.0,Summary for acct_enterprise_4533,15,7,0.4667,overdue_receivables,0,0.0839,REMINDER,APPROVED: standard_intervention,REMINDER,FAILED,0.0,"Evaluated event for customer acct_enterprise_4533. Amount ₹445,987.86 with recovery probability 57.0%. Action REMINDER executed."
evt_ove_RE_FA_9efd3c,overdue_invoice,2026-08-24T11:00:00Z,652222.7,acct_enterprise_8014,NET30_WINDOW_EXPIRED,1,3.7,Summary for acct_enterprise_8014,11,3,0.2727,overdue_receivables,0,0.2601,REMINDER,APPROVED: standard_intervention,REMINDER,FAILED,0.0,"Evaluated event for customer acct_enterprise_8014. Amount ₹652,222.70 with recovery probability 41.1%. Action REMINDER executed."
evt_ove_RE_FA_09cbf5,overdue_invoice,2026-08-24T11:00:00Z,353982.09,acct_enterprise_8359,NET30_WINDOW_EXPIRED,3,0.5,Summary for acct_enterprise_8359,8,2,0.25,overdue_receivables,0,0.0202,REMINDER,APPROVED: standard_intervention,REMINDER,FAILED,0.0,"Evaluated event for customer acct_enterprise_8359. Amount ₹353,982.09 with recovery probability 77.9%. Action REMINDER executed."
evt_ove_RE_PE_86bb57,overdue_invoice,2026-08-24T11:00:00Z,1242904.66,acct_enterprise_6047,NET30_WINDOW_EXPIRED,4,6.2,Summary for acct_enterprise_6047,7,1,0.1429,overdue_receivables,0,0.2082,REMINDER,APPROVED: standard_intervention,REMINDER,PENDING,0.0,"Evaluated event for customer acct_enterprise_6047. Amount ₹1,242,904.66 with recovery probability 84.0%. Action REMINDER executed."
evt_ove_RE_PE_b901a0,overdue_invoice,2026-08-24T11:00:00Z,177929.83,acct_enterprise_1894,NET30_WINDOW_EXPIRED,1,3.1,Summary for acct_enterprise_1894,23,11,0.4783,overdue_receivables,0,0.407,REMINDER,APPROVED: standard_intervention,REMINDER,PENDING,0.0,"Evaluated event for customer acct_enterprise_1894. Amount ₹177,929.83 with recovery probability 53.4%. Action REMINDER executed."
evt_ove_RE_PE_68c041,overdue_invoice,2026-08-24T11:00:00Z,171903.5,acct_enterprise_1640,ENTERPRISE_APPROVAL_DELAY,4,2.1,Summary for acct_enterprise_1640,21,17,0.8095,overdue_receivables,0,0.1265,REMINDER,APPROVED: standard_intervention,REMINDER,PENDING,0.0,"Evaluated event for customer acct_enterprise_1640. Amount ₹171,903.50 with recovery probability 76.3%. Action REMINDER executed."
evt_ove_RE_PE_47c5ac,overdue_invoice,2026-08-24T11:00:00Z,955520.18,acct_enterprise_7329,ENTERPRISE_APPROVAL_DELAY,2,6.1,Summary for acct_enterprise_7329,15,10,0.6667,overdue_receivables,0,0.1511,REMINDER,APPROVED: standard_intervention,REMINDER,PENDING,0.0,"Evaluated event for customer acct_enterprise_7329. Amount ₹955,520.18 with recovery probability 84.8%. Action REMINDER executed."
evt_ove_RE_PE_195ee9,overdue_invoice,2026-08-24T11:00:00Z,485131.06,acct_enterprise_4106,PAYMENT_TERMS_EXCEEDED,1,0.8,Summary for acct_enterprise_4106,10,7,0.7,overdue_receivables,0,0.0884,REMINDER,APPROVED: standard_intervention,REMINDER,PENDING,0.0,"Evaluated event for customer acct_enterprise_4106. Amount ₹485,131.06 with recovery probability 47.1%. Action REMINDER executed."
evt_ove_ST_NO_1913c9,overdue_invoice,2026-08-24T11:00:00Z,618762.07,acct_enterprise_6391,INVOICE_31_DAYS_OVERDUE,3,4.3,Summary for acct_enterprise_6391,3,3,1.0,overdue_receivables,0,0.7496,STOP,BLOCKED: rule_1_stop_low_probability,STOP,NO_ACTION,0.0,"Evaluated event for customer acct_enterprise_6391. Amount ₹618,762.07 with recovery probability 20.4%. Action STOP executed."
evt_ove_ST_NO_e0324f,overdue_invoice,2026-08-24T11:00:00Z,167290.22,acct_enterprise_6295,ENTERPRISE_APPROVAL_DELAY,1,4.4,Summary for acct_enterprise_6295,6,6,1.0,overdue_receivables,0,0.2621,STOP,BLOCKED: rule_1_stop_low_probability,STOP,NO_ACTION,0.0,"Evaluated event for customer acct_enterprise_6295. Amount ₹167,290.22 with recovery probability 14.7%. Action STOP executed."
evt_ove_ST_NO_85dd8e,overdue_invoice,2026-08-24T11:00:00Z,221597.05,acct_enterprise_3244,PAYMENT_TERMS_EXCEEDED,3,6.7,Summary for acct_enterprise_3244,4,2,0.5,overdue_receivables,0,0.7193,STOP,BLOCKED: rule_1_stop_low_probability,STOP,NO_ACTION,0.0,"Evaluated event for customer acct_enterprise_3244. Amount ₹221,597.05 with recovery probability 6.2%. Action STOP executed."
evt_ove_ST_NO_f27c9e,overdue_invoice,2026-08-24T11:00:00Z,1208834.79,acct_enterprise_9281,NET30_WINDOW_EXPIRED,1,6.6,Summary for acct_enterprise_9281,10,9,0.9,overdue_receivables,0,0.6177,STOP,BLOCKED: rule_1_stop_low_probability,STOP,NO_ACTION,0.0,"Evaluated event for customer acct_enterprise_9281. Amount ₹1,208,834.79 with recovery probability 15.8%. Action STOP executed."
evt_ove_ST_NO_248101,overdue_invoice,2026-08-24T11:00:00Z,758439.67,acct_enterprise_6269,NET30_WINDOW_EXPIRED,3,7.0,Summary for acct_enterprise_6269,13,4,0.3077,overdue_receivables,0,0.1973,STOP,BLOCKED: rule_1_stop_low_probability,STOP,NO_ACTION,0.0,"Evaluated event for customer acct_enterprise_6269. Amount ₹758,439.67 with recovery probability 21.4%. Action STOP executed."
evt_ove_ES_SU_c96796,overdue_invoice,2026-08-24T11:00:00Z,903158.09,acct_enterprise_7656,NET30_WINDOW_EXPIRED,4,5.2,Summary for acct_enterprise_7656,13,4,0.3077,overdue_receivables,1,0.0328,ESCALATE,APPROVED: high_value_recovery,ESCALATE,SUCCESS,833095.53,"Evaluated event for customer acct_enterprise_7656. Amount ₹903,158.09 with recovery probability 40.8%. Action ESCALATE executed."
evt_ove_ES_SU_fa5f8c,overdue_invoice,2026-08-24T11:00:00Z,1190037.24,acct_enterprise_9700,PAYMENT_TERMS_EXCEEDED,2,4.3,Summary for acct_enterprise_9700,10,4,0.4,overdue_receivables,1,0.0478,ESCALATE,APPROVED: high_value_recovery,ESCALATE,SUCCESS,1131219.34,"Evaluated event for customer acct_enterprise_9700. Amount ₹1,190,037.24 with recovery probability 41.3%. Action ESCALATE executed."
evt_ove_ES_SU_eb29a6,overdue_invoice,2026-08-24T11:00:00Z,1138521.92,acct_enterprise_2823,INVOICE_31_DAYS_OVERDUE,4,3.7,Summary for acct_enterprise_2823,23,10,0.4348,overdue_receivables,1,0.259,ESCALATE,APPROVED: high_value_recovery,ESCALATE,SUCCESS,1079114.81,"Evaluated event for customer acct_enterprise_2823. Amount ₹1,138,521.92 with recovery probability 47.1%. Action ESCALATE executed."
evt_ove_ES_SU_3dcf04,overdue_invoice,2026-08-24T11:00:00Z,915425.94,acct_enterprise_7601,ENTERPRISE_APPROVAL_DELAY,3,6.7,Summary for acct_enterprise_7601,4,2,0.5,overdue_receivables,1,0.0648,ESCALATE,APPROVED: high_value_recovery,ESCALATE,SUCCESS,882968.64,"Evaluated event for customer acct_enterprise_7601. Amount ₹915,425.94 with recovery probability 45.1%. Action ESCALATE executed."
evt_ove_ES_SU_95c3fa,overdue_invoice,2026-08-24T11:00:00Z,323721.48,acct_enterprise_6097,INVOICE_31_DAYS_OVERDUE,1,2.8,Summary for acct_enterprise_6097,3,3,1.0,overdue_receivables,1,0.0847,ESCALATE,APPROVED: high_value_recovery,ESCALATE,SUCCESS,298484.43,"Evaluated event for customer acct_enterprise_6097. Amount ₹323,721.48 with recovery probability 41.8%. Action ESCALATE executed."
evt_ove_ES_FA_db262e,overdue_invoice,2026-08-24T11:00:00Z,1175688.67,acct_enterprise_8324,PAYMENT_TERMS_EXCEEDED,2,6.7,Summary for acct_enterprise_8324,7,4,0.5714,overdue_receivables,0,0.3397,ESCALATE,APPROVED: standard_intervention,ESCALATE,FAILED,0.0,"Evaluated event for customer acct_enterprise_8324. Amount ₹1,175,688.67 with recovery probability 50.5%. Action ESCALATE executed."
evt_ove_ES_FA_c64041,overdue_invoice,2026-08-24T11:00:00Z,435246.55,acct_enterprise_8659,NET30_WINDOW_EXPIRED,1,6.5,Summary for acct_enterprise_8659,4,1,0.25,overdue_receivables,0,0.053,ESCALATE,APPROVED: standard_intervention,ESCALATE,FAILED,0.0,"Evaluated event for customer acct_enterprise_8659. Amount ₹435,246.55 with recovery probability 46.4%. Action ESCALATE executed."
evt_ove_ES_FA_eff684,overdue_invoice,2026-08-24T11:00:00Z,154857.11,acct_enterprise_2453,INVOICE_31_DAYS_OVERDUE,4,1.2,Summary for acct_enterprise_2453,20,16,0.8,overdue_receivables,0,0.3303,ESCALATE,APPROVED: standard_intervention,ESCALATE,FAILED,0.0,"Evaluated event for customer acct_enterprise_2453. Amount ₹154,857.11 with recovery probability 70.8%. Action ESCALATE executed."
evt_ove_ES_FA_3b430f,overdue_invoice,2026-08-24T11:00:00Z,529278.61,acct_enterprise_8620,ENTERPRISE_APPROVAL_DELAY,2,6.5,Summary for acct_enterprise_8620,19,11,0.5789,overdue_receivables,0,0.0142,ESCALATE,APPROVED: standard_intervention,ESCALATE,FAILED,0.0,"Evaluated event for customer acct_enterprise_8620. Amount ₹529,278.61 with recovery probability 60.1%. Action ESCALATE executed."
evt_ove_ES_FA_c8f6e0,overdue_invoice,2026-08-24T11:00:00Z,117257.89,acct_enterprise_4929,INVOICE_31_DAYS_OVERDUE,2,5.3,Summary for acct_enterprise_4929,16,1,0.0625,overdue_receivables,0,0.0151,ESCALATE,APPROVED: standard_intervention,ESCALATE,FAILED,0.0,"Evaluated event for customer acct_enterprise_4929. Amount ₹117,257.89 with recovery probability 37.0%. Action ESCALATE executed."
evt_ove_ES_PE_71f403,overdue_invoice,2026-08-24T11:00:00Z,450632.47,acct_enterprise_1247,NET30_WINDOW_EXPIRED,1,6.9,Summary for acct_enterprise_1247,21,8,0.381,overdue_receivables,0,0.0436,ESCALATE,APPROVED: standard_intervention,ESCALATE,PENDING,0.0,"Evaluated event for customer acct_enterprise_1247. Amount ₹450,632.47 with recovery probability 66.7%. Action ESCALATE executed."
evt_ove_ES_PE_0c1634,overdue_invoice,2026-08-24T11:00:00Z,418317.02,acct_enterprise_9466,ENTERPRISE_APPROVAL_DELAY,1,1.5,Summary for acct_enterprise_9466,24,5,0.2083,overdue_receivables,0,0.0696,ESCALATE,APPROVED: standard_intervention,ESCALATE,PENDING,0.0,"Evaluated event for customer acct_enterprise_9466. Amount ₹418,317.02 with recovery probability 70.8%. Action ESCALATE executed."
evt_ove_ES_PE_72831d,overdue_invoice,2026-08-24T11:00:00Z,824141.92,acct_enterprise_2351,NET30_WINDOW_EXPIRED,3,0.7,Summary for acct_enterprise_2351,20,4,0.2,overdue_receivables,0,0.1692,ESCALATE,APPROVED: standard_intervention,ESCALATE,PENDING,0.0,"Evaluated event for customer acct_enterprise_2351. Amount ₹824,141.92 with recovery probability 65.3%. Action ESCALATE executed."
evt_ove_ES_PE_118534,overdue_invoice,2026-08-24T11:00:00Z,902286.11,acct_enterprise_9701,ENTERPRISE_APPROVAL_DELAY,1,4.0,Summary for acct_enterprise_9701,22,17,0.7727,overdue_receivables,0,0.3771,ESCALATE,APPROVED: standard_intervention,ESCALATE,PENDING,0.0,"Evaluated event for customer acct_enterprise_9701. Amount ₹902,286.11 with recovery probability 44.9%. Action ESCALATE executed."
evt_ove_ES_PE_fac298,overdue_invoice,2026-08-24T11:00:00Z,891537.16,acct_enterprise_6592,PAYMENT_TERMS_EXCEEDED,3,3.6,Summary for acct_enterprise_6592,7,1,0.1429,overdue_receivables,0,0.5808,ESCALATE,APPROVED: standard_intervention,ESCALATE,PENDING,0.0,"Evaluated event for customer acct_enterprise_6592. Amount ₹891,537.16 with recovery probability 50.3%. Action ESCALATE executed."
evt_ove_ST_NO_aaf86f,overdue_invoice,2026-08-24T11:00:00Z,1195762.25,acct_enterprise_9255,NET30_WINDOW_EXPIRED,3,6.8,Summary for acct_enterprise_9255,20,1,0.05,overdue_receivables,0,0.0272,STOP,BLOCKED: rule_1_stop_low_probability,STOP,NO_ACTION,0.0,"Evaluated event for customer acct_enterprise_9255. Amount ₹1,195,762.25 with recovery probability 20.8%. Action STOP executed."
evt_ove_ST_NO_95454b,overdue_invoice,2026-08-24T11:00:00Z,607752.09,acct_enterprise_7879,INVOICE_31_DAYS_OVERDUE,1,5.2,Summary for acct_enterprise_7879,14,9,0.6429,overdue_receivables,0,0.0548,STOP,BLOCKED: rule_1_stop_low_probability,STOP,NO_ACTION,0.0,"Evaluated event for customer acct_enterprise_7879. Amount ₹607,752.09 with recovery probability 10.6%. Action STOP executed."
evt_ove_ST_NO_8adf6f,overdue_invoice,2026-08-24T11:00:00Z,752324.96,acct_enterprise_5340,ENTERPRISE_APPROVAL_DELAY,3,0.5,Summary for acct_enterprise_5340,19,5,0.2632,overdue_receivables,0,0.0181,STOP,BLOCKED: rule_1_stop_low_probability,STOP,NO_ACTION,0.0,"Evaluated event for customer acct_enterprise_5340. Amount ₹752,324.96 with recovery probability 5.1%. Action STOP executed."
evt_ove_ST_NO_3169b1,overdue_invoice,2026-08-24T11:00:00Z,1071195.3,acct_enterprise_8524,INVOICE_31_DAYS_OVERDUE,1,1.0,Summary for acct_enterprise_8524,24,7,0.2917,overdue_receivables,0,0.147,STOP,BLOCKED: rule_1_stop_low_probability,STOP,NO_ACTION,0.0,"Evaluated event for customer acct_enterprise_8524. Amount ₹1,071,195.30 with recovery probability 7.6%. Action STOP executed."
evt_ove_ST_NO_5fd169,overdue_invoice,2026-08-24T11:00:00Z,653928.48,acct_enterprise_2007,PAYMENT_TERMS_EXCEEDED,3,6.1,Summary for acct_enterprise_2007,16,15,0.9375,overdue_receivables,0,0.5218,STOP,BLOCKED: rule_1_stop_low_probability,STOP,NO_ACTION,0.0,"Evaluated event for customer acct_enterprise_2007. Amount ₹653,928.48 with recovery probability 6.3%. Action STOP executed."
evt_ove_ST_NO_c50923,overdue_invoice,2026-08-24T11:00:00Z,835440.28,acct_enterprise_5118,INVOICE_31_DAYS_OVERDUE,2,3.2,Summary for acct_enterprise_5118,16,1,0.0625,overdue_receivables,0,0.1171,STOP,BLOCKED: rule_1_stop_low_probability,STOP,NO_ACTION,0.0,"Evaluated event for customer acct_enterprise_5118. Amount ₹835,440.28 with recovery probability 17.2%. Action STOP executed."
evt_ove_ST_NO_9e8729,overdue_invoice,2026-08-24T11:00:00Z,474932.04,acct_enterprise_5295,PAYMENT_TERMS_EXCEEDED,3,2.7,Summary for acct_enterprise_5295,25,23,0.92,overdue_receivables,0,0.1964,STOP,BLOCKED: rule_1_stop_low_probability,STOP,NO_ACTION,0.0,"Evaluated event for customer acct_enterprise_5295. Amount ₹474,932.04 with recovery probability 13.2%. Action STOP executed."
evt_ove_ST_NO_d06108,overdue_invoice,2026-08-24T11:00:00Z,387344.45,acct_enterprise_7446,PAYMENT_TERMS_EXCEEDED,1,0.2,Summary for acct_enterprise_7446,20,19,0.95,overdue_receivables,0,0.0385,STOP,BLOCKED: rule_1_stop_low_probability,STOP,NO_ACTION,0.0,"Evaluated event for customer acct_enterprise_7446. Amount ₹387,344.45 with recovery probability 15.9%. Action STOP executed."
evt_ove_ST_NO_3e09a7,overdue_invoice,2026-08-24T11:00:00Z,580388.55,acct_enterprise_8496,PAYMENT_TERMS_EXCEEDED,3,5.2,Summary for acct_enterprise_8496,16,4,0.25,overdue_receivables,0,0.0653,STOP,BLOCKED: rule_1_stop_low_probability,STOP,NO_ACTION,0.0,"Evaluated event for customer acct_enterprise_8496. Amount ₹580,388.55 with recovery probability 12.8%. Action STOP executed."
evt_ove_ST_NO_b22080,overdue_invoice,2026-08-24T11:00:00Z,1186842.15,acct_enterprise_1236,NET30_WINDOW_EXPIRED,4,1.2,Summary for acct_enterprise_1236,25,3,0.12,overdue_receivables,0,0.0693,STOP,BLOCKED: rule_1_stop_low_probability,STOP,NO_ACTION,0.0,"Evaluated event for customer acct_enterprise_1236. Amount ₹1,186,842.15 with recovery probability 16.4%. Action STOP executed."
evt_ove_ST_NO_f4f783,overdue_invoice,2026-08-24T11:00:00Z,1045401.12,acct_enterprise_3985,INVOICE_31_DAYS_OVERDUE,2,4.4,Summary for acct_enterprise_3985,23,23,1.0,overdue_receivables,0,0.031,STOP,BLOCKED: rule_1_stop_low_probability,STOP,NO_ACTION,0.0,"Evaluated event for customer acct_enterprise_3985. Amount ₹1,045,401.12 with recovery probability 20.8%. Action STOP executed."
evt_ove_ST_NO_63e717,overdue_invoice,2026-08-24T11:00:00Z,1184658.99,acct_enterprise_4692,PAYMENT_TERMS_EXCEEDED,4,0.5,Summary for acct_enterprise_4692,12,9,0.75,overdue_receivables,0,0.1099,STOP,BLOCKED: rule_1_stop_low_probability,STOP,NO_ACTION,0.0,"Evaluated event for customer acct_enterprise_4692. Amount ₹1,184,658.99 with recovery probability 5.8%. Action STOP executed."
evt_ove_ST_NO_9d8d1c,overdue_invoice,2026-08-24T11:00:00Z,754689.81,acct_enterprise_6819,PAYMENT_TERMS_EXCEEDED,4,2.3,Summary for acct_enterprise_6819,19,13,0.6842,overdue_receivables,0,0.3104,STOP,BLOCKED: rule_1_stop_low_probability,STOP,NO_ACTION,0.0,"Evaluated event for customer acct_enterprise_6819. Amount ₹754,689.81 with recovery probability 8.9%. Action STOP executed."
evt_ove_ST_NO_1908a9,overdue_invoice,2026-08-24T11:00:00Z,822336.75,acct_enterprise_4083,PAYMENT_TERMS_EXCEEDED,4,5.0,Summary for acct_enterprise_4083,7,3,0.4286,overdue_receivables,0,0.3747,STOP,BLOCKED: rule_1_stop_low_probability,STOP,NO_ACTION,0.0,"Evaluated event for customer acct_enterprise_4083. Amount ₹822,336.75 with recovery probability 11.1%. Action STOP executed."
evt_ove_ST_NO_6cd1ed,overdue_invoice,2026-08-24T11:00:00Z,1223920.92,acct_enterprise_4083,PAYMENT_TERMS_EXCEEDED,3,3.9,Summary for acct_enterprise_4083,25,16,0.64,overdue_receivables,0,0.3059,STOP,BLOCKED: rule_1_stop_low_probability,STOP,NO_ACTION,0.0,"Evaluated event for customer acct_enterprise_4083. Amount ₹1,223,920.92 with recovery probability 10.9%. Action STOP executed."
evt_ove_ST_NO_4b3b4c,overdue_invoice,2026-08-24T11:00:00Z,429034.75,acct_enterprise_4353,ENTERPRISE_APPROVAL_DELAY,2,1.8,Summary for acct_enterprise_4353,19,2,0.1053,overdue_receivables,0,0.015,STOP,BLOCKED: rule_1_stop_low_probability,STOP,NO_ACTION,0.0,"Evaluated event for customer acct_enterprise_4353. Amount ₹429,034.75 with recovery probability 15.8%. Action STOP executed."
evt_ove_ST_NO_069bff,overdue_invoice,2026-08-24T11:00:00Z,376141.02,acct_enterprise_8204,NET30_WINDOW_EXPIRED,4,4.2,Summary for acct_enterprise_8204,15,6,0.4,overdue_receivables,0,0.0468,STOP,BLOCKED: rule_1_stop_low_probability,STOP,NO_ACTION,0.0,"Evaluated event for customer acct_enterprise_8204. Amount ₹376,141.02 with recovery probability 9.4%. Action STOP executed."
evt_ove_ST_NO_97db04,overdue_invoice,2026-08-24T11:00:00Z,1153286.52,acct_enterprise_3717,NET30_WINDOW_EXPIRED,4,5.8,Summary for acct_enterprise_3717,19,7,0.3684,overdue_receivables,0,0.2659,STOP,BLOCKED: rule_1_stop_low_probability,STOP,NO_ACTION,0.0,"Evaluated event for customer acct_enterprise_3717. Amount ₹1,153,286.52 with recovery probability 16.4%. Action STOP executed."
evt_ove_ST_NO_5eecee,overdue_invoice,2026-08-24T11:00:00Z,824074.58,acct_enterprise_2834,INVOICE_31_DAYS_OVERDUE,2,0.6,Summary for acct_enterprise_2834,24,10,0.4167,overdue_receivables,0,0.3416,STOP,BLOCKED: rule_1_stop_low_probability,STOP,NO_ACTION,0.0,"Evaluated event for customer acct_enterprise_2834. Amount ₹824,074.58 with recovery probability 17.8%. Action STOP executed."
evt_ove_ST_NO_39909f,overdue_invoice,2026-08-24T11:00:00Z,711339.62,acct_enterprise_7669,NET30_WINDOW_EXPIRED,2,3.2,Summary for acct_enterprise_7669,10,4,0.4,overdue_receivables,0,0.257,STOP,BLOCKED: rule_1_stop_low_probability,STOP,NO_ACTION,0.0,"Evaluated event for customer acct_enterprise_7669. Amount ₹711,339.62 with recovery probability 15.6%. Action STOP executed."
evt_ove_ST_NO_16e42a,overdue_invoice,2026-08-24T11:00:00Z,1144545.91,acct_enterprise_2496,NET30_WINDOW_EXPIRED,3,2.8,Summary for acct_enterprise_2496,5,2,0.4,overdue_receivables,0,0.1134,STOP,BLOCKED: rule_1_stop_low_probability,STOP,NO_ACTION,0.0,"Evaluated event for customer acct_enterprise_2496. Amount ₹1,144,545.91 with recovery probability 21.4%. Action STOP executed."
evt_ove_ST_NO_078d0e,overdue_invoice,2026-08-24T11:00:00Z,414681.07,acct_enterprise_9214,PAYMENT_TERMS_EXCEEDED,3,6.3,Summary for acct_enterprise_9214,20,1,0.05,overdue_receivables,0,0.0172,STOP,BLOCKED: rule_1_stop_low_probability,STOP,NO_ACTION,0.0,"Evaluated event for customer acct_enterprise_9214. Amount ₹414,681.07 with recovery probability 10.0%. Action STOP executed."
evt_ove_ST_NO_cee49f,overdue_invoice,2026-08-24T11:00:00Z,1131240.75,acct_enterprise_2264,ENTERPRISE_APPROVAL_DELAY,2,1.5,Summary for acct_enterprise_2264,16,2,0.125,overdue_receivables,0,0.058,STOP,BLOCKED: rule_1_stop_low_probability,STOP,NO_ACTION,0.0,"Evaluated event for customer acct_enterprise_2264. Amount ₹1,131,240.75 with recovery probability 7.3%. Action STOP executed."
evt_ove_ST_NO_9a8e78,overdue_invoice,2026-08-24T11:00:00Z,1080902.95,acct_enterprise_1482,PAYMENT_TERMS_EXCEEDED,1,0.1,Summary for acct_enterprise_1482,16,12,0.75,overdue_receivables,0,0.1038,STOP,BLOCKED: rule_1_stop_low_probability,STOP,NO_ACTION,0.0,"Evaluated event for customer acct_enterprise_1482. Amount ₹1,080,902.95 with recovery probability 16.6%. Action STOP executed."
evt_ove_ST_NO_f36a22,overdue_invoice,2026-08-24T11:00:00Z,1036010.58,acct_enterprise_5226,NET30_WINDOW_EXPIRED,3,6.1,Summary for acct_enterprise_5226,20,7,0.35,overdue_receivables,0,0.0713,STOP,BLOCKED: rule_1_stop_low_probability,STOP,NO_ACTION,0.0,"Evaluated event for customer acct_enterprise_5226. Amount ₹1,036,010.58 with recovery probability 5.1%. Action STOP executed."
evt_rzp_pay_live_test_001,payment_failure,2026-08-24T00:31:54Z,245033.0,cust_high_v_4586,GATEWAY_TIMEOUT,1,0.1,Live webhook customer cust_high_v_4586,10,9,0.9,transient_high_value,0,0.1531,PAYMENT_LINK,APPROVED: policy_check_passed,PAYMENT_LINK,PENDING,0.0,"Webhook payment.failed ingested for cust_high_v_4586. Amount ₹245,033.00 INR scored with 97.8% recovery probability. Recommended: PAYMENT_LINK, Final Action: PAYMENT_LINK (APPROVED: policy_check_passed)."
evt_rzp_pay_sim_591789,payment_failure,2026-08-24T00:36:52Z,8000.0,cust_norm_8k,GATEWAY_TIMEOUT,1,0.1,Live webhook customer cust_norm_8k,10,9,0.9,transient_high_value,0,0.1546,REMINDER,APPROVED: policy_v2_2026,REMINDER,READY,0.0,"Webhook payment.failed ingested for cust_norm_8k. Amount ₹8,000.00 INR scored with 44.5% recovery probability. Recommended: REMINDER, Final Action: REMINDER (APPROVED: policy_v2_2026)."
evt_rzp_pay_sim_112641,payment_failure,2026-08-24T00:36:52Z,245000.0,cust_high_245k,GATEWAY_TIMEOUT,1,0.1,Live webhook customer cust_high_245k,10,9,0.9,transient_high_value,0,0.1531,PAYMENT_LINK,AUTHORIZED: human_approved,PAYMENT_LINK,READY,0.0,"Webhook payment.failed ingested for cust_high_245k. Amount ₹245,000.00 INR scored with 94.2% recovery probability. Recommended: PAYMENT_LINK, Final Action: PAYMENT_LINK (APPROVAL_REQUIRED: amount_above_threshold (appr_6e104df9e0))."
evt_rzp_pay_sim_930072,payment_failure,2026-08-24T00:36:52Z,15000.0,cust_paused_15k,GATEWAY_TIMEOUT,1,0.1,Live webhook customer cust_paused_15k,10,9,0.9,transient_high_value,0,0.0863,RETRY,BLOCKED: GLOBAL_AUTOMATION_PAUSED,STOP,NO_ACTION,0.0,"Webhook payment.failed ingested for cust_paused_15k. Amount ₹15,000.00 INR scored with 88.1% recovery probability. Recommended: RETRY, Final Action: STOP (BLOCKED: GLOBAL_AUTOMATION_PAUSED)."
evt_rzp_pay_valid_8821,payment_failure,2026-08-24T07:02:55.095130Z,15000.0,cust_valid_101,GATEWAY_TIMEOUT,1,0.1,Live webhook customer cust_valid_101,10,9,0.9,transient_high_value,0,0.1531,RETRY,BLOCKED: COOLDOWN_ACTIVE,STOP,NO_ACTION,0.0,"Webhook payment.failed ingested for cust_valid_101. Amount ₹15,000.00 INR scored with 79.3% recovery probability. Recommended: RETRY, Final Action: STOP (BLOCKED: COOLDOWN_ACTIVE)."
evt_rzp_pay_sim_85000,payment_failure,2026-08-24T01:32:55Z,85000.0,cust_sim_7721,GATEWAY_TIMEOUT,1,0.1,Live webhook customer cust_sim_7721,10,9,0.9,transient_high_value,0,0.2136,PAYMENT_LINK,APPROVED: policy_v2_2026,PAYMENT_LINK,READY,0.0,"Webhook payment.failed ingested for cust_sim_7721. Amount ₹85,000.00 INR scored with 85.2% recovery probability. Recommended: PAYMENT_LINK, Final Action: PAYMENT_LINK (APPROVED: policy_v2_2026)."
evt_rzp_pay_dedup_1001,payment_failure,2026-08-25T11:00:00Z,12500.0,cust_dedup_user,GATEWAY_TIMEOUT,1,0.1,Live webhook customer cust_dedup_user,10,9,0.9,transient_high_value,0,0.1722,REMINDER,APPROVED: policy_v2_2026,REMINDER,READY,0.0,"Webhook payment.failed ingested for cust_dedup_user. Amount ₹12,500.00 INR scored with 36.9% recovery probability. Recommended: REMINDER, Final Action: REMINDER (APPROVED: policy_v2_2026)."
evt_rzp_pay_fail_103,payment_failure,2026-08-25T11:00:00Z,14000.0,cust_retry_fail,GATEWAY_TIMEOUT,1,0.1,Live webhook customer cust_retry_fail,10,9,0.9,transient_high_value,0,0.0777,REMINDER,APPROVED: policy_v2_2026,REMINDER,READY,0.0,"Webhook payment.failed ingested for cust_retry_fail. Amount ₹14,000.00 INR scored with 56.1% recovery probability. Recommended: REMINDER, Final Action: REMINDER (APPROVED: policy_v2_2026)."
evt_rzp_pay_dedup_bc40c1,payment_failure,2026-08-25T11:00:00Z,12500.0,cust_bc40c1,GATEWAY_TIMEOUT,1,0.1,Live webhook customer cust_bc40c1,10,9,0.9,transient_high_value,0,0.1364,REMINDER,APPROVED: policy_v2_2026,REMINDER,FAILED,0.0,"Webhook payment.failed ingested for cust_bc40c1. Amount ₹12,500.00 INR scored with 78.8% recovery probability. Recommended: REMINDER, Final Action: REMINDER (APPROVED: policy_v2_2026)."
evt_rzp_pay_timeout_44b752,payment_failure,2026-08-25T11:00:00Z,25000.0,cust_44b752,GATEWAY_TIMEOUT,1,0.1,Live webhook customer cust_44b752,10,9,0.9,transient_high_value,1,0.0208,RETRY,BLOCKED: COOLDOWN_ACTIVE,STOP,SUCCESS,25000.0,"Webhook payment.failed ingested for cust_44b752. Amount ₹25,000.00 INR scored with 67.9% recovery probability. Recommended: RETRY, Final Action: STOP (BLOCKED: COOLDOWN_ACTIVE). [Ambiguous network timeout - provider state check required]"
evt_rzp_pay_fail_f6ad6b,payment_failure,2026-08-25T11:00:00Z,14000.0,cust_f6ad6b,GATEWAY_TIMEOUT,2,0.1,Live webhook customer cust_f6ad6b,10,9,0.9,transient_high_value,0,0.3089,REMINDER,APPROVED: policy_v2_2026,REMINDER,FAILED,0.0,"Webhook payment.failed ingested for cust_f6ad6b. Amount ₹14,000.00 INR scored with 42.9% recovery probability. Recommended: REMINDER, Final Action: REMINDER (APPROVED: policy_v2_2026)."
evt_rzp_pay_dedup_eaf0af,payment_failure,2026-08-25T11:00:00Z,12500.0,cust_eaf0af,GATEWAY_TIMEOUT,1,0.1,Live webhook customer cust_eaf0af,10,9,0.9,transient_high_value,0,0.0539,REMINDER,APPROVED: policy_v2_2026,REMINDER,FAILED,0.0,"Webhook payment.failed ingested for cust_eaf0af. Amount ₹12,500.00 INR scored with 60.8% recovery probability. Recommended: REMINDER, Final Action: REMINDER (APPROVED: policy_v2_2026)."
evt_rzp_pay_timeout_62c94f,payment_failure,2026-08-25T11:00:00Z,25000.0,cust_62c94f,GATEWAY_TIMEOUT,1,0.1,Live webhook customer cust_62c94f,10,9,0.9,transient_high_value,1,0.0208,RETRY,BLOCKED: COOLDOWN_ACTIVE,STOP,SUCCESS,25000.0,"Webhook payment.failed ingested for cust_62c94f. Amount ₹25,000.00 INR scored with 65.3% recovery probability. Recommended: RETRY, Final Action: STOP (BLOCKED: COOLDOWN_ACTIVE). [Ambiguous network timeout - provider state check required]"
evt_rzp_pay_fail_eb56a2,payment_failure,2026-08-25T11:00:00Z,14000.0,cust_eb56a2,GATEWAY_TIMEOUT,2,0.1,Live webhook customer cust_eb56a2,10,9,0.9,transient_high_value,0,0.3089,REMINDER,APPROVED: policy_v2_2026,REMINDER,FAILED,0.0,"Webhook payment.failed ingested for cust_eb56a2. Amount ₹14,000.00 INR scored with 52.0% recovery probability. Recommended: REMINDER, Final Action: REMINDER (APPROVED: policy_v2_2026)."
